#[center],[radii],[quat],[albedo],sigma
[-0.3956689238548279,0.06043219193816185,0.022367684170603752],[0.03284361958503723,0.0328516811132431,0.03302669897675514],[1.4950300283089746e-05,-9.988586498366203e-06,-1.0473244174136198e-06,1.0],[0.0,0.0,0.0],3.0820742722426075e-06
[-0.4721699655056,-0.04729843884706497,0.07638001441955566],[0.03299064561724663,0.032832905650138855,0.032108426094055176],[-5.914346911595203e-05,2.9493376132450067e-05,1.5786753237989615e-06,1.0],[0.0,0.0,0.0],1.1858268180731102e-06
[-0.31405216455459595,0.25618240237236023,0.07237102836370468],[0.03421986848115921,0.03423304483294487,0.03359364718198776],[0.0001242862781509757,4.8130492359632626e-05,5.136146137374453e-05,1.0],[0.0,0.0,0.0],4.1641022107796744e-05
[-0.4594216048717499,0.19726234674453735,-0.0754457414150238],[0.03327779844403267,0.033203814178705215,0.03303918242454529],[2.3228800273500383e-05,-3.300237949588336e-07,-2.951911483251024e-06,1.0],[0.0,0.0,0.0],8.337314648088068e-05
[-0.4989749789237976,0.5253317356109619,0.14120371639728546],[0.03296661004424095,0.03303538262844086,0.03309813141822815],[-1.0800656127685215e-05,9.244771348448921e-08,2.4833361749188043e-06,1.0],[0.0,0.0,0.0],2.9010534490225837e-06
[-0.3274522125720978,0.34200435876846313,-0.0161704383790493],[0.034805864095687866,0.034745607525110245,0.03474970534443855],[-1.0098352504428476e-05,3.923314216081053e-05,-0.00011426794662838802,1.0],[0.0,0.0,0.0],2.1376486984081566e-05
[-0.49773338437080383,0.5184521079063416,0.00031639254302717745],[0.032639581710100174,0.03294486179947853,0.033121392130851746],[-2.493176725693047e-05,-9.693469110061415e-06,4.5124415919417515e-06,1.0],[0.0,0.0,0.0],4.315427304391051e-06
[-0.3931961953639984,0.29060235619544983,-0.08574554324150085],[0.034467071294784546,0.03499484062194824,0.03448299318552017],[7.29089297237806e-05,-1.1138468835270032e-05,0.00012530549429357052,1.0],[0.0,0.0,0.0],5.8406735661264975e-06
[-0.28857478499412537,0.06435167789459229,0.037483084946870804],[0.03358253836631775,0.03389107808470726,0.03389151021838188],[-2.821496536853374e-06,-3.455660043982789e-05,0.0001488111593062058,1.0],[0.0,0.0,0.0],5.472607881529257e-06
[-0.19114641845226288,0.0876784697175026,-0.04507065936923027],[0.03396172076463699,0.03371722251176834,0.03355545923113823],[-1.2041198715451173e-05,-1.231858095707139e-05,-0.0002841183450073004,1.0],[0.0,0.0,0.0],8.254532076534815e-06
[-0.3007027506828308,0.1993514746427536,-0.14263278245925903],[0.033480457961559296,0.033371224999427795,0.033627528697252274],[-4.826442454941571e-05,-2.9149784950277535e-06,-1.5732601241325028e-05,1.0],[0.0,0.0,0.0],8.903988054953516e-05
[-0.12418025732040405,0.11003308743238449,-0.06476172059774399],[0.03383927047252655,0.03417180851101875,0.03456220403313637],[-0.00010026600648416206,1.640086884435732e-05,-3.3663287467788905e-05,1.0],[0.0,0.0,0.0],1.4383560483111069e-05
[-0.36066266894340515,0.37837979197502136,-0.14466573297977448],[0.03407195955514908,0.03426842764019966,0.03312131017446518],[5.800594590255059e-05,0.00021303576068021357,-4.121689562452957e-05,1.0],[0.0,0.0,0.0],3.430248762015253e-05
[-0.21347476541996002,0.21474188566207886,-0.24555501341819763],[0.03465792164206505,0.03469143807888031,0.03409724310040474],[7.471231947420165e-05,0.00010134624608326703,-6.525166827486828e-05,1.0],[0.0,0.0,0.0],0.00010333363024983555
[-0.3595290184020996,0.47526857256889343,-0.07989218086004257],[0.03343861550092697,0.03366973251104355,0.03352408483624458],[-3.5046780340053374e-06,-5.5590035117347725e-06,8.2109199865954e-06,1.0],[0.0,0.0,0.0],9.160231275018305e-05
[-0.402552992105484,0.5608548521995544,-0.00039678471512161195],[0.03364094719290733,0.03372756019234657,0.034061457961797714],[-8.43808229546994e-05,-1.273722227779217e-05,-2.302870234416332e-05,1.0],[0.0,0.0,0.0],8.626584531157278e-06
[-0.320077508687973,0.4510206878185272,0.04380466043949127],[0.03350011631846428,0.03409935534000397,0.03375980630517006],[2.689445136638824e-05,-3.652026498457417e-05,8.140280260704458e-05,1.0],[0.0,0.0,0.0],0.00010370463132858276
[-0.2501060962677002,0.7306378483772278,-0.12531816959381104],[0.034292738884687424,0.034177523106336594,0.034608662128448486],[-6.186444079503417e-05,1.6192987459362485e-05,-3.220575308660045e-05,1.0],[0.0,0.0,0.0],5.6423823480145074e-06
[-0.3996857702732086,0.536319375038147,-0.17103531956672668],[0.03510091453790665,0.034511152654886246,0.034702010452747345],[-0.00015226380492094904,3.2871164421521826e-06,-0.00014269996609073132,1.0],[0.0,0.0,0.0],8.334881567861885e-05
[-0.3692103326320648,0.6248078942298889,0.10038357228040695],[0.03333438187837601,0.03467351198196411,0.034549158066511154],[-8.093347423709929e-05,-1.893247099360451e-05,-0.0001216284726979211,1.0],[0.0,0.0,0.0],9.182586836686824e-06
[-0.43109947443008423,0.8731857538223267,-0.3227267563343048],[0.034237999469041824,0.034539248794317245,0.03431371971964836],[5.832954775542021e-05,5.1176775741623715e-06,4.9425401812186465e-05,1.0],[0.0,0.0,0.0],3.2790598197607324e-05
[-0.4369933605194092,0.9043084383010864,-0.270767480134964],[0.03223997354507446,0.0323653444647789,0.03226831555366516],[2.1338596525311004e-06,-1.0559611496319121e-07,1.540023845336691e-06,1.0],[0.0,0.0,0.0],2.4929457140387967e-05
[-0.37977108359336853,0.7093368172645569,-0.19097556173801422],[0.03314455226063728,0.03337542340159416,0.033005572855472565],[1.7345570086035877e-05,1.2984491149836686e-05,1.1668343177007046e-05,1.0],[0.0,0.0,0.0],3.880127678712597e-06
[-0.13324274122714996,0.5934149026870728,-0.028834667056798935],[0.034354064613580704,0.034724775701761246,0.0351124070584774],[-0.0004018424078822136,-8.870611054589972e-05,0.00010177061631111428,1.0],[0.0,0.0,0.0],8.802323463896755e-06
[-0.32044628262519836,0.6343026757240295,0.045923493802547455],[0.03471408411860466,0.034510448575019836,0.03507271781563759],[-0.000517280597705394,-3.757228114409372e-05,-9.013531962409616e-05,1.0],[0.0,0.0,0.0],1.309199319621257e-06
[-0.3136325478553772,0.6537400484085083,0.08219952881336212],[0.033556018024683,0.03371685743331909,0.033863503485918045],[-5.154081736691296e-05,1.1377270311641041e-05,6.366233719745651e-06,1.0],[0.0,0.0,0.0],2.5373474272782914e-05
[-0.3808937668800354,0.5796077847480774,-0.010627174749970436],[0.03386124595999718,0.03408709168434143,0.034125424921512604],[-7.40601808502106e-06,1.2134067901570234e-06,3.7344289012253284e-05,1.0],[0.0,0.0,0.0],7.999618901521899e-06
[-0.09719642251729965,-0.2316453605890274,0.16030916571617126],[0.033293746411800385,0.03303533419966698,0.03323037549853325],[-2.06259483093163e-05,-3.055537490581628e-06,2.5033521524164826e-05,1.0],[0.0,0.0,0.0],5.40676737728063e-05
[-0.12696418166160583,0.00529731810092926,0.06675916165113449],[0.03397752344608307,0.03408783674240112,0.034055810421705246],[-0.00012044065806549042,-6.618784391321242e-05,-3.669642683234997e-05,1.0],[0.0,0.0,0.0],8.359628554899246e-05
[-0.19531576335430145,-0.05989786610007286,-0.0025392184033989906],[0.034064482897520065,0.03402772173285484,0.03423590958118439],[-0.0001501436490798369,9.377109563502017e-06,-1.0526320693315938e-05,1.0],[0.0,0.0,0.0],2.7610569304670207e-05
[-0.10146559029817581,-0.07669670134782791,-0.05043797567486763],[0.03442772477865219,0.03371589258313179,0.03273069113492966],[0.00038451445288956165,-0.00018016174726653844,-0.00034237225190736353,1.0],[0.0,0.0,0.0],4.2518553527770564e-05
[-0.23465360701084137,0.1389942318201065,0.13662466406822205],[0.033391308039426804,0.03394968435168266,0.033205024898052216],[0.0004103044921066612,0.0001154011843027547,-2.4179726096917875e-05,1.0],[0.0,0.0,0.0],7.280289719346911e-05
[-0.18900072574615479,0.1321111023426056,0.2481904923915863],[0.03315741941332817,0.034264788031578064,0.032492008060216904],[5.9769452491309494e-05,-7.225821900647134e-05,0.00022300991986412555,1.0],[0.0,0.0,0.0],7.067117985570803e-05
[-0.12583236396312714,-0.1035078689455986,-0.02040061540901661],[0.03357917070388794,0.0335380882024765,0.03392411395907402],[0.0001515258481958881,-0.00016356672858819366,0.0001927938574226573,1.0],[0.0,0.0,0.0],9.665217476140242e-06
[-0.2156006544828415,0.23724649846553802,-0.14906243979930878],[0.0344453789293766,0.03466362506151199,0.03478666767477989],[-0.00017707771621644497,-8.409508154727519e-05,1.516964130132692e-05,1.0],[0.0,0.0,0.0],7.956273475429043e-05
[-0.18293644487857819,0.16792833805084229,0.06433725357055664],[0.03210753947496414,0.034624096006155014,0.03457384556531906],[-0.00015637090837117285,0.0003096509608440101,0.001117669977247715,1.0000007152557373],[0.0,0.0,0.0],3.1264986319001764e-05
[-0.07465244084596634,0.05139113590121269,-0.037322357296943665],[0.03480324521660805,0.034237805753946304,0.034715957939624786],[-0.00017741839110385627,-3.300765229141689e-06,1.6789686924312264e-05,1.0],[0.0,0.0,0.0],4.3444331822684035e-05
[-0.10925624519586563,0.10413742065429688,0.07344341278076172],[0.0337841734290123,0.033968593925237656,0.033829670399427414],[-3.2327625376638025e-05,-7.6282390182313975e-06,-4.506779805524275e-05,1.0],[0.0,0.0,0.0],8.297790918732062e-05
[-0.2883494794368744,0.20342549681663513,0.03339081630110741],[0.03361346945166588,0.03378566727042198,0.031920842826366425],[0.00021592726989183575,0.00015352592163253576,8.76266130944714e-06,1.0],[0.0,0.0,0.0],1.3712779036723077e-05
[-0.318449467420578,0.19486196339130402,-0.2515869438648224],[0.03065628558397293,0.033922769129276276,0.03346573933959007],[6.966741784708574e-05,0.00045010674512013793,3.1650986784370616e-05,1.0],[0.0,0.0,0.0],0.00010268588084727526
[-0.37984520196914673,0.30506110191345215,-0.03921108692884445],[0.03301260992884636,0.033389829099178314,0.033001091331243515],[-3.5677174309967086e-05,-1.8050827748083975e-06,2.3224210963235237e-05,1.0],[0.0,0.0,0.0],1.0005614058172796e-05
[-0.2663343548774719,0.207434743642807,0.0002909160393755883],[0.03284720331430435,0.03431420773267746,0.03277234733104706],[0.0003904852783307433,-6.421440048143268e-05,3.579962867661379e-05,1.0],[0.0,0.0,0.0],8.008890290511772e-05
[-0.3238651752471924,0.10932575911283493,-0.23645369708538055],[0.033906590193510056,0.034010935574769974,0.03447333723306656],[-0.0004045421665068716,-8.707748929737136e-05,-0.00045275731827132404,1.0],[0.0,0.0,0.0],1.0433081115479581e-05
[-0.1398969292640686,0.1539582461118698,-0.029092049226164818],[0.03351273015141487,0.03405670449137688,0.03432095795869827],[4.376697324914858e-05,6.170638516778126e-05,-8.119740232359618e-05,1.0],[0.0,0.0,0.0],4.237892881064909e-06
[-0.15479710698127747,0.22070710361003876,0.07406286895275116],[0.03393658623099327,0.03359261900186539,0.0341825932264328],[-0.00014769361587241292,-4.746217655338114e-06,-0.00017734646098688245,1.0],[0.0,0.0,0.0],8.789893763605505e-05
[-0.3040042519569397,0.47525304555892944,0.2640186548233032],[0.0342157743871212,0.03532740846276283,0.034166593104600906],[0.00016739733109716326,2.2616583009948954e-05,0.00010315544932382181,1.0],[0.0,0.0,0.0],7.36432730263914e-06
[-0.06249308958649635,0.250022828578949,-0.20124167203903198],[0.034087661653757095,0.03439270704984665,0.03441128134727478],[-6.314300844678655e-05,1.888934821181465e-05,-2.4365752324229106e-05,1.0],[0.0,0.0,0.0],0.00010583586117718369
[-0.1687309443950653,0.23156334459781647,-0.2868451774120331],[0.034285955131053925,0.034243933856487274,0.03370421379804611],[0.00012813907233066857,-5.3495921747526154e-05,-2.3822645744076e-05,1.0],[0.0,0.0,0.0],9.998422319767997e-05
[-0.165803462266922,0.15337958931922913,-0.11537598818540573],[0.0341140516102314,0.03427303582429886,0.03386601060628891],[4.228257239446975e-05,0.00018182040366809815,-8.71777519932948e-05,1.0],[0.0,0.0,0.0],0.00011116301902802661
[-0.32167184352874756,0.305484801530838,-0.22988846898078918],[0.033402372151613235,0.03452407568693161,0.033778633922338486],[0.00012577310553751886,-0.00018524256302043796,0.00014909100718796253,1.0],[0.0,0.0,0.0],2.7182210033060983e-05
[-0.23828698694705963,0.28156113624572754,0.05151357874274254],[0.03429548069834709,0.03388117626309395,0.0339682511985302],[-0.0003677107742987573,0.00014598510460928082,-0.0008052393095567822,1.0],[0.0,0.0,0.0],2.936560804300825e-06
[-0.2637103199958801,0.46249517798423767,0.12958908081054688],[0.035186149179935455,0.03527174890041351,0.035295650362968445],[-0.00012847184552811086,-1.328658299826202e-06,-0.00014151495997793972,1.0],[0.0,0.0,0.0],1.2531098036561161e-05
[-0.1713211089372635,0.22608254849910736,-0.3894551694393158],[0.03313793987035751,0.03461579605937004,0.03430505841970444],[8.935720688896254e-05,-0.00010034770821221173,0.00031832148670218885,1.0],[0.0,0.0,0.0],0.00010074795136461034
[-0.4235861301422119,0.4024699330329895,-0.09032987803220749],[0.0349552258849144,0.0339956134557724,0.034892186522483826],[-0.00014718121383339167,-8.148810593411326e-05,-0.0001550233573652804,1.0],[0.0,0.0,0.0],1.0200928045378532e-05
[-0.2047492265701294,0.5412421226501465,-0.10405661910772324],[0.03461639583110809,0.034982599318027496,0.03475154563784599],[-3.565489896573126e-05,-5.733048510592198e-06,3.241407284804154e-07,1.0],[0.0,0.0,0.0],8.385434921365231e-05
[-0.29985371232032776,0.27367252111434937,-0.08057504892349243],[0.03507395088672638,0.03549778833985329,0.03442881256341934],[0.0010886510135605931,1.6950685676420107e-05,0.00016596619389019907,1.0],[0.0,0.0,0.0],8.025866554817185e-05
[-0.20585642755031586,0.4715242087841034,0.0024799045640975237],[0.03492084518074989,0.03475693613290787,0.03450556844472885],[4.016378443338908e-05,0.00010717688564909622,-2.7058320483774878e-05,1.0],[0.0,0.0,0.0],9.16446588234976e-05
[-0.23724472522735596,0.6322429180145264,0.31341391801834106],[0.03420482203364372,0.03440270945429802,0.03447681665420532],[8.572007936891168e-05,1.86444722203305e-05,4.19468460677308e-06,1.0],[0.0,0.0,0.0],3.5447257687337697e-05
[-0.21170376241207123,0.5537159442901611,0.3613070845603943],[0.03361278027296066,0.03339941427111626,0.0333956703543663],[-4.987332886230433e-06,9.474781109020114e-06,-2.6427637749293353e-06,1.0],[0.0,0.0,0.0],4.3882009777007625e-05
[-0.32771140336990356,0.30368441343307495,0.38701331615448],[0.03464335948228836,0.03430410102009773,0.03431165590882301],[2.7423635401646607e-05,-1.4497160009341314e-05,8.426428394159302e-06,1.0],[0.0,0.0,0.0],8.311085548484698e-05
[-0.29334425926208496,0.39781683683395386,-0.1683504581451416],[0.03344479948282242,0.035041797906160355,0.034403566271066666],[4.175951471552253e-05,-0.00021728637511841953,0.00048761971993371844,1.0],[0.0,0.0,0.0],4.41280280938372e-05
[-0.2531760334968567,0.7476415038108826,-0.05327228084206581],[0.03443172201514244,0.034506723284721375,0.03544796258211136],[-0.00030334258917719126,4.907319453195669e-05,-3.942321927752346e-05,1.0],[0.0,0.0,0.0],4.69215156044811e-05
[-0.32582035660743713,0.3537396490573883,-0.14962424337863922],[0.034390345215797424,0.03476820886135101,0.0342278927564621],[-0.00012508737563621253,9.70818437053822e-05,-0.00022714609804097563,1.0],[0.0,0.0,0.0],4.2370884330011904e-05
[-0.26206597685813904,0.3810523748397827,0.07832242548465729],[0.034696683287620544,0.03554374352097511,0.035930097103118896],[-0.00027479042182676494,-0.0003296172944828868,0.0003195633471477777,1.0],[0.0,0.0,0.0],2.1012103388784453e-05
[-0.33542490005493164,0.4856652319431305,0.0878864973783493],[0.034665875136852264,0.034394435584545135,0.034514978528022766],[-9.690826118458062e-05,2.875247628253419e-05,-7.051244756439701e-05,1.0],[0.0,0.0,0.0],1.1759347216866445e-05
[-0.13559852540493011,0.5160062909126282,0.15259622037410736],[0.03392398729920387,0.03433132916688919,0.034052442759275436],[2.4873443180695176e-05,-7.0462178882735316e-06,4.0738646930549294e-05,1.0],[0.0,0.0,0.0],5.743238489230862e-06
[-0.3802635967731476,0.8937488198280334,-0.33870768547058105],[0.03402487188577652,0.034478116780519485,0.03482041507959366],[-7.377719884971157e-05,6.381098501151428e-05,3.546827065292746e-05,1.0],[0.0,0.0,0.0],3.0344630431500264e-05
[-0.22421026229858398,0.5777997374534607,-0.1761748194694519],[0.03525122255086899,0.034899961203336716,0.034196048974990845],[0.00013583427062258124,0.00030574583797715604,-0.00013866813969798386,1.0],[0.0,0.0,0.0],9.221453365171328e-05
[-0.13332094252109528,0.5766662359237671,-0.09319919347763062],[0.03349865972995758,0.03502402827143669,0.03451577201485634],[0.00024456914979964495,-0.00019037220044992864,0.0004627520393114537,1.0],[0.0,0.0,0.0],0.00010025708616012707
[-0.20769304037094116,0.7054151296615601,0.14896667003631592],[0.03472563996911049,0.03441445901989937,0.03501931577920914],[-0.0007080506184138358,-8.439009980065748e-05,-0.00022095724125392735,1.0],[0.0,0.0,0.0],5.3200506954453886e-05
[-0.17938444018363953,0.5341509580612183,0.18337388336658478],[0.03389107808470726,0.03415645286440849,0.03394700214266777],[6.061962267267518e-05,3.351007535457029e-06,4.350827293819748e-05,1.0],[0.0,0.0,0.0],3.926727003999986e-06
[-0.3370361328125,0.924874484539032,-0.32113194465637207],[0.033854760229587555,0.034488558769226074,0.03454050049185753],[-9.104523996938951e-06,6.873631355119869e-05,7.335686677834019e-05,1.0],[0.0,0.0,0.0],3.548849781509489e-05
[-0.3512876331806183,0.6895636916160583,-0.14972183108329773],[0.03471657261252403,0.03419726341962814,0.03407744690775871],[-1.4951050616218708e-05,-4.5292999857338145e-06,-8.893722406355664e-05,1.0],[0.0,0.0,0.0],9.572067028784659e-06
[-0.32207491993904114,0.8796035647392273,-0.13161833584308624],[0.032507989555597305,0.032521817833185196,0.03249885141849518],[-1.8123604661468562e-07,-1.2623797829292016e-07,1.1730484175132005e-06,1.0],[0.0,0.0,0.0],2.5590527002350427e-05
[-0.4299975633621216,0.7283363938331604,-0.04592062160372734],[0.03495818376541138,0.03433807194232941,0.03439648076891899],[-3.2693762932467507e-06,-5.878801312064752e-05,-6.420574936782941e-05,1.0],[0.0,0.0,0.0],3.0697327019879594e-05
[-0.13504263758659363,0.6244165897369385,0.0754498764872551],[0.03482602909207344,0.03458114340901375,0.03427110239863396],[7.831100811017677e-05,9.182297071674839e-05,-0.00010346341878175735,1.0],[0.0,0.0,0.0],1.3149864344086382e-06
[-0.24016067385673523,0.6936559081077576,0.12277805060148239],[0.035119879990816116,0.03447352722287178,0.03435203433036804],[7.27713413652964e-05,0.00027002787101082504,-0.0001670248166192323,1.0],[0.0,0.0,0.0],4.840021574636921e-05
[0.0016515637980774045,0.500680685043335,0.06635282933712006],[0.03386548161506653,0.03406667709350586,0.03413543105125427],[-6.794714863644913e-05,-2.972363836306613e-05,-1.4705447938467842e-05,1.0],[0.0,0.0,0.0],7.887771062087268e-05
[-0.10541307926177979,-0.46149367094039917,0.07791129499673843],[0.03290703892707825,0.03248629346489906,0.030970515683293343],[3.4726188459899276e-05,-4.98735171277076e-05,-6.464147008955479e-05,1.0],[0.0,0.0,0.0],3.1143490559770726e-06
[-0.19565357267856598,-0.46510547399520874,-0.23253513872623444],[0.03144189715385437,0.030601419508457184,0.0308417659252882],[-0.0002057352539850399,-7.403415656881407e-05,-2.00947470148094e-05,1.0],[0.0,0.0,0.0],1.784150185812905e-06
[-0.039992354810237885,-0.4446713924407959,-0.13539808988571167],[0.030515465885400772,0.03038823790848255,0.03258247673511505],[-5.081273002360831e-08,-8.180220902431756e-05,-0.00012349721509963274,1.0],[0.0,0.0,0.0],9.993644198402762e-05
[-0.18860013782978058,-0.2898203730583191,-0.12662437558174133],[0.029638513922691345,0.030910955742001534,0.02980584278702736],[0.0003709179873112589,0.0002468158199917525,0.00041069171857088804,1.0],[0.0,0.0,0.0],0.00013958192721474916
[-0.08147423714399338,-0.4535508453845978,-0.12029547244310379],[0.03288573771715164,0.0323585607111454,0.033179864287376404],[-0.00024278589989989996,8.99979131645523e-05,3.315015783300623e-05,1.0],[0.0,0.0,0.0],8.479840471409261e-05
[-0.1255347579717636,-0.17889322340488434,-0.1457735002040863],[0.03240911662578583,0.03222073242068291,0.03132496029138565],[4.3103234929731116e-05,-3.79536249965895e-05,3.2862935768207535e-05,1.0],[0.0,0.0,0.0],5.706210231437581e-06
[-0.08774041384458542,-0.29872560501098633,-0.035008084028959274],[0.032469093799591064,0.03332309052348137,0.03190473094582558],[0.0006426759646274149,2.301430140505545e-05,0.0002479189133737236,1.0],[0.0,0.0,0.0],8.755241287872195e-05
[-0.12156212329864502,-0.33626800775527954,-0.12529334425926208],[0.03254420682787895,0.03316333144903183,0.030969031155109406],[0.0007080905488692224,-0.00017005704285111278,4.677196920965798e-05,0.9999999403953552],[0.0,0.0,0.0],0.00010860001930268481
[-0.11868549883365631,-0.3128115236759186,-0.10770212858915329],[0.03213849663734436,0.03235575556755066,0.029503734782338142],[-0.0011481083929538727,0.000213305203942582,-7.161989924497902e-05,1.0000007152557373],[0.0,0.0,0.0],0.00010671465133782476
[-0.15076535940170288,-0.2743697464466095,-0.037701334804296494],[0.03258994221687317,0.03322683647274971,0.03335444629192352],[6.644098448305158e-06,0.0001788256486179307,2.557122024882119e-05,1.0],[0.0,0.0,0.0],4.506280311034061e-05
[-0.10183637589216232,-0.09442686289548874,-0.038590312004089355],[0.033881332725286484,0.03311712667346001,0.03381406143307686],[0.00018907284538727254,1.2465344298107084e-05,-0.00032156516681425273,1.0],[0.0,0.0,0.0],5.085108205094002e-05
[-0.04837809503078461,-0.2965252995491028,0.14438720047473907],[0.03294404596090317,0.03367127850651741,0.03286843001842499],[-4.179500592726981e-06,-3.1846291676629335e-05,9.544523891236167e-06,1.0],[0.0,0.0,0.0],6.302944530034438e-05
[-0.2367628961801529,0.0705050379037857,-0.24395249783992767],[0.033250920474529266,0.033915575593709946,0.033658210188150406],[1.584028905199375e-05,-1.9936198441428132e-05,0.0003350162005517632,1.0],[0.0,0.0,0.0],1.0739406206994317e-05
[-0.19556425511837006,-0.038116998970508575,0.061636608093976974],[0.03400229290127754,0.032786812633275986,0.03310069814324379],[-0.00037610233994200826,-0.00037660280941054225,-0.0012732301838696003,1.0000001192092896],[0.0,0.0,0.0],1.3167134056857321e-05
[-0.2668062150478363,0.06805950403213501,0.15135613083839417],[0.03466721996665001,0.034178078174591064,0.03443918004631996],[8.961738058133051e-05,-0.00032360811019316316,-0.0006741901743225753,1.0],[0.0,0.0,0.0],0.00018190352420788258
[-0.18469612300395966,0.04830184206366539,0.1330237239599228],[0.03382684290409088,0.032734084874391556,0.03196944296360016],[8.345003880094737e-05,-0.0002665048814378679,0.0002347131521673873,1.0],[0.0,0.0,0.0],6.220594514161348e-05
[-0.2878226935863495,0.038386210799217224,0.1155594140291214],[0.03292083740234375,0.032532498240470886,0.03281901031732559],[-0.00046765917795710266,0.0002712156856432557,-0.0014791982248425484,1.0000009536743164],[0.0,0.0,0.0],7.244217613333603e-06
[-0.1259993314743042,-0.06744583696126938,0.16284170746803284],[0.03166048228740692,0.03126798942685127,0.03343043848872185],[-0.0004105893603991717,-9.357618546346202e-05,-3.710158489411697e-05,1.0],[0.0,0.0,0.0],4.235891537973657e-05
[-0.24185724556446075,-0.01274082250893116,0.43125271797180176],[0.0325581319630146,0.03247342258691788,0.03243258595466614],[1.2684978401011904e-06,1.031725241773529e-05,-7.623650162713602e-06,1.0],[0.0,0.0,0.0],9.643780686019454e-06
[-0.1947852224111557,0.17906194925308228,-0.1527959406375885],[0.03208900988101959,0.03466120362281799,0.03543407469987869],[-0.0003430429205764085,0.00021660154743585736,0.0005062996642664075,1.0],[0.0,0.0,0.0],0.00010663780994946137
[-0.3043902814388275,0.08136963844299316,-0.19930370151996613],[0.030141018331050873,0.034498296678066254,0.033699676394462585],[4.840817564399913e-05,-0.0005390865262597799,0.002650029491633177,1.0000059604644775],[0.0,0.0,0.0],1.8005075617111288e-05
[-0.27020448446273804,0.25049787759780884,-0.13993051648139954],[0.03189031407237053,0.034214917570352554,0.033920373767614365],[-1.32329396365094e-05,-0.0002704884682316333,0.00047454427112825215,1.0],[0.0,0.0,0.0],8.830785372992977e-05
[-0.2360762357711792,0.018986769020557404,-0.015785222873091698],[0.03131965547800064,0.033481672406196594,0.0339934267103672],[-0.0003052100073546171,-0.0003638376365415752,0.0017597076948732138,1.0000015497207642],[0.0,0.0,0.0],3.17269004881382e-05
[-0.22450831532478333,0.027692701667547226,0.16808541119098663],[0.03222538158297539,0.03325499966740608,0.03267282992601395],[0.0001320036535616964,-8.087948663160205e-05,-0.0002616090641822666,1.0],[0.0,0.0,0.0],1.1374847417755518e-05
[-0.10678402334451675,0.1818743795156479,0.14407607913017273],[0.033588096499443054,0.033691976219415665,0.0339692085981369],[-0.000210211452213116,-9.242709347745404e-05,-0.00011954529327340424,1.0],[0.0,0.0,0.0],8.283573697553948e-05
[-0.1313467174768448,0.029663603752851486,0.22073858976364136],[0.034760717302560806,0.03401471674442291,0.03530005365610123],[-0.0007849505636841059,7.191082113422453e-05,6.418341627068003e-07,1.0],[0.0,0.0,0.0],5.848932414664887e-05
[-0.08791292458772659,-0.020298456773161888,0.018720291554927826],[0.033327292650938034,0.034160077571868896,0.033433955162763596],[1.3188748198444955e-05,-4.300626824260689e-05,-0.0002457618247717619,1.0],[0.0,0.0,0.0],1.4881080460327212e-05
[-0.18817976117134094,0.016235915943980217,0.2457485944032669],[0.03313162922859192,0.033210888504981995,0.03313431516289711],[3.3919720863195835e-06,1.617157795408275e-05,-1.5100730706762988e-05,1.0],[0.0,0.0,0.0],7.248913789226208e-06
[-0.2893255054950714,0.16578544676303864,-0.19717255234718323],[0.03200925141572952,0.03513374552130699,0.03450914844870567],[0.0002951316419057548,0.0001886920363176614,5.788158159703016e-05,1.0],[0.0,0.0,0.0],0.00010920347267528996
[-0.35471513867378235,0.1892678439617157,-0.10226093977689743],[0.03188339248299599,0.03350580111145973,0.03506729006767273],[-0.0008003092953003943,0.0003141060296911746,-0.00038558797677978873,1.000000238418579],[0.0,0.0,0.0],0.00011461467511253431
[-0.27160611748695374,0.24951231479644775,-0.14744225144386292],[0.03202997148036957,0.033562175929546356,0.03255494683980942],[0.0002682027406990528,9.213809244101867e-05,0.00047670924686826766,1.0],[0.0,0.0,0.0],6.11992618360091e-06
[-0.11986769735813141,0.1472398042678833,0.028236178681254387],[0.03131533041596413,0.0342370867729187,0.03264284133911133],[0.0005044115241616964,-0.00041495950426906347,0.0006279321969486773,1.0],[0.0,0.0,0.0],1.1277747944404837e-05
[-0.20275121927261353,0.2687256932258606,0.10348980128765106],[0.03400212526321411,0.034136299043893814,0.03427334129810333],[-0.00023225703625939786,-4.8229238018393517e-05,-0.00025908678071573377,1.0],[0.0,0.0,0.0],9.353269706480205e-05
[-0.27977442741394043,0.17649388313293457,0.21835210919380188],[0.02930644527077675,0.03470776975154877,0.03392593935132027],[0.00018529105000197887,-0.0008310152334161103,-0.0006302426336333156,1.0],[0.0,0.0,0.0],8.666770008858293e-05
[-0.29101669788360596,0.0835784375667572,0.1566668450832367],[0.03185110166668892,0.0343545638024807,0.03281523659825325],[-2.5462284611421637e-05,-0.00047235001693479717,-4.531368176685646e-05,1.0],[0.0,0.0,0.0],7.990112862898968e-06
[-0.2259291410446167,0.18880103528499603,0.22841443121433258],[0.033528827130794525,0.03481990471482277,0.03098735213279724],[-0.00017981686687562615,1.884875564428512e-05,0.0002513490617275238,1.0],[0.0,0.0,0.0],0.0001907066471176222
[-0.195146843791008,0.3303557336330414,-0.3125241696834564],[0.033973682671785355,0.034210510551929474,0.03428564593195915],[-3.6164739867672324e-05,3.064876364078373e-05,-8.071352931438014e-05,1.0],[0.0,0.0,0.0],8.093653741525486e-05
[-0.2217860370874405,0.3025098145008087,-0.18540425598621368],[0.033408164978027344,0.03366037458181381,0.03301043435931206],[0.00030489801429212093,0.0002157359995180741,3.8409994886023924e-05,1.0],[0.0,0.0,0.0],8.161163714248687e-05
[-0.15749387443065643,0.16737940907478333,-0.22316816449165344],[0.03377671167254448,0.03494861349463463,0.03392160311341286],[0.00025682669365778565,5.6012180721154436e-05,0.00010921218927251175,1.0],[0.0,0.0,0.0],0.0001086717820726335
[-0.19146616756916046,0.23650403320789337,0.017001505941152573],[0.03452378138899803,0.03355807065963745,0.03363817557692528],[-5.541961400012951e-06,-4.792939580511302e-05,-5.9815083659486845e-05,1.0],[0.0,0.0,0.0],2.4136461433954537e-05
[-0.12277878075838089,0.24037662148475647,0.1438102424144745],[0.033878691494464874,0.03430742770433426,0.03389579802751541],[-2.07550165214343e-05,1.7359439880237915e-05,0.00013657924137078226,1.0],[0.0,0.0,0.0],8.653641998535022e-05
[-0.17748147249221802,0.2739240527153015,0.2781341075897217],[0.034189216792583466,0.034782785922288895,0.035088397562503815],[-1.692166188149713e-05,-3.974827632191591e-05,0.0003095159772783518,1.0],[0.0,0.0,0.0],1.8868327970267273e-05
[-0.04375704377889633,0.5086745023727417,-0.5049821138381958],[0.03356187790632248,0.03411763161420822,0.03343387693166733],[-2.1459193533246435e-08,6.149878117867047e-06,-1.2072076970071066e-05,1.0],[0.0,0.0,0.0],1.5395596619782737e-06
[-0.2780504822731018,0.3761383593082428,-0.22253085672855377],[0.031597964465618134,0.032666292041540146,0.03156017139554024],[-0.000232536782277748,-0.00013078993652015924,0.0003459724539425224,1.0],[0.0,0.0,0.0],8.04336741566658e-05
[-0.25213053822517395,0.22585773468017578,-0.16235095262527466],[0.03326199948787689,0.03434307873249054,0.033986058086156845],[-4.2418691009515896e-05,2.0372703147586435e-05,0.0003272196918260306,1.0],[0.0,0.0,0.0],9.169731492875144e-05
[-0.15084613859653473,0.4697137176990509,-0.060993585735559464],[0.03301757946610451,0.033842310309410095,0.03417746722698212],[-0.0004891748540103436,-0.000308701244648546,0.0001134459234890528,1.0],[0.0,0.0,0.0],2.425299953756621e-06
[-0.35311436653137207,0.43106698989868164,-0.17978516221046448],[0.03368336707353592,0.034676723182201385,0.03402356803417206],[0.00024643479264341295,0.00011206075578229502,0.00036348658613860607,1.0],[0.0,0.0,0.0],2.0841662262682803e-06
[-0.3300997018814087,0.4393100440502167,-0.18636390566825867],[0.03468775749206543,0.03449612483382225,0.03429029881954193],[0.00015398705727420747,3.603001096053049e-05,-0.000191238010302186,1.0],[0.0,0.0,0.0],3.444500907789916e-05
[-0.07461448013782501,0.582889199256897,0.10759637504816055],[0.03449711576104164,0.035006582736968994,0.03491824492812157],[2.575266444182489e-05,-0.00011921771510969847,0.00019480119226500392,1.0],[0.0,0.0,0.0],1.2206798601255286e-05
[-0.06366899609565735,0.3075442314147949,-0.3871452212333679],[0.032931167632341385,0.03499580919742584,0.03490115702152252],[-6.631465657847002e-05,0.0002586198097560555,0.0008854249608702958,1.0],[0.0,0.0,0.0],8.599943248555064e-05
[-0.2877485156059265,0.5597369074821472,-0.170811265707016],[0.034725870937108994,0.03500325232744217,0.034722164273262024],[0.00016305384633596987,0.00014348403783515096,-1.4299269423645455e-05,1.0],[0.0,0.0,0.0],8.501848060404882e-05
[-0.35550445318222046,0.5613216161727905,-0.20669524371623993],[0.03434339165687561,0.034313250333070755,0.03398553282022476],[0.0002673730195965618,-2.4710048819542862e-05,8.699749014340341e-05,1.0],[0.0,0.0,0.0],8.125906606437638e-05
[-0.34669288992881775,0.6888704895973206,0.02938445843756199],[0.03409569337964058,0.03386087715625763,0.03389783948659897],[1.9418162992224097e-05,1.4242677934817038e-05,-2.0724639398395084e-05,1.0],[0.0,0.0,0.0],4.3669657316058874e-05
[-0.2809321880340576,0.4671647250652313,-0.016684992238879204],[0.03373785316944122,0.03452440723776817,0.034049615263938904],[6.500204472104087e-05,-2.038595084741246e-05,9.193436562782153e-05,1.0],[0.0,0.0,0.0],8.12179860076867e-05
[-0.23275639116764069,0.6602082252502441,0.10497680306434631],[0.03485472872853279,0.03445509076118469,0.03503599390387535],[-0.00019168623839505017,-3.410926865399233e-06,-1.773246913217008e-05,1.0],[0.0,0.0,0.0],4.678637924371287e-05
[-0.316550076007843,0.6008859276771545,0.21590815484523773],[0.03395498916506767,0.0341215506196022,0.03445616364479065],[-8.98018988664262e-05,-1.0514942914596759e-05,6.5827584876387846e-06,1.0],[0.0,0.0,0.0],4.030776472063735e-05
[-0.18865403532981873,0.6912016868591309,0.4094495475292206],[0.033205460757017136,0.034044940024614334,0.03379930555820465],[1.3389039850153495e-05,1.980878005269915e-05,1.9287768736830913e-05,1.0],[0.0,0.0,0.0],9.156819032796193e-06
[-0.14734113216400146,0.6161481738090515,-0.25559139251708984],[0.03392808139324188,0.03470265492796898,0.03387780860066414],[0.00010910077980952337,-3.467241913313046e-05,0.00019241805421188474,1.0],[0.0,0.0,0.0],9.780451364349574e-05
[-0.3084375262260437,0.5622845888137817,-0.12559863924980164],[0.0342981219291687,0.03454279527068138,0.03509557247161865],[-0.00033279418130405247,-4.419246761244722e-05,9.824297740124166e-05,1.0],[0.0,0.0,0.0],7.9407895100303e-05
[-0.22441744804382324,0.7290250062942505,0.02247815951704979],[0.0348777249455452,0.034286729991436005,0.035048454999923706],[-0.00019824074115604162,-2.9617800464620814e-05,-2.063527972495649e-05,1.0],[0.0,0.0,0.0],5.611672531813383e-05
[-0.2953166961669922,0.7158247828483582,0.15075406432151794],[0.03306974098086357,0.03421400487422943,0.03469643369317055],[-0.000275277066975832,-0.0003975463332608342,9.328168380307034e-05,1.0],[0.0,0.0,0.0],1.6285157471429557e-05
[-0.0395304299890995,0.4095683693885803,-0.023186102509498596],[0.03443627059459686,0.03479098156094551,0.03477540612220764],[-6.309061427600682e-05,-0.00013091678556520492,0.00019104981038253754,1.0],[0.0,0.0,0.0],3.145834489259869e-05
[0.04448917880654335,0.4868907630443573,0.15082237124443054],[0.03436146676540375,0.034664902836084366,0.03442973643541336],[3.414450111449696e-05,-1.7142178876383696e-06,1.010787582345074e-05,1.0],[0.0,0.0,0.0],8.32977966638282e-05
[-0.17860834300518036,0.7525954842567444,-0.3420082926750183],[0.03344758599996567,0.03375886008143425,0.03383427858352661],[-8.80775314726634e-06,4.9297123041469604e-05,2.7823367418022826e-05,1.0],[0.0,0.0,0.0],4.5440356188919395e-06
[-0.2736528515815735,0.9337935447692871,-0.20551472902297974],[0.03418881073594093,0.03412427753210068,0.03456106781959534],[5.484028224600479e-05,-1.659580084378831e-05,6.218337603058899e-06,1.0],[0.0,0.0,0.0],1.4693003322463483e-05
[-0.2162049114704132,0.6518958806991577,-0.27155017852783203],[0.03463408350944519,0.034255366772413254,0.0344729907810688],[8.018244989216328e-05,3.208356793038547e-05,7.374615233857185e-05,1.0],[0.0,0.0,0.0],0.00010046731767943129
[-0.23226982355117798,0.7030344009399414,0.13225410878658295],[0.03407736495137215,0.035152021795511246,0.035326238721609116],[-0.0001434801670257002,6.316156941466033e-05,0.0002501008566468954,1.0],[0.0,0.0,0.0],3.708962685777806e-05
[-0.07353946566581726,0.9602075815200806,0.26894453167915344],[0.03539632633328438,0.033040259033441544,0.03512317314743996],[-0.00036393554182723165,8.323888323502615e-05,-0.00010379786544945091,1.0],[0.0,0.0,0.0],1.599732058821246e-05
[-0.18028712272644043,0.797659158706665,0.241167813539505],[0.03367229551076889,0.03471502289175987,0.0340861938893795],[9.728270924824756e-06,-5.7522920542396605e-05,0.000156950467498973,1.0],[0.0,0.0,0.0],1.1834887345685274e-06
[-0.03186173737049103,-0.696265459060669,-0.037623871117830276],[0.03159557282924652,0.03171003982424736,0.03204341232776642],[-2.050476950898883e-06,2.022208173002582e-05,3.375724918441847e-05,1.0],[0.0,0.0,0.0],0.0001001308555714786
[0.004227080848067999,-0.6348121762275696,-0.053178925067186356],[0.03162314370274544,0.02928783744573593,0.03195156902074814],[0.0001452652068110183,0.00020898148068226874,0.00040116507443599403,1.0],[0.0,0.0,0.0],0.00016554101603105664
[-0.04659164696931839,-0.3870753049850464,-0.14206494390964508],[0.031864602118730545,0.032422181218862534,0.03299517184495926],[-0.00019351276569068432,0.00026785576483234763,-0.00011645176709862426,1.0],[0.0,0.0,0.0],0.0001044835225911811
[-0.08224719762802124,-0.5421172380447388,-0.055305738002061844],[0.032774947583675385,0.03361876308917999,0.031023547053337097],[0.0004008202813565731,-7.696867396589369e-05,1.2416574463713914e-05,1.0],[0.0,0.0,0.0],6.754853529855609e-05
[-0.24072062969207764,-0.44996926188468933,-0.2502104938030243],[0.030215468257665634,0.029358163475990295,0.029591020196676254],[-0.0020896252244710922,-0.0003189273993484676,-0.0006841741851530969,1.0000035762786865],[0.0,0.0,0.0],3.569481850718148e-05
[-0.04789204150438309,-0.4505150020122528,-0.12098972499370575],[0.03209255263209343,0.03303562104701996,0.03400421887636185],[-0.0002496808592695743,-0.0008410911541432142,-0.0008521481649950147,1.0000001192092896],[0.0,0.0,0.0],0.0001858495525084436
[-0.18705108761787415,-0.44478297233581543,0.06752678751945496],[0.027641670778393745,0.02904200367629528,0.03167237713932991],[-0.0019056926248595119,0.00262472964823246,-0.00034796184627339244,1.0000178813934326],[0.0,0.0,0.0],0.00035635996027849615
[-0.1391667276620865,-0.4846782088279724,-0.0128058772534132],[0.030503764748573303,0.03281938657164574,0.034838832914829254],[-0.0006127568776719272,-0.0008935809601098299,-3.943833144148812e-05,1.0000001192092896],[0.0,0.0,0.0],0.00012482298188842833
[-0.09546445310115814,-0.6156825423240662,0.05585360527038574],[0.030355071648955345,0.030857600271701813,0.03492669016122818],[0.0005072670173831284,-0.0028360860887914896,0.0021099005825817585,1.0000228881835938],[0.0,0.0,0.0],0.0001339512673439458
[-0.06142972409725189,-0.1955202966928482,0.17292504012584686],[0.03305518627166748,0.033388473093509674,0.03358495235443115],[-1.8890355931944214e-05,1.4174550415191334e-05,1.792145849321969e-05,1.0],[0.0,0.0,0.0],1.522032016509911e-05
[-0.06971626728773117,-0.39050859212875366,-0.151235893368721],[0.03126993402838707,0.030155643820762634,0.03419332578778267],[0.0018665250390768051,0.002425441285595298,-0.0007880688644945621,1.0000067949295044],[0.0,0.0,0.0],0.0001800925238057971
[-0.1353476643562317,-0.4236820340156555,-0.010482292622327805],[0.02789592370390892,0.031796861439943314,0.026504604145884514],[-0.004882254172116518,-0.0027397803496569395,-0.0028599174693226814,1.000095009803772],[0.0,0.0,0.0],0.0002245548093924299
[-0.11700975894927979,-0.5075502991676331,0.06988076865673065],[0.029678070917725563,0.030507493764162064,0.03220149874687195],[-0.0013699171831831336,0.0005238580051809549,0.000529026729054749,1.0000004768371582],[0.0,0.0,0.0],0.0002104941668221727
[-0.16775815188884735,-0.47812017798423767,0.02967981994152069],[0.030141351744532585,0.03252439573407173,0.03252117708325386],[0.0008479440584778786,0.0013118290808051825,0.003066409844905138,1.0000200271606445],[0.0,0.0,0.0],0.00011685786012094468
[-0.10576310008764267,-0.25324344635009766,0.06840518116950989],[0.03349122777581215,0.03355587646365166,0.033942632377147675],[6.71756497467868e-05,2.006252179853618e-05,4.828638702747412e-05,1.0],[0.0,0.0,0.0],2.6927773433271796e-05
[-0.038743723183870316,-0.3005618453025818,-0.1654690057039261],[0.03295985236763954,0.03224552422761917,0.03295128047466278],[-0.00027550492086447775,0.00030373260960914195,-0.0009117723675444722,1.0],[0.0,0.0,0.0],3.5498960642144084e-05
[-0.1038321927189827,-0.27043306827545166,-0.011793210171163082],[0.032529640942811966,0.032156869769096375,0.03266744315624237],[-0.0004698199045378715,0.0001861945929704234,-0.00021758888033218682,1.0],[0.0,0.0,0.0],5.590757791651413e-05
[-0.045406751334667206,-0.3255171477794647,-0.02314806915819645],[0.032500285655260086,0.03179163113236427,0.027599623426795006],[0.0035353023558855057,-0.00033050557249225676,-0.0006624929374083877,1.0000150203704834],[0.0,0.0,0.0],0.00016841643082443625
[-0.0926869586110115,-0.35877713561058044,0.08185390383005142],[0.03295593708753586,0.032773569226264954,0.032233674079179764],[-0.0009187165996991098,-0.00038653871160931885,2.733048859226983e-06,1.0],[0.0,0.0,0.0],0.00010662400745786726
[-0.1259550303220749,-0.19224447011947632,-0.17939762771129608],[0.03306590020656586,0.03251119703054428,0.03308962658047676],[-0.0004052375734318048,-0.0005824065883643925,0.0009690257138572633,1.0],[0.0,0.0,0.0],0.00011598903074627742
[-0.0905514508485794,-0.24115583300590515,-0.26562345027923584],[0.03040495328605175,0.032571014016866684,0.030529556795954704],[0.0013223588466644287,-0.0008217305294238031,-0.001983578084036708,1.000003695487976],[0.0,0.0,0.0],0.00015641380741726607
[-0.16093860566616058,-0.15368138253688812,-0.05315541476011276],[0.03159725293517113,0.03293037787079811,0.032181087881326675],[9.354353824164718e-05,-0.0001264281600015238,-0.001731610158458352,1.000001072883606],[0.0,0.0,0.0],1.7224032490048558e-05
[-0.1117420345544815,-0.29295995831489563,-0.017010483890771866],[0.033298309892416,0.032471973448991776,0.031445957720279694],[0.0007126082782633603,-5.3454339649761096e-05,-0.0007856000447645783,1.0],[0.0,0.0,0.0],2.7398493330110796e-05
[-0.12425965815782547,-0.23706763982772827,0.13894771039485931],[0.032595422118902206,0.03217672184109688,0.03031104803085327],[-0.0011075861984863877,-0.00026084535056725144,0.0005669479141943157,1.0],[0.0,0.0,0.0],8.246197103289887e-05
[-0.1481507569551468,-0.24321573972702026,0.038904812186956406],[0.03113953024148941,0.03353700414299965,0.03422316163778305],[-9.01403182069771e-05,-0.00046342259156517684,-0.0004222365969326347,1.0],[0.0,0.0,0.0],3.375904634594917e-05
[-0.05643737316131592,0.021735865622758865,0.32611575722694397],[0.032588668167591095,0.034162137657403946,0.031134674325585365],[-0.0005098080146126449,-0.0005156052066013217,0.00038541582762263715,1.0],[0.0,0.0,0.0],1.912523202918237e-06
[-0.04144628718495369,0.06650049984455109,0.31516894698143005],[0.03298550099134445,0.0331512875854969,0.03294115513563156],[-2.159854739147704e-05,-4.104286745132413e-06,8.835565495246556e-06,1.0],[0.0,0.0,0.0],8.017526124604046e-05
[-0.26993605494499207,0.0705256313085556,-0.2370910495519638],[0.033462200313806534,0.03045942634344101,0.03294448181986809],[-0.0002058801328530535,7.115384505596012e-05,-0.0013567045098170638,1.0000004768371582],[0.0,0.0,0.0],6.79848380968906e-06
[-0.22799424827098846,0.0005303352372720838,0.04359569028019905],[0.02996252290904522,0.03416168689727783,0.03329054266214371],[0.0005469545139931142,-0.00019640287791844457,0.0014895995846018195,1.0000011920928955],[0.0,0.0,0.0],5.221903484198265e-05
[-0.134347602725029,-0.04808741435408592,0.07929477095603943],[0.029627999290823936,0.029849335551261902,0.0310670118778944],[-0.001276811002753675,0.000601374835241586,0.0007005722145549953,1.0000001192092896],[0.0,0.0,0.0],5.577964475378394e-05
[-0.1900898665189743,-0.05654038488864899,0.15986603498458862],[0.03271019458770752,0.032839275896549225,0.033530838787555695],[-0.0001890394778456539,-6.157371535664424e-05,0.0002597036072984338,1.0],[0.0,0.0,0.0],1.305533260165248e-05
[-0.2128637433052063,0.06733115762472153,0.2649593651294708],[0.03376489505171776,0.03144671022891998,0.0338558591902256],[-0.0011135198874399066,-2.465999023115728e-05,0.0003086537471972406,0.9999995827674866],[0.0,0.0,0.0],9.158883585769217e-06
[-0.0635223239660263,0.11230260133743286,0.19589443504810333],[0.03383155167102814,0.03307907655835152,0.03481973335146904],[-0.000519005348905921,-0.00019649972091428936,3.01524573842471e-06,1.0],[0.0,0.0,0.0],7.815157732693478e-05
[-0.17100556194782257,0.017747947946190834,0.1453711986541748],[0.033006541430950165,0.03374028578400612,0.03369562327861786],[-2.1595085854642093e-05,0.00017111218767240644,4.049275958095677e-05,1.0],[0.0,0.0,0.0],6.251916602195706e-06
[-0.12235164642333984,0.44415849447250366,-0.2567358613014221],[0.03259918838739395,0.03425668552517891,0.034568529576063156],[-6.764763384126127e-05,-7.790597010171041e-05,0.00034967579995281994,1.0],[0.0,0.0,0.0],3.97178519051522e-06
[-0.18287451565265656,0.18890562653541565,-0.1437951624393463],[0.03396005183458328,0.03446085751056671,0.03528482839465141],[-0.00024564709747210145,-0.0004124049737583846,0.00013542930537369102,1.0],[0.0,0.0,0.0],0.00010862541239475831
[-0.11791529506444931,0.2274908721446991,-0.1466844379901886],[0.03425950929522514,0.03456642106175423,0.03481229394674301],[-0.00021614888100884855,8.397338388022035e-05,-0.00015678744239266962,1.0],[0.0,0.0,0.0],1.4144807209959254e-06
[-0.1479363590478897,0.0707080289721489,-0.04444838687777519],[0.03249886631965637,0.03228718042373657,0.03359709307551384],[-5.348350532585755e-05,-1.1994937267445493e-05,-0.00010078775085275993,1.0],[0.0,0.0,0.0],1.9717967006727122e-05
[-0.12157025933265686,0.14800283312797546,0.009817425161600113],[0.033947620540857315,0.033750761300325394,0.03368934988975525],[-5.3090290748514235e-05,-3.5617733374238014e-05,0.0006326890434138477,1.0],[0.0,0.0,0.0],8.339845408045221e-06
[-0.26144498586654663,0.21937252581119537,0.14785826206207275],[0.03372400999069214,0.032813820987939835,0.03318420425057411],[-0.0004067676200065762,0.00016381105524487793,-0.00020244713232386857,1.0],[0.0,0.0,0.0],0.0001917752524605021
[-0.23476625978946686,0.15182049572467804,0.2574027478694916],[0.0339173898100853,0.033037375658750534,0.03151915967464447],[0.0002535455860197544,-7.479538908228278e-05,-0.0003453928220551461,1.0],[0.0,0.0,0.0],7.942821684991941e-05
[-0.20691175758838654,-0.011130142956972122,0.2749680280685425],[0.03316585719585419,0.033595237880945206,0.03515508398413658],[-0.0005308055551722646,-0.0003066919161938131,4.46584090241231e-05,1.0],[0.0,0.0,0.0],2.618208782223519e-05
[0.06065133586525917,-0.0144882807508111,0.22894832491874695],[0.03380492329597473,0.03385386988520622,0.03490342199802399],[-0.0003131724370177835,-0.00018374908540863544,-1.0984977052430622e-05,1.0],[0.0,0.0,0.0],6.882582965772599e-05
[-0.05431972071528435,-0.019530896097421646,0.2370700091123581],[0.033733632415533066,0.0335976667702198,0.03387293964624405],[-0.0005295164883136749,-8.2074009696953e-05,-2.714480615395587e-05,1.0],[0.0,0.0,0.0],1.5520485021625063e-06
[-0.14891035854816437,0.19661912322044373,-0.292585551738739],[0.03297048062086105,0.034408893436193466,0.03385734558105469],[0.00019393429101910442,9.52052214415744e-05,7.548340363427997e-05,1.0],[0.0,0.0,0.0],0.00010713253141148016
[-0.006449454929679632,0.07149077951908112,-0.14809949696063995],[0.031957581639289856,0.033675793558359146,0.034177687019109726],[-0.00019913871074095368,0.0001050452483468689,0.0002780610229820013,1.0],[0.0,0.0,0.0],3.641239345597569e-06
[-0.1532232165336609,0.10446140915155411,-0.10363489389419556],[0.03336985036730766,0.03421676903963089,0.03407572954893112],[-0.0002122618752764538,0.00026109267491847277,0.0002951432834379375,1.0],[0.0,0.0,0.0],6.337143986456795e-06
[-0.24480418860912323,0.22614213824272156,-0.06605901569128036],[0.033158790320158005,0.032926321029663086,0.03385256975889206],[0.00011094572255387902,-9.116612636717036e-05,-8.911084296414629e-05,1.0],[0.0,0.0,0.0],7.895236922195181e-05
[-0.19450640678405762,0.26528918743133545,0.11884716898202896],[0.030884498730301857,0.030313892289996147,0.033512018620967865],[-0.0017157969996333122,-0.00043213815661147237,-4.666146560339257e-05,1.0000030994415283],[0.0,0.0,0.0],8.927458839025348e-05
[-0.2421598732471466,0.23270073533058167,0.2264184057712555],[0.03427887707948685,0.03102194517850876,0.030270595103502274],[-0.00038914286415092647,-0.0010743944440037012,0.0018245475366711617,1.0000033378601074],[0.0,0.0,0.0],2.257596179333632e-06
[-0.052313182502985,0.07643642276525497,0.12623372673988342],[0.03261946141719818,0.033278029412031174,0.03200777620077133],[0.00022412341786548495,5.452592176879989e-06,0.00018590912804938853,1.0],[0.0,0.0,0.0],3.508420195430517e-05
[-0.1372968703508377,0.26150795817375183,0.22634172439575195],[0.03268715739250183,0.03252297267317772,0.03174092620611191],[4.0824168536346406e-05,8.092122880043462e-05,-3.156112029500946e-07,1.0],[0.0,0.0,0.0],9.529240924166515e-05
[-0.21937477588653564,0.3800654411315918,-0.31372207403182983],[0.03326462581753731,0.034209053963422775,0.03287713602185249],[9.122504707193002e-05,5.3159565140958875e-06,0.00016325163596775383,1.0],[0.0,0.0,0.0],5.3333196774474345e-06
[-0.20947468280792236,0.3854086697101593,-0.27588924765586853],[0.03074493817985058,0.03288454934954643,0.03120996244251728],[0.0002469874743837863,-6.51150185149163e-05,0.0005106109892949462,1.0],[0.0,0.0,0.0],1.3602371836896054e-05
[-0.0832584872841835,0.26697230339050293,-0.2607661485671997],[0.03316936269402504,0.03382467105984688,0.03301728889346123],[9.113261512538884e-06,3.470433148322627e-05,-0.0002262942580273375,1.0],[0.0,0.0,0.0],0.00010193008347414434
[-0.1864987015724182,0.36026376485824585,-0.18738365173339844],[0.03413465991616249,0.03394509106874466,0.03440476581454277],[-0.0005357321351766586,2.9810260457452387e-05,-1.68173046404263e-05,1.0],[0.0,0.0,0.0],0.00010032570571638644
[-0.06911725550889969,0.15283353626728058,0.07336441427469254],[0.03272586688399315,0.03354908153414726,0.0334494411945343],[1.8440254279994406e-05,-4.532356251729652e-05,-9.218282502843067e-05,1.0],[0.0,0.0,0.0],3.7027060898253694e-05
[-0.10967309772968292,0.30063286423683167,0.034272048622369766],[0.034405387938022614,0.034117139875888824,0.033975180238485336],[-0.00023163211881183088,-7.284695311682299e-05,-6.894020771142095e-05,1.0],[0.0,0.0,0.0],8.896183862816542e-05
[-0.06916708499193192,0.2302105724811554,0.17905302345752716],[0.034306228160858154,0.03395147621631622,0.03336063027381897],[0.00013625439896713942,-8.7867520051077e-06,-2.0372257495182566e-05,1.0],[0.0,0.0,0.0],3.2372424811910605e-06
[-0.17748554050922394,0.40570423007011414,0.20967014133930206],[0.03429194167256355,0.034726884216070175,0.03530481085181236],[0.00011467700096545741,8.970013368525542e-06,7.274650124600157e-05,1.0],[0.0,0.0,0.0],9.377616515848786e-05
[0.01597614213824272,0.19880326092243195,0.21283605694770813],[0.034173380583524704,0.03430202603340149,0.03356683626770973],[6.080235471017659e-05,7.502704102080315e-05,1.5325551430578344e-05,1.0],[0.0,0.0,0.0],1.555311791889835e-05
[-0.2165621966123581,0.31109416484832764,-0.28457313776016235],[0.03216084465384483,0.03447389602661133,0.03335445374250412],[7.650275802006945e-05,-0.0001570827153045684,0.00016740040155127645,1.0],[0.0,0.0,0.0],0.00021029992785770446
[0.006175977643579245,0.5103122591972351,-0.12915125489234924],[0.033566661179065704,0.034164343029260635,0.03365187719464302],[0.00012405058078002185,1.4828504390607122e-05,4.245758100296371e-05,1.0],[0.0,0.0,0.0],1.1600460311456118e-05
[-0.16715843975543976,0.4806751608848572,-0.10973870754241943],[0.03235725313425064,0.03358912467956543,0.03359195217490196],[3.576708331820555e-05,0.00023596668324898928,0.00011227437062188983,1.0],[0.0,0.0,0.0],1.45688682096079e-05
[-0.05900687724351883,0.45663416385650635,0.044273409992456436],[0.03451899066567421,0.033930856734514236,0.03439014032483101],[-1.763072214089334e-05,-3.377116081537679e-05,-2.5912420824170113e-05,1.0],[0.0,0.0,0.0],2.575844064267585e-06
[-0.12897951900959015,0.40947118401527405,-0.11486907303333282],[0.03467845916748047,0.03415306657552719,0.0342162549495697],[3.414381353650242e-05,0.00015378698299173266,-0.00013179911184124649,1.0],[0.0,0.0,0.0],1.2811732631234918e-05
[-0.0735626146197319,0.4339005947113037,-0.12135348469018936],[0.03485369309782982,0.035024743527173996,0.03485898673534393],[4.479513881960884e-05,2.8305274099693634e-05,5.0198595999972895e-06,1.0],[0.0,0.0,0.0],1.4235660273698159e-05
[-0.2144380658864975,0.5451587438583374,0.28855982422828674],[0.034567903727293015,0.0349009670317173,0.03471888601779938],[9.489217336522415e-05,-8.507518214173615e-05,0.00023868806601967663,1.0],[0.0,0.0,0.0],2.0285859136492945e-05
[-0.11636476963758469,0.5785776972770691,0.4212828278541565],[0.032466985285282135,0.032573215663433075,0.03237510472536087],[1.813481731005595e-06,-4.574199294893333e-07,5.428163944998232e-07,1.0],[0.0,0.0,0.0],2.165025580325164e-05
[-0.13225488364696503,0.5560281872749329,-0.2035132497549057],[0.03378280624747276,0.034352753311395645,0.034488748759031296],[0.0001815110445022583,-7.428777462337166e-05,0.00048523148871026933,1.0],[0.0,0.0,0.0],2.5691133487271145e-06
[-0.12133552134037018,0.6432426571846008,-0.3441586196422577],[0.03366238996386528,0.03522029519081116,0.03482268005609512],[0.00033520435681566596,-0.00018919832655228674,0.000562950677704066,1.0],[0.0,0.0,0.0],8.193712710635737e-05
[-0.20438458025455475,0.6631691455841064,-0.028279781341552734],[0.03454121574759483,0.03411821275949478,0.034826360642910004],[-0.0002679413591977209,-4.069122951477766e-05,-2.662176120793447e-05,1.0],[0.0,0.0,0.0],1.5393220564874355e-06
[-0.14456897974014282,0.5104109644889832,0.06555576622486115],[0.03398020565509796,0.0340065099298954,0.0333341620862484],[0.00019898454775102437,-1.4652388017566409e-05,-3.292083056294359e-05,1.0],[0.0,0.0,0.0],1.4242546058085281e-05
[-0.05127798765897751,0.6719326972961426,0.2594044506549835],[0.034692563116550446,0.034247200936079025,0.03479772061109543],[-0.00021997367730364203,-2.1694570023100823e-05,-0.00017508643213659525,1.0],[0.0,0.0,0.0],1.059451369656017e-05
[-0.18734301626682281,0.4837007224559784,0.08516381680965424],[0.034816693514585495,0.03531333804130554,0.0349167138338089],[9.552268602419645e-05,2.668068873390439e-06,-1.2812553904950619e-05,1.0],[0.0,0.0,0.0],8.417031494900584e-05
[-0.2846178412437439,0.7099483013153076,0.2587472200393677],[0.034257709980010986,0.034725356847047806,0.034603752195835114],[2.5471070330240764e-05,-2.1571118850260973e-05,2.2407473352359375e-06,1.0],[0.0,0.0,0.0],5.656368102791021e-06
[-0.19984623789787292,0.6269135475158691,-0.24080578982830048],[0.03453768417239189,0.03436632081866264,0.03395755589008331],[0.00017352013674098998,-1.5696388800279237e-05,-0.0003378406399860978,1.0],[0.0,0.0,0.0],8.478389645460993e-05
[-0.32296276092529297,0.7410907745361328,-0.03499599173665047],[0.03433076664805412,0.033666353672742844,0.03438466414809227],[-3.670943988254294e-05,2.907345515268389e-05,-8.313910802826285e-05,1.0],[0.0,0.0,0.0],4.02662371925544e-05
[-0.29900094866752625,0.43842288851737976,-0.2913498878479004],[0.034002915024757385,0.034765660762786865,0.03451867774128914],[7.741821900708601e-05,7.883554644649848e-06,0.00023600835993420333,1.0],[0.0,0.0,0.0],2.826723903126549e-05
[-0.15895257890224457,0.4553084969520569,-0.2080841064453125],[0.035401601344347,0.034729696810245514,0.034923817962408066],[-0.00018454837845638394,1.0983793799823616e-05,-0.0004300428554415703,1.0],[0.0,0.0,0.0],3.253392151236767e-06
[-0.30929917097091675,0.7717812657356262,0.06292032450437546],[0.03422381728887558,0.034509118646383286,0.034172236919403076],[0.0001044384844135493,-7.262468716362491e-05,0.00028253468917682767,1.0],[0.0,0.0,0.0],3.1979961931938305e-05
[-0.07302970439195633,0.5546408891677856,-0.005604784935712814],[0.03388863429427147,0.034223053604364395,0.034416619688272476],[-0.00018868599727284163,-4.4921518565388396e-05,2.0741608750540763e-05,1.0],[0.0,0.0,0.0],9.762425906956196e-05
[-0.18505936861038208,0.6941233277320862,0.16970033943653107],[0.03542269393801689,0.03498825803399086,0.034325938671827316],[0.0002510934427846223,-1.817001793824602e-05,-3.1669700547354296e-05,1.0],[0.0,0.0,0.0],2.4803480300761294e-06
[-0.07144451886415482,0.7480083107948303,0.387996107339859],[0.03303429111838341,0.03278788551688194,0.03277737274765968],[-3.4339357171120355e-06,4.585502210829873e-06,-1.4620730325987097e-05,1.0],[0.0,0.0,0.0],5.486617283168016e-06
[-0.3327499032020569,0.9013240337371826,-0.3716503977775574],[0.03332001343369484,0.034241724759340286,0.03467974439263344],[-3.1188828870654106e-05,0.00026936022914014757,1.9756134861381724e-05,1.0],[0.0,0.0,0.0],2.2361227820510976e-05
[-0.10807734727859497,0.7786369323730469,-0.3611315190792084],[0.03337390720844269,0.03362053260207176,0.0339796207845211],[-1.8341343093197793e-05,-6.798780759709189e-06,1.862857425294351e-05,1.0],[0.0,0.0,0.0],3.32946501657716e-06
[-0.12945447862148285,0.9078014492988586,-0.08385789394378662],[0.03389248996973038,0.034142788499593735,0.03310954570770264],[0.00013819507148582488,-1.1546075256774202e-05,-6.511934316222323e-06,1.0],[0.0,0.0,0.0],3.2776379157439806e-06
[0.040396422147750854,0.4746069312095642,-0.18156315386295319],[0.034910183399915695,0.034446652978658676,0.035150010138750076],[-0.00015272929158527404,-7.381929754046723e-05,1.7692949768388644e-05,1.0],[0.0,0.0,0.0],3.754423960344866e-05
[-0.19707444310188293,0.9008471369743347,0.2239299863576889],[0.03438568487763405,0.03414841741323471,0.03436442092061043],[-3.332394771859981e-05,-3.7143222471058834e-06,-1.991095814446453e-05,1.0],[0.0,0.0,0.0],1.2487680578487925e-05
[-0.2080359160900116,0.6568669080734253,0.20045243203639984],[0.03493310883641243,0.03507765755057335,0.03490784764289856],[-2.4802953703328967e-05,1.0677711088646902e-06,8.312508725794032e-05,1.0],[0.0,0.0,0.0],5.3706695325672626e-05
[0.05613498389720917,0.6832151412963867,0.2859439551830292],[0.03421097621321678,0.03449486568570137,0.03375784307718277],[0.000106189982034266,7.295594696188346e-05,-3.652853047242388e-05,1.0],[0.0,0.0,0.0],4.210249608149752e-05
[0.09407716989517212,-0.8469298481941223,-0.10613664239645004],[0.031601645052433014,0.032813865691423416,0.02879711240530014],[-0.004562022630125284,0.0031158572528511286,0.0022550260182470083,1.0001627206802368],[0.0,0.0,0.0],0.0007838478777557611
[0.11578641831874847,-0.7560527324676514,0.1189800351858139],[0.03340986371040344,0.03259038180112839,0.0330682173371315],[0.00010642269626259804,0.00017888215370476246,-3.893372559105046e-05,1.0],[0.0,0.0,0.0],3.9393089537043124e-05
[0.05326740816235542,-0.7190704941749573,0.006625739857554436],[0.03032820299267769,0.03175414726138115,0.0331350676715374],[0.0009796756785362959,-0.0009393393993377686,-4.2326639231760055e-05,1.0000008344650269],[0.0,0.0,0.0],0.00022087417892180383
[0.01498706080019474,-0.807081401348114,-0.030727390199899673],[0.03144941106438637,0.030357662588357925,0.03289560228586197],[-0.0004053776792716235,-0.00038087432039901614,-0.00041205823072232306,0.9999960064888],[0.0,0.0,0.0],0.00016819810844026506
[0.0634135976433754,-0.747406542301178,-0.03751197084784508],[0.031217122450470924,0.031200358644127846,0.03316883742809296],[-0.0026221242733299732,-0.0021298821084201336,-0.00020716154540423304,1.000007152557373],[0.0,0.0,0.0],0.0001333524560322985
[0.07452923059463501,-0.680292010307312,0.14181989431381226],[0.029960714280605316,0.032882556319236755,0.03186134248971939],[9.08914371393621e-05,-0.0006609880947507918,-0.0005821191007271409,1.0000001192092896],[0.0,0.0,0.0],0.0002686441584955901
[0.17650814354419708,-0.635551393032074,-0.07006362825632095],[0.03313532844185829,0.03254086524248123,0.032535117119550705],[-4.925102984998375e-05,-0.00018482549057807773,-0.00015600572805851698,1.0],[0.0,0.0,0.0],6.637043406954035e-05
[0.020250877365469933,-0.8260126113891602,-0.06540000438690186],[0.02994557097554207,0.032067809253931046,0.032785166054964066],[0.0008148497436195612,-0.0012496464187279344,-0.0006908981595188379,1.0000008344650269],[0.0,0.0,0.0],0.00016461733321193606
[0.0029095627833157778,-0.6672437191009521,-0.07495321333408356],[0.029633501544594765,0.032767876982688904,0.030336977913975716],[0.0014580042334273458,-0.001169955008663237,-0.0018910615472123027,1.0000046491622925],[0.0,0.0,0.0],0.0001906343240989372
[0.05892866477370262,-0.5840793251991272,-0.10252641141414642],[0.03171394392848015,0.03225775808095932,0.0313643217086792],[-0.0003594153968151659,0.00016430871619377285,-0.0005901071708649397,0.9999992847442627],[0.0,0.0,0.0],0.00026247353525832295
[-0.01779622957110405,-0.6485963463783264,0.05413398891687393],[0.03229318559169769,0.03303537517786026,0.033657852560281754],[4.785332203027792e-05,-0.000469709251774475,0.00025512411957606673,1.0],[0.0,0.0,0.0],0.0002810931473504752
[0.07052543014287949,-0.6226188540458679,0.02254791185259819],[0.03190495818853378,0.03176853060722351,0.03353510797023773],[-0.00010933305748039857,-0.00010251413914375007,-0.0002613154938444495,1.0],[0.0,0.0,0.0],4.092544986633584e-05
[0.0519174188375473,-0.46277761459350586,-0.2044297456741333],[0.03280390426516533,0.03158752620220184,0.033455923199653625],[-0.0035892222076654434,-0.0005179932923056185,-0.001903637545183301,1.0000131130218506],[0.0,0.0,0.0],0.00011214009282412007
[0.05175470933318138,-0.5397372841835022,0.1144571378827095],[0.032936785370111465,0.033124420791864395,0.032987140119075775],[0.0007517875055782497,0.0005317761097103357,-6.38127894490026e-05,1.0],[0.0,0.0,0.0],1.4972137250879314e-05
[0.10180233418941498,-0.654714822769165,-0.09017392247915268],[0.03206296265125275,0.03333160653710365,0.032672274857759476],[-0.0003634513996075839,0.001134295598603785,-0.00019899547623936087,0.9999983906745911],[0.0,0.0,0.0],0.0004776113491971046
[-0.07630261033773422,-0.5905548930168152,0.0749736949801445],[0.030429847538471222,0.033316027373075485,0.03275283798575401],[0.0005415617488324642,0.0015887139597907662,-0.002562984824180603,1.0000121593475342],[0.0,0.0,0.0],0.00034080585464835167
[0.015399370342493057,-0.5001584887504578,0.18489880859851837],[0.03340262547135353,0.03226734697818756,0.03399437665939331],[-0.00018607298261485994,-0.0005309414118528366,-0.0003628765407484025,1.0],[0.0,0.0,0.0],7.183718116721138e-05
[-0.01881786808371544,-0.4216826856136322,-0.25024470686912537],[0.029562389478087425,0.03136265277862549,0.031310636550188065],[0.00023438084463123232,-0.0007284388411790133,0.00023286657233256847,0.9999991059303284],[0.0,0.0,0.0],0.00017979870608542114
[0.011254004202783108,-0.48654070496559143,-0.09597844630479813],[0.03154642507433891,0.030997488647699356,0.03317447006702423],[-0.001121288863942027,0.0016403163317590952,0.00036891267518512905,1.0000026226043701],[0.0,0.0,0.0],0.00021808584278915077
[-0.009129497222602367,-0.4485386312007904,-0.004603784065693617],[0.03312404826283455,0.032911721616983414,0.032092295587062836],[-0.000523143564350903,-0.0014790953136980534,-1.9273256839369424e-05,1.0000005960464478],[0.0,0.0,0.0],0.0002311273419763893
[-0.11039793491363525,-0.5148954391479492,-0.03819677606225014],[0.03189723193645477,0.033030759543180466,0.033171284943819046],[0.0007384737255051732,0.0012187447864562273,7.752633973723277e-05,1.0],[0.0,0.0,0.0],0.000227649332373403
[-0.14279456436634064,-0.4451754689216614,0.10457375645637512],[0.03239446133375168,0.03290584310889244,0.032175466418266296],[-0.0013847958762198687,-0.0023908638395369053,-0.00022555049508810043,1.0000032186508179],[0.0,0.0,0.0],0.0002218750596512109
[0.04121587797999382,-0.4382506012916565,0.014604408293962479],[0.030697109177708626,0.031141700223088264,0.03323410078883171],[0.0008370616706088185,0.0006648912676610053,-0.0006081564933992922,1.0],[0.0,0.0,0.0],0.00015626240929123014
[-0.11326875537633896,-0.36852484941482544,0.21878403425216675],[0.030515771359205246,0.0310283862054348,0.03261740133166313],[-7.432412530761212e-05,-3.9835071220295504e-05,-1.1195413208042737e-05,1.0],[0.0,0.0,0.0],1.8405822629574686e-05
[-0.07279084622859955,-0.22243338823318481,-0.2649075984954834],[0.03166566789150238,0.032109811902046204,0.029558997601270676],[0.0004870180564466864,0.0008377793128602207,-6.913996912771836e-05,1.0],[0.0,0.0,0.0],7.627992454217747e-05
[-0.07337169349193573,-0.3679465353488922,-0.2095365971326828],[0.028425289317965508,0.030856095254421234,0.03226669505238533],[-0.0002747714170254767,0.0007061128271743655,-0.002264223527163267,1.0000011920928955],[0.0,0.0,0.0],0.00022922678908798844
[-0.013926242478191853,-0.3561018109321594,-0.050499964505434036],[0.03245404362678528,0.03241830691695213,0.03051191382110119],[0.001481276354752481,0.00284473760984838,-0.001601582975126803,1.0000094175338745],[0.0,0.0,0.0],0.00023982630227692425
[0.0028315954841673374,-0.469997376203537,-0.07817111909389496],[0.030880959704518318,0.03220253810286522,0.03403150662779808],[-0.0006770321051590145,0.0025050078984349966,0.0015926366904750466,1.0000125169754028],[0.0,0.0,0.0],0.0002850469318218529
[-0.13636191189289093,-0.3430289924144745,0.10228709876537323],[0.032897528260946274,0.03271813318133354,0.03477083891630173],[0.0009659641073085368,0.0025463623460382223,-3.857409683405422e-05,1.0000050067901611],[0.0,0.0,0.0],0.00020405635586939752
[-0.08437733352184296,-0.393194317817688,0.16042765974998474],[0.03138572722673416,0.03334503620862961,0.03139930218458176],[0.00022994725441094488,0.0012664957903325558,0.0014691890683025122,1.0000014305114746],[0.0,0.0,0.0],0.0001357028231723234
[-0.034962937235832214,-0.34072962403297424,0.2162175476551056],[0.03164627403020859,0.030883273109793663,0.0343780592083931],[-0.0004955817712470889,0.001124837319366634,0.0006385553861036897,0.9999994039535522],[0.0,0.0,0.0],0.00014001544332131743
[-0.03670952096581459,-0.08864515274763107,-0.17509128153324127],[0.029727289453148842,0.031328897923231125,0.03163771331310272],[-0.00021912310330662876,-1.1566316061362159e-05,-0.0010491088032722473,1.0000003576278687],[0.0,0.0,0.0],7.292607187991962e-05
[-0.07107380777597427,-0.21054396033287048,-0.2656770944595337],[0.031833648681640625,0.0332748182117939,0.03084661066532135],[0.0025684782303869724,0.0012955127749592066,0.00017473867046646774,1.0000064373016357],[0.0,0.0,0.0],0.00022029055980965495
[-0.03914467245340347,-0.3033321499824524,-0.18108005821704865],[0.030616754665970802,0.03238258510828018,0.032179780304431915],[0.00016574515029788017,-0.0025498822797089815,0.00411525322124362,1.000034213066101],[0.0,0.0,0.0],0.0003058546863030642
[-0.11275079101324081,-0.2632814347743988,-0.0008593743550591171],[0.03311150148510933,0.03277341648936272,0.03196657449007034],[0.0029508972074836493,-0.00038584935828112066,-0.00029959913808852434,1.0000089406967163],[0.0,0.0,0.0],0.0002031089534284547
[-0.039500776678323746,-0.3491314649581909,0.08011221140623093],[0.032044101506471634,0.032542284578084946,0.031573474407196045],[0.0014091836055740714,-0.00013874660362489522,-0.00033180267200805247,1.000000238418579],[0.0,0.0,0.0],0.0001299644645769149
[-0.13704894483089447,-0.3075820803642273,0.19166846573352814],[0.03191843256354332,0.03313460573554039,0.03258410841226578],[0.00022717411047779024,-0.0009764363639988005,0.0004101493104826659,1.0],[0.0,0.0,0.0],8.673405682202429e-05
[-0.016213780269026756,-0.2158329337835312,0.24612852931022644],[0.03157424554228783,0.0321042537689209,0.032354794442653656],[0.0021105948835611343,0.001874297158792615,-0.0001484432868892327,1.0000035762786865],[0.0,0.0,0.0],8.020079985726625e-05
[-0.01888170838356018,-0.22351816296577454,0.24751973152160645],[0.03229999169707298,0.034092046320438385,0.03269636631011963],[-4.676395474234596e-05,3.182141517754644e-05,6.624653178732842e-05,1.0],[0.0,0.0,0.0],0.0001023753357003443
[0.035881105810403824,-0.17835648357868195,-0.234793022274971],[0.03209196403622627,0.033430345356464386,0.032378923147916794],[-3.2226625812370457e-09,0.00010420966282254085,-8.961618732428178e-05,1.0],[0.0,0.0,0.0],7.986909622559324e-05
[0.03646077960729599,-0.3513229191303253,-0.21771562099456787],[0.032396331429481506,0.03312041237950325,0.03225746005773544],[-0.00017239071894437075,-2.8632424800889567e-05,0.00014019120135344565,1.0],[0.0,0.0,0.0],0.00011397177149774507
[-0.09424882382154465,-0.15938061475753784,-0.17237742245197296],[0.031973112374544144,0.032347891479730606,0.03321627527475357],[-0.00037872695247642696,-0.0001352162507828325,-0.0024102518800646067,1.0000052452087402],[0.0,0.0,0.0],0.0003860789875034243
[-0.08027932792901993,-0.1513528674840927,-0.21764764189720154],[0.032346270978450775,0.03204132989048958,0.03298380598425865],[-0.0007252167561091483,-8.994309609988704e-05,0.0008761315839365125,1.0000001192092896],[0.0,0.0,0.0],0.00022732175420969725
[-0.12149576842784882,-0.14286170899868011,-0.05831402912735939],[0.030253609642386436,0.03162046894431114,0.03289235755801201],[0.0009792913915589452,-0.002468371530994773,0.002169886836782098,1.0000087022781372],[0.0,0.0,0.0],0.00021240166097413749
[-0.1364320069551468,-0.11289490759372711,0.08953597396612167],[0.030986880883574486,0.03171399235725403,0.03352326154708862],[-0.0005327043472789228,-0.0005626194761134684,0.00010049643606180325,1.0],[0.0,0.0,0.0],0.00011452921899035573
[-0.08145585656166077,-0.3288578391075134,0.12000393867492676],[0.03102945350110531,0.032356955111026764,0.0313936322927475],[0.0025789421051740646,0.0012417292455211282,-9.724125993670896e-05,1.0000051259994507],[0.0,0.0,0.0],0.00010262099385727197
[-0.04896717518568039,-0.23587818443775177,0.24603214859962463],[0.03128817677497864,0.03178541734814644,0.030564995482563972],[-0.0005172934615984559,7.614802598254755e-05,-0.0001473043521400541,1.0],[0.0,0.0,0.0],7.957508933031932e-05
[-0.10552986711263657,-0.1789027452468872,0.18576359748840332],[0.03267576918005943,0.03374668210744858,0.034264661371707916],[-4.990113666281104e-05,0.0002297202154295519,-4.365241329651326e-05,1.0],[0.0,0.0,0.0],2.556253457441926e-05
[0.034866366535425186,-0.15000534057617188,-0.26175886392593384],[0.029219267889857292,0.029896896332502365,0.02957218885421753],[0.00041019674972631037,-0.0009628597181290388,-0.0009561523329466581,1.0000007152557373],[0.0,0.0,0.0],0.0002409534645266831
[-0.037377770990133286,-0.09395990520715714,-0.17115001380443573],[0.027987508103251457,0.030930284410715103,0.032871656119823456],[0.001186531619168818,0.0016503738006576896,-0.0012936326675117016,1.0000076293945312],[0.0,0.0,0.0],0.0002997996925842017
[-0.05144592747092247,0.04374760016798973,0.042853716760873795],[0.031277693808078766,0.032669369131326675,0.03242630138993263],[0.0007359873270615935,1.8784024859996862e-06,0.00042650019167922437,1.0],[0.0,0.0,0.0],1.948548379004933e-05
[-0.132125124335289,-0.057948675006628036,0.17532813549041748],[0.03251691162586212,0.03355695679783821,0.03323151543736458],[-7.803113112458959e-05,-0.00033589114900678396,0.0010389812523499131,1.0],[0.0,0.0,0.0],1.7804561139200814e-05
[-0.07146619260311127,-0.03769955784082413,0.17222127318382263],[0.033357009291648865,0.0320020355284214,0.030809391289949417],[0.0002830284647643566,0.0007527893758378923,0.0014002835378050804,1.0000004768371582],[0.0,0.0,0.0],0.00013489252887666225
[-0.21187759935855865,0.0017521909903734922,0.24616719782352448],[0.03313256800174713,0.03343386948108673,0.034190915524959564],[-0.0006038513383828104,0.00015750882448628545,2.357479570491705e-05,1.0],[0.0,0.0,0.0],4.3095518776681274e-05
[-0.1544836163520813,-0.020208539441227913,0.29384341835975647],[0.03404828533530235,0.03444929048418999,0.03387973830103874],[0.00012317464279476553,0.0001925272517837584,-4.6738314267713577e-05,1.0],[0.0,0.0,0.0],2.216369284724351e-05
[0.09936238825321198,0.19678831100463867,-0.15673433244228363],[0.03412582352757454,0.034898508340120316,0.03424469754099846],[4.8161015001824126e-05,-3.9990969526115805e-05,0.00013213024067226797,1.0],[0.0,0.0,0.0],1.128128951677354e-05
[-0.041568100452423096,0.06767752766609192,-0.17889848351478577],[0.03282637149095535,0.03402521833777428,0.032951824367046356],[0.0002541028952691704,6.281067180680111e-05,-0.0003564764920156449,1.0],[0.0,0.0,0.0],4.6196713810786605e-05
[-0.17402730882167816,0.0657520517706871,-0.06610310822725296],[0.032034944742918015,0.0323219820857048,0.033263180404901505],[-0.00025960765196941793,-6.206065881997347e-05,-0.00017307858797721565,1.0],[0.0,0.0,0.0],2.2697970052831806e-05
[-0.1659918576478958,0.09724699705839157,0.01996961422264576],[0.03315568342804909,0.03335867077112198,0.033458247780799866],[-0.0002443331468384713,7.574386108899489e-05,-0.00017739582108333707,1.0],[0.0,0.0,0.0],1.529247128928546e-05
[-0.0450710728764534,0.057198360562324524,0.13760022819042206],[0.03331848978996277,0.03442110866308212,0.03135429695248604],[0.0004895956953987479,0.0004969998844899237,0.00040662672836333513,1.0],[0.0,0.0,0.0],2.345048187635257e-06
[-0.10123700648546219,0.0987422987818718,0.21160802245140076],[0.031064335256814957,0.03248528763651848,0.03391958400607109],[0.0001743080938467756,0.00030802315450273454,-0.0007507106638513505,1.0],[0.0,0.0,0.0],7.280540012288839e-05
[-0.25907647609710693,0.033787164837121964,0.2346733957529068],[0.03380919247865677,0.03447386249899864,0.0330674834549427],[-0.00018185861699748784,8.597898704465479e-05,-0.0003006689657922834,1.0],[0.0,0.0,0.0],3.3110227377619594e-05
[-0.12021282315254211,0.038235802203416824,0.3429397642612457],[0.03251893073320389,0.03264392912387848,0.03286910057067871],[-1.901943323900923e-05,-1.4590478713216726e-05,-7.962120434967801e-06,1.0],[0.0,0.0,0.0],2.5788976927287877e-06
[0.004934049677103758,0.06715869158506393,-0.21270304918289185],[0.03301891312003136,0.034088797867298126,0.034665822982788086],[-2.1316009224392474e-05,0.00012743545812554657,4.010374686913565e-05,1.0],[0.0,0.0,0.0],4.6946177462814376e-05
[-0.12584182620048523,0.13513067364692688,-0.34210726618766785],[0.032738689333200455,0.03478863835334778,0.03482963144779205],[9.845394743024372e-06,0.0007691827486269176,0.00039283549995161593,1.0],[0.0,0.0,0.0],2.4719920475035906e-05
[-0.10678965598344803,0.2525685727596283,-0.17227180302143097],[0.031144166365265846,0.0320524163544178,0.03110330179333687],[-0.0005635626148432493,9.813939686864614e-05,0.00019186116696801037,1.0],[0.0,0.0,0.0],7.96826061559841e-05
[-0.13134825229644775,0.3028493821620941,-0.037232544273138046],[0.030685599893331528,0.033208299428224564,0.032278768718242645],[0.000300044019240886,-0.0003475183038972318,0.00030732169398106635,1.0],[0.0,0.0,0.0],0.00010493266745470464
[-0.06960320472717285,0.2440274953842163,0.0616900734603405],[0.030848603695631027,0.03298141807317734,0.03213627263903618],[0.0002808676799759269,0.00026712994440458715,0.0012712877942249179,1.000001072883606],[0.0,0.0,0.0],5.8902212913380936e-05
[-0.11077579110860825,0.21488608419895172,0.23989121615886688],[0.03359406441450119,0.030397089198231697,0.029595430940389633],[-0.00030609138775616884,-0.0016760457074269652,0.0009309882880188525,1.0000017881393433],[0.0,0.0,0.0],7.920379721326753e-05
[-0.11390369385480881,0.19159938395023346,0.1632886826992035],[0.03220511972904205,0.03455960378050804,0.032567694783210754],[0.0005469236639328301,7.261254268087214e-06,6.400823622243479e-05,1.0],[0.0,0.0,0.0],2.354306161578279e-05
[-0.2211407870054245,0.030050523579120636,0.23274241387844086],[0.03312255069613457,0.03465408459305763,0.03369905427098274],[0.000372019421774894,2.4239121557911858e-05,0.00045694143045693636,1.0],[0.0,0.0,0.0],5.315717771736672e-06
[0.006057062651962042,0.22059568762779236,0.25219038128852844],[0.033083751797676086,0.03367526829242706,0.03379235044121742],[-4.094786709174514e-05,-5.766607864643447e-05,8.274603715108242e-06,1.0],[0.0,0.0,0.0],0.00010612670303089544
[-0.1016501858830452,0.2528679370880127,-0.2260630875825882],[0.03306795656681061,0.0347299687564373,0.034901268780231476],[-0.0001373992854496464,-3.4468241210561246e-05,0.0001984216651180759,1.0],[0.0,0.0,0.0],7.892862049629912e-05
[-0.2166481763124466,0.22869589924812317,-0.3075604736804962],[0.03456870838999748,0.03496124967932701,0.03349251672625542],[0.0002675416471902281,4.7027235268615186e-05,3.1056333682499826e-05,1.0],[0.0,0.0,0.0],7.978494977578521e-05
[-0.12257090955972672,0.336308091878891,-0.15753903985023499],[0.03244517371058464,0.03410518541932106,0.03401661291718483],[0.00018413523503113538,6.306628347374499e-05,-3.7665846321033314e-05,1.0],[0.0,0.0,0.0],7.890104461694136e-05
[-0.19287234544754028,0.3556147813796997,-0.14307110011577606],[0.03197696432471275,0.03297233581542969,0.03280128166079521],[9.893851529341191e-05,-3.672343518701382e-05,6.974353891564533e-05,1.0],[0.0,0.0,0.0],3.011100261574029e-06
[-0.1082935780286789,0.29680779576301575,0.08380035310983658],[0.03150258958339691,0.03303488343954086,0.03349599614739418],[0.0002885506546590477,0.00015441012510564178,0.0010397803271189332,1.0000003576278687],[0.0,0.0,0.0],1.6160427549039014e-05
[-0.11929900199174881,0.3819611668586731,0.09563124924898148],[0.032724492251873016,0.03379223123192787,0.03245355933904648],[0.0005915395449846983,0.00013340379518922418,0.00015894367243163288,1.0],[0.0,0.0,0.0],2.0614536424545804e-06
[-0.0584421381354332,0.38087403774261475,0.12859396636486053],[0.030137712135910988,0.0335380993783474,0.03276582062244415],[-1.7932105038198642e-05,-0.0004762586031574756,4.1180486732628196e-05,1.0],[0.0,0.0,0.0],1.4634369108534884e-05
[-0.09506618231534958,0.3740585446357727,0.06372115761041641],[0.03296706825494766,0.033588241785764694,0.034227535128593445],[-0.0002304627123521641,-0.0002872072218451649,-6.230601138668135e-05,1.0],[0.0,0.0,0.0],2.1692626432923134e-06
[-0.18881389498710632,0.23049727082252502,0.15575894713401794],[0.032869141548871994,0.03394492715597153,0.03259743005037308],[-0.00021453517547342926,0.00013205333380028605,0.0001832458219723776,1.0],[0.0,0.0,0.0],8.675398566992953e-05
[-0.19984187185764313,0.32955092191696167,-0.3216279149055481],[0.03374313563108444,0.03493204712867737,0.03434548154473305],[0.00025935962912626565,1.2767164662363939e-05,0.00018575035210233182,1.0],[0.0,0.0,0.0],8.096263627521694e-05
[0.020275026559829712,0.3549728989601135,-0.2104591280221939],[0.03455818071961403,0.03462567180395126,0.03485175222158432],[-0.00024816402583383024,2.5182765966746956e-05,-5.714775397791527e-05,1.0],[0.0,0.0,0.0],0.00010870925325434655
[-0.1310167908668518,0.42036449909210205,-0.044545773416757584],[0.03185174986720085,0.032790008932352066,0.0326935313642025],[3.442626621108502e-05,1.4619618013966829e-05,-4.080011058249511e-05,1.0],[0.0,0.0,0.0],5.674778367392719e-05
[-0.053177814930677414,0.36929887533187866,0.10319016873836517],[0.03218831494450569,0.03309636935591698,0.0315815731883049],[-3.443395689828321e-05,-9.300834790337831e-05,9.855464668362401e-06,1.0],[0.0,0.0,0.0],1.5119265299290419e-05
[0.0024094677064567804,0.33333131670951843,-0.0582464225590229],[0.033081069588661194,0.03395051136612892,0.034504812210798264],[-2.7316444175085053e-05,-0.0003103697672486305,0.0002677945012692362,1.0],[0.0,0.0,0.0],8.091719791991636e-05
[0.016773594543337822,0.3621755540370941,0.12529124319553375],[0.03558184951543808,0.03515135124325752,0.034911103546619415],[-0.0003258048964198679,1.6569536455790512e-05,-0.0002292274439241737,1.0],[0.0,0.0,0.0],3.2176580134546384e-05
[-6.17384648649022e-05,0.5650767683982849,0.24945886433124542],[0.034511059522628784,0.0345669649541378,0.034390274435281754],[5.969177436782047e-05,4.9893602408701554e-05,3.474298137007281e-05,1.0],[0.0,0.0,0.0],3.6726762573380256e-06
[-0.11646224558353424,0.593504786491394,-0.1490395963191986],[0.032747868448495865,0.03423650190234184,0.034750521183013916],[-0.0005318458424881101,-0.0002844498085323721,0.0006157971802167594,1.0],[0.0,0.0,0.0],8.599316788604483e-05
[-0.14897994697093964,0.5661267638206482,-0.17309999465942383],[0.03343162685632706,0.03369240462779999,0.033779025077819824],[7.925721729407087e-05,-8.560660353396088e-05,-5.434132617665455e-05,1.0],[0.0,0.0,0.0],7.918727351352572e-05
[-0.14987829327583313,0.539605975151062,-0.12395244091749191],[0.03357042372226715,0.03329003229737282,0.03373030945658684],[-0.0001226727181347087,2.3499054805142805e-05,-4.615046418621205e-05,1.0],[0.0,0.0,0.0],1.889500708784908e-06
[-0.2738211750984192,0.6389429569244385,0.011557178571820259],[0.03414606675505638,0.034279681742191315,0.03461582213640213],[-0.00040967142558656633,-6.188679981278256e-05,-6.713860057061538e-05,1.0],[0.0,0.0,0.0],5.669847269018646e-06
[0.03937360271811485,0.5696408152580261,0.02043960429728031],[0.03503911942243576,0.03473591431975365,0.03464457392692566],[0.00010025100345956162,1.3276889148983173e-05,-5.132026853971183e-05,1.0],[0.0,0.0,0.0],8.328989497385919e-05
[-0.12107862532138824,0.6725718379020691,-0.11556913703680038],[0.03440377861261368,0.0342034213244915,0.034596726298332214],[-0.00010224331344943494,-4.592150162352482e-06,0.00014221493620425463,1.0],[0.0,0.0,0.0],1.1556121535249986e-05
[-0.26561239361763,0.6481446027755737,-0.24355939030647278],[0.034913647919893265,0.034246571362018585,0.03465424105525017],[-0.0003024201432708651,4.577240179060027e-05,-0.0004108386056032032,1.0],[0.0,0.0,0.0],7.917918992461637e-05
[-0.2215636819601059,0.626553475856781,0.031852032989263535],[0.03499598428606987,0.034932442009449005,0.035279273986816406],[-0.0003256081254221499,1.206645629281411e-05,-7.534213364124298e-05,1.0],[0.0,0.0,0.0],4.778460606758017e-06
[-0.04581644758582115,0.8117117881774902,0.1285262554883957],[0.03464490920305252,0.0341978594660759,0.033842891454696655],[0.00031050085090100765,8.368324779439718e-05,-3.7637422792613506e-05,1.0],[0.0,0.0,0.0],1.405018224431842e-06
[0.07094394415616989,0.6644322276115417,0.2425685077905655],[0.03482511267066002,0.034171123057603836,0.03436980023980141],[-5.156650786375394e-07,7.25743593648076e-05,-4.795761196874082e-05,1.0],[0.0,0.0,0.0],4.5758773921988904e-05
[-0.08259254693984985,0.5760163068771362,0.18601775169372559],[0.034311648458242416,0.034406546503305435,0.03421923518180847],[0.00018331619503442198,4.965019616065547e-05,4.732412435259903e-06,1.0],[0.0,0.0,0.0],3.4667548334255116e-06
[-0.11249591410160065,0.829932689666748,0.3684510886669159],[0.0346086286008358,0.03550155833363533,0.03381190076470375],[0.0002778902417048812,0.0001291283842874691,0.00033727139816619456,1.0],[0.0,0.0,0.0],1.815162249840796e-05
[-0.12430805712938309,0.7400350570678711,-0.19061851501464844],[0.03493303805589676,0.034156620502471924,0.034704871475696564],[-0.000271368189714849,5.6707276598899625e-06,-0.00011237763101235032,1.0],[0.0,0.0,0.0],8.997926670417655e-06
[-0.25084030628204346,0.8811310529708862,-0.23531483113765717],[0.03435363993048668,0.034412410110235214,0.03495025262236595],[-0.00017146984464488924,6.755104550393298e-05,2.3143364160205238e-05,1.0],[0.0,0.0,0.0],2.7243029762757942e-05
[-0.11803659051656723,0.6594111323356628,0.014615166932344437],[0.03418434411287308,0.03470269963145256,0.034542977809906006],[5.09854726260528e-05,-7.184583955677226e-05,0.00014632793318014592,1.0],[0.0,0.0,0.0],1.0805177907968755e-06
[-0.028620107099413872,0.9425224661827087,0.3130008280277252],[0.03429614380002022,0.03404969722032547,0.034909602254629135],[-0.0007132185273803771,-0.00023834733292460442,-0.00022382408496923745,1.0],[0.0,0.0,0.0],2.23789375013439e-05
[0.00027237783069722354,0.7636996507644653,0.2181406170129776],[0.0343104787170887,0.034792039543390274,0.03482893854379654],[-0.00019789027282968163,-6.701611710013822e-05,9.109967504628003e-05,1.0],[0.0,0.0,0.0],1.3689676961803343e-05
[-0.023341625928878784,0.6293714046478271,0.343735933303833],[0.03325822949409485,0.033884625881910324,0.03346492350101471],[5.80359574087197e-06,-1.0549727448960766e-05,3.3099629945354536e-05,1.0],[0.0,0.0,0.0],4.283567614038475e-05
[0.14426828920841217,-0.8083885312080383,0.010518169030547142],[0.031521815806627274,0.030545443296432495,0.033378809690475464],[-0.00013683823635801673,-0.002191054169088602,6.243788084248081e-05,1.0000017881393433],[0.0,0.0,0.0],0.00030036160023882985
[0.03796662017703056,-0.7354527711868286,-0.08581321686506271],[0.03214395418763161,0.032898180186748505,0.03235827758908272],[-0.00011695289867930114,6.331269833026454e-05,0.00033794910996221006,1.0],[0.0,0.0,0.0],0.00010593190381769091
[0.09024985134601593,-0.7888172268867493,-0.10011452436447144],[0.031505029648542404,0.033064622431993484,0.031566083431243896],[-0.0005510548362508416,-0.00048788206186145544,0.0007329632062464952,0.9999972581863403],[0.0,0.0,0.0],0.00033030755002982914
[0.045417193323373795,-0.8602581024169922,-0.03758769854903221],[0.030603742226958275,0.03134205937385559,0.032688774168491364],[0.0003768234164454043,-0.0012076724087819457,0.0010213906643912196,0.9999983906745911],[0.0,0.0,0.0],0.0005893472116440535
[0.08530467003583908,-0.8325936794281006,0.062897689640522],[0.03305758908390999,0.031985729932785034,0.03323506563901901],[0.0007849552785046399,0.0005787553964182734,0.0017289601964876056,1.0000020265579224],[0.0,0.0,0.0],0.00025642922264523804
[0.21530775725841522,-0.75139319896698,0.10070546716451645],[0.0330352820456028,0.032496094703674316,0.03199236840009689],[0.00015964270278345793,0.0007681683637201786,0.00028020606259815395,1.0],[0.0,0.0,0.0],0.00011350423301337287
[0.10923988372087479,-0.7199905514717102,0.24873292446136475],[0.031822871416807175,0.031918153166770935,0.03195391595363617],[-1.7677659343462437e-05,4.035491656395607e-06,6.353084700094769e-06,1.0],[0.0,0.0,0.0],1.3248090908746235e-05
[0.07493742555379868,-0.7934029698371887,-0.120264433324337],[0.029817746952176094,0.03275259956717491,0.030849166214466095],[-0.0018119252054020762,-0.0026314121205359697,0.0028545395471155643,1.0000157356262207],[0.0,0.0,0.0],0.00028322110301814973
[0.0026388640981167555,-0.7760260105133057,-0.0670202374458313],[0.030104966834187508,0.031280267983675,0.0323735848069191],[0.0021738780196756124,-0.004216477274894714,-0.0008652831893414259,1.0000579357147217],[0.0,0.0,0.0],0.0007566676358692348
[-0.010435773059725761,-0.72911137342453,0.045676615089178085],[0.02858181670308113,0.03233831748366356,0.03261556103825569],[0.0003764995781239122,-0.0019142543897032738,8.202782919397578e-05,1.0000118017196655],[0.0,0.0,0.0],0.0008716572192497551
[0.05145587399601936,-0.7241243124008179,0.09046996384859085],[0.03281291574239731,0.030847180634737015,0.0336657352745533],[-0.0018851883942261338,-0.0005591973313130438,-2.817900531226769e-05,1.000001311302185],[0.0,0.0,0.0],0.0006182849174365401
[0.1170736774802208,-0.49016913771629333,-0.07016708701848984],[0.030266055837273598,0.0326613150537014,0.034048933535814285],[0.0006824539159424603,0.002424247795715928,-0.0001425380614819005,1.000006079673767],[0.0,0.0,0.0],0.00018047282355837524
[0.07638242840766907,-0.6404799818992615,-0.04317091405391693],[0.032208796590566635,0.03170846402645111,0.03293885663151741],[-0.001673563034273684,-0.0008339248597621918,0.0014083570567891002,1.0000042915344238],[0.0,0.0,0.0],0.0006285291747190058
[-0.03465383127331734,-0.6587632298469543,-0.007808095309883356],[0.02876717410981655,0.03347207233309746,0.033036697655916214],[-0.0011374512687325478,-0.003053755732253194,0.00275059905834496,1.0000581741333008],[0.0,0.0,0.0],0.0008633166435174644
[0.051396969705820084,-0.6300678849220276,0.07132278382778168],[0.030646562576293945,0.032464101910591125,0.032518744468688965],[0.0002916734083555639,-0.00122059544082731,0.001123923109844327,1.000001072883606],[0.0,0.0,0.0],0.0006962859188206494
[0.18537122011184692,-0.6658771634101868,0.06836388260126114],[0.031366538256406784,0.03074323944747448,0.032439060509204865],[-0.0002920603146776557,-0.0014763370854780078,-0.0002621337480377406,1.0000008344650269],[0.0,0.0,0.0],0.0002603158063720912
[0.0758429765701294,-0.7281473875045776,0.09063362330198288],[0.031021641567349434,0.03297540172934532,0.03223494067788124],[-5.278813841869123e-05,-0.00030408764723688364,-0.00013685844896826893,1.0],[0.0,0.0,0.0],6.9693760451627895e-06
[0.005336446221917868,-0.3420926332473755,-0.17883476614952087],[0.033695824444293976,0.032605305314064026,0.03142682462930679],[0.000274336664006114,9.350183245260268e-05,-0.00025094812735915184,1.0],[0.0,0.0,0.0],5.329101622919552e-05
[0.08645815402269363,-0.40791022777557373,-0.1311236023902893],[0.03143974393606186,0.03297210857272148,0.03255000710487366],[5.250340109341778e-05,0.001971329329535365,0.00034564899397082627,1.0000009536743164],[0.0,0.0,0.0],0.00025559571804478765
[-0.049590714275836945,-0.554002046585083,-0.07684364914894104],[0.03398078307509422,0.03177836164832115,0.033920273184776306],[0.003661655355244875,0.0014156654942780733,-0.0010409256210550666,1.0000293254852295],[0.0,0.0,0.0],0.0004618032253347337
[0.09486744552850723,-0.5151699781417847,0.026348065584897995],[0.0306685958057642,0.03337980806827545,0.03031546249985695],[-0.00323453638702631,0.00019017366867046803,0.0009003466693684459,1.0000414848327637],[0.0,0.0,0.0],0.0007692566723562777
[0.03615923598408699,-0.6023288369178772,0.03620710223913193],[0.033040598034858704,0.03445974737405777,0.03428034111857414],[-0.002177390968427062,0.0007613781490363181,-0.0007332282839342952,1.000002145767212],[0.0,0.0,0.0],0.0004006316012237221
[0.021971184760332108,-0.5204656720161438,0.1793610155582428],[0.03126721829175949,0.03289809823036194,0.03093128651380539],[0.002730070147663355,-0.0011683222837746143,-0.00010066379036288708,1.0000052452087402],[0.0,0.0,0.0],0.0002362205123063177
[0.007820735685527325,-0.32641077041625977,0.15154293179512024],[0.03234418109059334,0.03021428920328617,0.031338438391685486],[-6.795865920139477e-05,0.0004784392658621073,0.0003330523904878646,1.0],[0.0,0.0,0.0],6.530024256790057e-05
[0.024796459823846817,-0.2845793664455414,-0.2797482907772064],[0.02810787782073021,0.032072264701128006,0.03002840280532837],[0.0012343900743871927,0.0005815207841806114,-0.0018370283069089055,1.0000033378601074],[0.0,0.0,0.0],0.00015499675646424294
[0.028697187080979347,-0.36234116554260254,-0.21882329881191254],[0.03197900950908661,0.033159710466861725,0.033445823937654495],[0.0003271339228376746,-0.0006257370114326477,0.0007733371458016336,0.9999998211860657],[0.0,0.0,0.0],0.00014516737428493798
[0.012493226677179337,-0.37617748975753784,-0.13110768795013428],[0.032924551516771317,0.031580597162246704,0.03251747414469719],[-0.0018300004303455353,0.0020388993434607983,0.00014195533003658056,1.000006914138794],[0.0,0.0,0.0],0.0005927995080128312
[0.06312727183103561,-0.46010497212409973,-0.041491806507110596],[0.03265475854277611,0.032300062477588654,0.03435621038079262],[-0.0010880217887461185,0.0014932346530258656,-0.0005012695328332484,1.0000033378601074],[0.0,0.0,0.0],0.000429890671512112
[0.043258775025606155,-0.43499886989593506,0.030115006491541862],[0.03191475570201874,0.03093155100941658,0.03378136083483696],[-0.0002224030322395265,-0.001163107925094664,0.003020636271685362,1.0000078678131104],[0.0,0.0,0.0],0.0004238259280100465
[-0.030812673270702362,-0.43937742710113525,0.1256745159626007],[0.03139076009392738,0.03250443935394287,0.034040480852127075],[0.0005809355061501265,0.0010486803948879242,0.00048649843665771186,0.9999999403953552],[0.0,0.0,0.0],0.00011115238157799467
[-0.03986472263932228,-0.43291333317756653,0.17189577221870422],[0.031052937731146812,0.03197508677840233,0.033928282558918],[-3.161764470860362e-05,-0.0002861962129827589,0.00032908920547924936,1.0],[0.0,0.0,0.0],5.267596498015337e-05
[0.046744104474782944,-0.24954919517040253,-0.2511182427406311],[0.03307347744703293,0.0321367010474205,0.03091113455593586],[-8.072789933066815e-05,7.997260399861261e-05,-0.00014989098417572677,1.0],[0.0,0.0,0.0],8.822537347441539e-05
[0.13283027708530426,-0.3542363941669464,-0.24168123304843903],[0.03176678717136383,0.031258706003427505,0.03156992793083191],[-0.00039951191865839064,-0.00036302063381299376,1.2760042409354355e-05,1.0],[0.0,0.0,0.0],0.00014343875227496028
[0.011823010630905628,-0.2733946740627289,-0.19900448620319366],[0.03126657009124756,0.033146221190690994,0.030059128999710083],[-0.0008446802385151386,0.0016696449602022767,-0.001720479573123157,1.0000054836273193],[0.0,0.0,0.0],0.00026325200451537967
[-0.057037245482206345,-0.2566705048084259,-0.12498726695775986],[0.034118227660655975,0.031392067670822144,0.030765054747462273],[-0.0003982828638982028,-0.002450230298563838,-0.0003825252933893353,1.0000067949295044],[0.0,0.0,0.0],0.00029788754181936383
[0.05129711702466011,-0.27722078561782837,-0.005763572175055742],[0.03302042558789253,0.03136996552348137,0.03395406901836395],[-0.001489680609665811,0.0009774003410711884,0.0036056251265108585,1.0000147819519043],[0.0,0.0,0.0],0.0001689362252363935
[-0.027898315340280533,-0.23208865523338318,0.12267689406871796],[0.032956816256046295,0.02998354844748974,0.03427327796816826],[-0.004297248087823391,0.0007308163912966847,0.0014332183636724949,1.0000665187835693],[0.0,0.0,0.0],0.00029633258236572146
[-0.08383309096097946,-0.1875779926776886,0.0928480476140976],[0.03213877230882645,0.03361150249838829,0.03369230404496193],[0.00012209669512230903,0.00032769187237136066,0.00045398453949019313,1.0],[0.0,0.0,0.0],4.689533307100646e-05
[-0.16363349556922913,-0.3376028537750244,0.18023312091827393],[0.032139852643013,0.031630367040634155,0.033113032579422],[-0.0008908573654480278,-1.0270710845361464e-05,-0.0004964038962498307,1.0],[0.0,0.0,0.0],1.7676493371254764e-05
[-0.04619689658284187,-0.47305530309677124,0.12383781373500824],[0.032317761331796646,0.03317887336015701,0.034457117319107056],[0.00020339939510449767,-3.8576861697947606e-05,0.00015386706218123436,1.0],[0.0,0.0,0.0],6.427738117054105e-05
[-0.018414229154586792,-0.21834051609039307,-0.20000766217708588],[0.03299642726778984,0.032658979296684265,0.03227156773209572],[-8.403516403632239e-05,0.00014866123092360795,8.574711682740599e-05,1.0],[0.0,0.0,0.0],0.00016664214490447193
[0.01150083914399147,-0.2112502008676529,-0.2258237898349762],[0.03307756036520004,0.033542800694704056,0.03271782025694847],[0.000594733573962003,0.0007044724770821631,0.0004446140956133604,1.0],[0.0,0.0,0.0],0.00015580296167172492
[0.08085910230875015,-0.09933128952980042,-0.12810370326042175],[0.031224321573972702,0.032182469964027405,0.03254043310880661],[-0.00046664130059070885,-0.0031437380239367485,-0.00300691113807261,1.0000219345092773],[0.0,0.0,0.0],0.0002893065975513309
[-0.041430968791246414,-0.09742133319377899,0.017669474706053734],[0.033122945576906204,0.03245405852794647,0.03232278302311897],[0.0008455354254692793,-0.000491898215841502,-9.03071413631551e-05,1.0],[0.0,0.0,0.0],9.526500798529014e-05
[-0.02418452315032482,-0.06858458369970322,-0.0660405382514],[0.03209399804472923,0.030663449317216873,0.03327008709311485],[0.0019094073213636875,-0.0006554320571012795,-0.00019874524150509387,1.0000025033950806],[0.0,0.0,0.0],0.00010655019286787137
[0.012010687962174416,-0.2424834966659546,0.2554149627685547],[0.03169168159365654,0.03232193365693092,0.03153609111905098],[-5.707247328246012e-05,7.689087215112522e-05,-0.00015960952441673726,1.0],[0.0,0.0,0.0],0.00011990147322649136
[0.026594148948788643,-0.21929921209812164,0.14668329060077667],[0.03147948160767555,0.03217606991529465,0.033468302339315414],[2.5980434656958096e-05,-0.00030893724760971963,-0.00015443719166796654,1.0],[0.0,0.0,0.0],6.447784835472703e-05
[-0.029203681275248528,-0.24198181927204132,0.035621438175439835],[0.03325296565890312,0.0337001234292984,0.03328249976038933],[-1.0584966503301985e-07,0.00039390745223499835,0.00016849050007294863,1.0],[0.0,0.0,0.0],9.541707549942657e-05
[0.12915056943893433,-0.19405926764011383,-0.2598162889480591],[0.03338588401675224,0.033493414521217346,0.03332087770104408],[4.29719002568163e-05,-0.00021015990932937711,0.000291565025690943,1.0],[0.0,0.0,0.0],8.481332042720169e-05
[0.05891980230808258,-0.1831439882516861,-0.171245276927948],[0.032305799424648285,0.03336641192436218,0.031255558133125305],[0.00034935251460410655,3.686596028273925e-05,-0.00021810672478750348,1.0],[0.0,0.0,0.0],4.50735715276096e-05
[-0.06316625326871872,-0.124333955347538,-0.19687961041927338],[0.031741052865982056,0.031015293672680855,0.03257996588945389],[-0.0008421961683779955,0.0007933606393635273,0.0038141554687172174,1.0000137090682983],[0.0,0.0,0.0],0.00018697019550018013
[0.04090319201350212,-0.10421410948038101,-0.09511952102184296],[0.03290530666708946,0.0327909030020237,0.03177684172987938],[-0.000405245169531554,0.00032018436468206346,-0.0017668139189481735,1.0],[0.0,0.0,0.0],7.699994603171945e-05
[-0.026898201555013657,-0.12379010021686554,0.05023140087723732],[0.032877638936042786,0.033797185868024826,0.033244431018829346],[4.2392337491037324e-05,1.4478114280791488e-05,-0.000795651925727725,1.0],[0.0,0.0,0.0],0.00015541880566161126
[0.05524013191461563,-0.02900994010269642,0.19126258790493011],[0.03034157119691372,0.0340394489467144,0.02946174517273903],[-0.001288128667511046,0.000256955623626709,0.001220196601934731,1.0000007152557373],[0.0,0.0,0.0],5.3584444685839117e-05
[0.075046606361866,-0.01672075130045414,0.16330745816230774],[0.030173366889357567,0.0326852910220623,0.034107185900211334],[-0.0006245052791200578,-0.0006628877599723637,-0.0005583520978689194,0.9999993443489075],[0.0,0.0,0.0],5.990281715639867e-05
[-0.05962086096405983,0.02642759680747986,0.3370654881000519],[0.031041596084833145,0.03219093754887581,0.03494259715080261],[-0.0009000145946629345,-5.313324436428957e-06,-0.0002564748574513942,1.0],[0.0,0.0,0.0],6.824508454883471e-05
[0.023899627849459648,0.05262748524546623,-0.3194781243801117],[0.03366115689277649,0.03458035737276077,0.032687172293663025],[-8.247695950558409e-05,1.0238608410872985e-05,-0.00013277541438583285,1.0],[0.0,0.0,0.0],6.36608965578489e-05
[0.03842868655920029,-0.09551528096199036,-0.09017106145620346],[0.03328908607363701,0.033994778990745544,0.03211024031043053],[5.172316014068201e-05,0.0001324796030530706,9.896980918711051e-05,1.0],[0.0,0.0,0.0],9.179027983918786e-05
[-0.025974106043577194,0.018387166783213615,-0.0915704295039177],[0.03269369900226593,0.030976679176092148,0.03245830535888672],[0.00020299744210205972,9.321230027126148e-05,0.0011322880163788795,0.9999994039535522],[0.0,0.0,0.0],3.836295582004823e-05
[0.054811812937259674,0.020048009231686592,0.06145637854933739],[0.02917829528450966,0.03232879564166069,0.031045138835906982],[-0.00021621274936478585,-0.0011705212527886033,0.0031216165516525507,1.0000078678131104],[0.0,0.0,0.0],5.8343110140413046e-05
[-0.03633692115545273,0.029169688001275063,0.05990735813975334],[0.032967839390039444,0.031770579516887665,0.033554136753082275],[-9.463341120863333e-05,0.00011052215995732695,0.0001787527435226366,1.0],[0.0,0.0,0.0],1.1488481504784431e-05
[-0.0022458748426288366,0.12869764864444733,0.23706234991550446],[0.03338058665394783,0.033288054168224335,0.03283797204494476],[0.0002031879557762295,-0.00023392621369566768,-0.00020957336528226733,1.0],[0.0,0.0,0.0],0.00019431565306149423
[0.013385566882789135,0.006161962170153856,0.30985891819000244],[0.032430097460746765,0.03219019994139671,0.03373709321022034],[0.00018655900203157216,-0.00035557441879063845,-0.0003619676281232387,1.0],[0.0,0.0,0.0],9.28192530409433e-05
[0.056317370384931564,0.08691959083080292,0.23367150127887726],[0.033419933170080185,0.033116381615400314,0.03451067954301834],[0.00022894366702530533,-2.6152050850214437e-05,9.733940714795608e-06,1.0],[0.0,0.0,0.0],1.7997639588429593e-05
[-0.0038960929960012436,0.4377693831920624,-0.2968144416809082],[0.033660080283880234,0.034217048436403275,0.034216586500406265],[6.803877477068454e-05,-9.624414087738842e-05,1.5961279132170603e-05,1.0],[0.0,0.0,0.0],3.528687739162706e-05
[-0.045402806252241135,0.17063306272029877,-0.1941925585269928],[0.034142542630434036,0.03438952565193176,0.033978432416915894],[-0.00018272675515618175,-3.4064840292558074e-05,-0.00025440804893150926,1.0],[0.0,0.0,0.0],1.1763537258957513e-05
[0.0923433005809784,0.33963003754615784,-0.09761405736207962],[0.03266479820013046,0.03329291194677353,0.0322638601064682],[1.5019864804344252e-05,-0.00015022190927993506,0.0001312188251176849,1.0],[0.0,0.0,0.0],8.060100662987679e-05
[0.04252785071730614,0.13958054780960083,-0.08580620586872101],[0.03428459167480469,0.034529995173215866,0.03404179960489273],[3.4323824365856126e-05,0.00012423562293406576,-2.5060006009880453e-05,1.0],[0.0,0.0,0.0],5.736017556046136e-06
[-0.03713487461209297,0.23632429540157318,0.04253759980201721],[0.03197968006134033,0.03031587414443493,0.02960214577615261],[0.0004946061526425183,0.0006219222559593618,0.0010919830529019237,1.0],[0.0,0.0,0.0],8.421618986176327e-05
[0.0355478972196579,0.0845978856086731,0.09883836656808853],[0.03315870091319084,0.034208592027425766,0.03252565488219261],[0.00029250254738144577,7.51405896153301e-05,0.00018846629245672375,1.0],[0.0,0.0,0.0],9.555016731610522e-06
[-0.09551870077848434,0.30646345019340515,0.18464167416095734],[0.032220739871263504,0.03329218551516533,0.032541316002607346],[0.00042764691170305014,-0.00033325684489682317,-3.6613913835026324e-05,1.0],[0.0,0.0,0.0],8.663401240482926e-05
[-0.028228474780917168,0.21600715816020966,0.07641566544771194],[0.03413625806570053,0.03268839791417122,0.03301936760544777],[-7.245973392855376e-05,-8.097018871922046e-05,-0.00025652057956904173,1.0],[0.0,0.0,0.0],8.108223119052127e-05
[0.07907838374376297,0.26303234696388245,0.19173704087734222],[0.03367951884865761,0.03480733558535576,0.03455786406993866],[3.049671977350954e-05,-0.00023442937526851892,-1.3179468624002766e-05,1.0],[0.0,0.0,0.0],2.9783780064462917e-06
[-0.17960987985134125,0.4959860146045685,-0.1894245594739914],[0.03389047086238861,0.03486361727118492,0.03495693951845169],[-8.495277870679274e-05,-0.00033166841603815556,0.000284790265141055,1.0],[0.0,0.0,0.0],1.982053254323546e-05
[-0.1189626008272171,0.3461707532405853,-0.1426224410533905],[0.0333186499774456,0.03433838114142418,0.03327500820159912],[0.0002601839369162917,7.87792305345647e-05,7.503615051973611e-05,1.0],[0.0,0.0,0.0],1.6342673916369677e-05
[-0.03407082334160805,0.37491580843925476,-0.28061532974243164],[0.03361218795180321,0.034699343144893646,0.034119654446840286],[0.0001620469702174887,8.923375571612269e-05,0.00040278598316945136,1.0],[0.0,0.0,0.0],0.00010082910011988133
[-0.07448773086071014,0.33277201652526855,-0.07463084906339645],[0.03279753029346466,0.0335090309381485,0.034904710948467255],[-0.000361787824658677,0.00034402572782710195,-0.000662967620883137,1.0],[0.0,0.0,0.0],5.592037723545218e-06
[-0.04579659551382065,0.3174774646759033,0.04044264182448387],[0.03306930139660835,0.03283446282148361,0.033307723701000214],[-0.00013207887241151184,1.0646748705767095e-05,-0.00013964388926979154,1.0],[0.0,0.0,0.0],3.1624490475223865e-06
[-0.03135168179869652,0.431015282869339,0.10334313660860062],[0.03322796896100044,0.032153982669115067,0.029938004910945892],[-0.0008433396578766406,-0.0004511468287091702,0.000340461905580014,1.0],[0.0,0.0,0.0],6.539013156725559e-06
[0.01279974915087223,0.30214375257492065,0.1750151813030243],[0.03308344632387161,0.03191576898097992,0.0312880203127861],[2.2593094399780966e-05,-3.864119935315102e-05,-0.00015544593043159693,1.0],[0.0,0.0,0.0],4.691519643529318e-05
[0.044736143201589584,0.13209666311740875,0.19112108647823334],[0.03258969634771347,0.03144800662994385,0.03408455848693848],[-0.0011303662322461605,-0.00035216863034293056,0.0005474507343024015,1.0000007152557373],[0.0,0.0,0.0],9.067397331818938e-05
[-0.06253260374069214,0.24246856570243835,0.2266349345445633],[0.0348147377371788,0.03434690088033676,0.03504052013158798],[-0.0001780860184226185,-1.3851815310772508e-05,7.1389731601811945e-06,1.0],[0.0,0.0,0.0],0.00010175616625929251
[-0.13665476441383362,0.4138488173484802,0.3229391872882843],[0.03503640741109848,0.0345938503742218,0.03467746451497078],[2.049967042694334e-05,-8.927358976507094e-07,-2.665788542799419e-06,1.0],[0.0,0.0,0.0],8.193719986593351e-05
[0.04446631669998169,0.3168160021305084,-0.17709608376026154],[0.03224211558699608,0.03408224508166313,0.033745747059583664],[0.0001849005784606561,-0.00046262273099273443,0.00022122016525827348,1.0],[0.0,0.0,0.0],4.2446940824447665e-06
[-0.012146089226007462,0.4533904790878296,-0.16583223640918732],[0.03037034347653389,0.03146316856145859,0.033844899386167526],[-0.001312015112489462,-0.0006555392174050212,-0.00020213417883496732,1.000001072883606],[0.0,0.0,0.0],1.2555222383525688e-05
[0.03955269977450371,0.5034213662147522,0.004266703967005014],[0.03306625038385391,0.03427964821457863,0.03400890529155731],[-0.0001059825808624737,-0.0003449002397246659,-7.981473027030006e-05,1.0],[0.0,0.0,0.0],8.037389488890767e-05
[-0.0021512082312256098,0.4232807457447052,-0.11543895304203033],[0.03416888043284416,0.034692682325839996,0.034196171909570694],[0.0002191455860156566,7.859806828491855e-06,6.834368105046451e-05,1.0],[0.0,0.0,0.0],3.364893200341612e-05
[0.011634130030870438,0.38266313076019287,0.08884327858686447],[0.03341822326183319,0.03430745005607605,0.032769691199064255],[0.0010867215460166335,1.91868057299871e-05,-0.00010928846313618124,1.0000001192092896],[0.0,0.0,0.0],2.715608206926845e-05
[-0.043505363166332245,0.30502960085868835,0.10871418565511703],[0.03460535407066345,0.03528553992509842,0.03486446291208267],[7.232317875605077e-05,3.83394472009968e-05,-0.00012956549471709877,1.0],[0.0,0.0,0.0],7.4941931416105945e-06
[0.052468664944171906,0.5161393880844116,0.3369675576686859],[0.034692347049713135,0.03414301946759224,0.0341404490172863],[1.1254009223193862e-05,7.187477604020387e-05,-9.430613135918975e-05,1.0],[0.0,0.0,0.0],4.420860477694077e-06
[-0.029524577781558037,0.5360909104347229,-0.4987829625606537],[0.032470233738422394,0.03306130692362785,0.03269875422120094],[1.702356166788377e-05,-2.6946088382828748e-06,-5.655130621562421e-07,1.0],[0.0,0.0,0.0],1.2019968380627688e-06
[0.035948239266872406,0.5296206474304199,-0.004923621192574501],[0.0343407578766346,0.034174129366874695,0.03443434461951256],[-2.9198412448749878e-05,2.832123209373094e-05,-0.0001149396484834142,1.0],[0.0,0.0,0.0],8.51709337439388e-05
[0.11776785552501678,0.36795514822006226,-0.2220102697610855],[0.034065503627061844,0.03436119854450226,0.034432247281074524],[-1.1828925380541477e-05,-4.110462759854272e-05,-0.00011492345220176503,1.0],[0.0,0.0,0.0],8.424089173786342e-05
[0.10606640577316284,0.40112611651420593,-0.13879787921905518],[0.034889884293079376,0.03488023951649666,0.033101748675107956],[0.0015255765756592155,0.00024916260736063123,0.0003970836696680635,1.0000017881393433],[0.0,0.0,0.0],3.47403074556496e-05
[0.058453381061553955,0.694067120552063,0.17701923847198486],[0.03368330001831055,0.03442626819014549,0.03453011438250542],[-6.552689592354e-05,-5.046496880822815e-05,0.00018747997819446027,1.0],[0.0,0.0,0.0],5.870038876309991e-05
[0.025389699265360832,0.7517525553703308,0.218739852309227],[0.034273065626621246,0.03430965915322304,0.03478272259235382],[-0.0001747620408423245,3.464825510945957e-07,-3.90382410841994e-05,1.0],[0.0,0.0,0.0],4.440207703737542e-05
[0.13664519786834717,0.5901393890380859,0.3101445734500885],[0.03376327082514763,0.033820003271102905,0.03437308594584465],[-0.0003693563339766115,-5.30130164406728e-05,-2.1381836631917395e-05,1.0],[0.0,0.0,0.0],7.321926204895135e-06
[-0.08468811959028244,0.6777803301811218,-0.10651326924562454],[0.03386856988072395,0.032031361013650894,0.03401879593729973],[-0.0005503958673216403,-2.8822998501709662e-05,0.00038357378798536956,1.0],[0.0,0.0,0.0],1.0669691619114019e-05
[-0.02623360976576805,0.8138535618782043,-0.07349594682455063],[0.03372887149453163,0.033577851951122284,0.03440888971090317],[-0.0002777922200039029,-7.047332474030554e-05,-6.948277587071061e-05,1.0],[0.0,0.0,0.0],4.592671029968187e-05
[0.009299291297793388,0.7689905762672424,-0.0774768516421318],[0.03393164277076721,0.034239720553159714,0.0344742052257061],[-0.00023696916468907148,-5.12391998199746e-05,1.6252093701041304e-05,1.0],[0.0,0.0,0.0],1.8268792700837366e-05
[-0.05406861752271652,0.7993685603141785,0.0990573912858963],[0.03489163890480995,0.034704916179180145,0.03448010981082916],[0.0003855933900922537,8.591206278651953e-05,3.1508909160038456e-05,1.0],[0.0,0.0,0.0],2.8958173061255366e-05
[0.07208297401666641,0.6537059545516968,0.12060999125242233],[0.035180188715457916,0.033946696668863297,0.03441881388425827],[-5.653610423905775e-05,-4.114782768738223e-06,-9.851384675130248e-05,1.0],[0.0,0.0,0.0],1.1759174412873108e-05
[-0.057433418929576874,0.5509243607521057,0.18915680050849915],[0.034696049988269806,0.03485116735100746,0.03444273769855499],[6.235335604287684e-05,-1.3260148080007639e-05,1.5784915376571007e-05,1.0],[0.0,0.0,0.0],4.899988653050968e-06
[-0.13195183873176575,0.7277231216430664,0.2734239399433136],[0.033726103603839874,0.03372173011302948,0.0334511362016201],[3.5765777283813804e-05,1.9807917851721868e-05,-1.4902955626894254e-05,1.0],[0.0,0.0,0.0],1.139605046773795e-06
[-0.09791935235261917,0.7289279103279114,-0.18239453434944153],[0.034736815840005875,0.03451227769255638,0.03390727937221527],[0.000110498076537624,-3.6944347812095657e-06,-4.636646553990431e-05,1.0],[0.0,0.0,0.0],7.853204806451686e-06
[0.035825736820697784,0.834848940372467,0.07650691270828247],[0.03353085741400719,0.03259807825088501,0.034542638808488846],[-0.0005694846622645855,4.608161179930903e-05,-6.354312790790573e-05,1.0],[0.0,0.0,0.0],2.3370335838990286e-05
[-0.01614321954548359,0.7379836440086365,0.0852581337094307],[0.03355999290943146,0.03439600020647049,0.03403892740607262],[5.1855749916285276e-05,2.914814649557229e-05,8.195463306037709e-05,1.0],[0.0,0.0,0.0],4.378126686788164e-05
[-0.022758174687623978,0.9272022843360901,0.15877968072891235],[0.03417056053876877,0.03369065001606941,0.03438334912061691],[-0.00017317426681984216,7.997117063496262e-05,-0.00020510758622549474,1.0],[0.0,0.0,0.0],1.4786069186811801e-05
[-0.07032595574855804,0.9425051212310791,0.20920085906982422],[0.034307658672332764,0.03400012105703354,0.03523573651909828],[-0.0004920354695059359,3.0978646918811137e-06,-0.00011402633390389383,1.0],[0.0,0.0,0.0],2.2206397261470556e-05
[-0.04803821071982384,0.8585817217826843,0.2917845845222473],[0.03396866098046303,0.03568267077207565,0.035160262137651443],[0.0004656611999962479,-0.00047905000974424183,0.0002578907588031143,1.0],[0.0,0.0,0.0],3.121989720966667e-05
[0.02488548681139946,0.5307761430740356,0.2223944067955017],[0.03393908590078354,0.034068576991558075,0.03354807198047638],[4.0519345930079e-05,1.161526142823277e-05,9.57999873207882e-06,1.0],[0.0,0.0,0.0],4.3359314076951705e-06
[0.21326103806495667,-0.8183408379554749,-0.12807640433311462],[0.03112117573618889,0.03179807588458061,0.032568544149398804],[-0.0008431347087025642,0.0007109533762559295,-0.0003288297157268971,0.9999991655349731],[0.0,0.0,0.0],0.00015758704103063792
[0.1497492790222168,-0.8118429780006409,-0.03349694609642029],[0.0314159132540226,0.030724167823791504,0.031821392476558685],[-8.806083496892825e-05,-0.0001373029954265803,-0.0005001535173505545,1.0],[0.0,0.0,0.0],0.00017974100774154067
[0.2522611916065216,-0.76954585313797,-0.09791139513254166],[0.033688779920339584,0.03151653707027435,0.03254411369562149],[8.988112676888704e-05,0.00039748140261508524,0.0011046533472836018,0.9999999403953552],[0.0,0.0,0.0],0.00012181041529402137
[0.03916781023144722,-0.7746502757072449,0.0062162503600120544],[0.0315932035446167,0.03224575147032738,0.03414858505129814],[0.00041656134999357164,-0.0005848965956829488,-0.0004330698575358838,1.0000001192092896],[0.0,0.0,0.0],0.00028370405198074877
[0.03851472586393356,-0.8198766708374023,0.08546901494264603],[0.03257003426551819,0.032590337097644806,0.0343291312456131],[-0.0006265860283747315,-0.0006475538830272853,-1.5132459338929038e-05,1.0],[0.0,0.0,0.0],5.7722951169125736e-05
[0.14628882706165314,-0.8919228315353394,-0.025198986753821373],[0.03203723207116127,0.029135599732398987,0.03348391875624657],[0.004762743599712849,0.0006526239449158311,-0.003340937430039048,1.0001925230026245],[0.0,0.0,0.0],0.0007095254259184003
[0.09534149616956711,-0.8796454668045044,0.024398911744356155],[0.03388714790344238,0.027806490659713745,0.031952787190675735],[-0.0024879476986825466,0.0022559496574103832,-0.004818492569029331,1.0003401041030884],[0.0,0.0,0.0],0.0008081152336671948
[0.13358746469020844,-0.8589768409729004,0.08296758681535721],[0.03202633559703827,0.032275401055812836,0.032503534108400345],[-0.0022781803272664547,5.246917862677947e-05,-0.0005373685853555799,1.0000035762786865],[0.0,0.0,0.0],0.0004468546831049025
[0.12763069570064545,-0.7349080443382263,0.005557945463806391],[0.028636116534471512,0.031062515452504158,0.033631332218647],[0.0006040557054802775,-0.00010259549162583426,-3.4409426007186994e-05,0.9999995827674866],[0.0,0.0,0.0],0.0002470574981998652
[0.13951393961906433,-0.7555661201477051,0.12086046487092972],[0.03166844695806503,0.03208966180682182,0.03294309228658676],[0.00019122331286780536,-0.00021260498033370823,-7.00384407537058e-05,1.0],[0.0,0.0,0.0],0.00011972238280577585
[0.16744346916675568,-0.6776253581047058,-0.17228059470653534],[0.03125850111246109,0.03304758667945862,0.031492605805397034],[0.0014760573394596577,0.00024037544790189713,-0.0021275747567415237,1.0000026226043701],[0.0,0.0,0.0],0.00023141373821999878
[0.0832950696349144,-0.7510681748390198,-0.15435637533664703],[0.031513649970293045,0.03169194981455803,0.02992287091910839],[-0.0034553748555481434,0.0025237901136279106,0.0014480981044471264,1.0000346899032593],[0.0,0.0,0.0],0.0007391796098090708
[0.010930820368230343,-0.8001176714897156,0.004268427845090628],[0.03027644008398056,0.032422665506601334,0.03340957313776016],[0.0009452438680455089,-0.003017808310687542,0.0026753691490739584,1.0000241994857788],[0.0,0.0,0.0],0.0005686057265847921
[0.10460806638002396,-0.7861760258674622,0.13780219852924347],[0.03253420069813728,0.03308750316500664,0.03268508240580559],[-0.001343694282695651,-0.0007557877688668668,0.000728566839825362,1.0000004768371582],[0.0,0.0,0.0],0.00042518420377746224
[0.1742480844259262,-0.6850599646568298,0.15464931726455688],[0.03156976401805878,0.030739014968276024,0.03233225643634796],[-0.0024885719176381826,0.001021372969262302,0.00113884755410254,1.0000065565109253],[0.0,0.0,0.0],0.0003185987879987806
[0.03265528008341789,-0.664447546005249,0.07825744897127151],[0.0329703763127327,0.03285155072808266,0.0324140228331089],[-2.603263419587165e-05,6.844803283456713e-05,-7.897597242845222e-05,1.0],[0.0,0.0,0.0],0.00016737794794607908
[0.10062157362699509,-0.4872274100780487,-0.23502907156944275],[0.03352479264140129,0.03437534347176552,0.034024614840745926],[9.406085155205801e-05,-1.9168833205185365e-06,2.3329572286456823e-05,1.0],[0.0,0.0,0.0],4.8923026042757556e-05
[0.1943901926279068,-0.6980845928192139,-0.14793872833251953],[0.03159847483038902,0.03268449008464813,0.03323141857981682],[-0.0008348207920789719,0.0008474334608763456,0.002175339963287115,1.0000033378601074],[0.0,0.0,0.0],6.926083733560517e-05
[0.023747500032186508,-0.6909284591674805,-0.09424346685409546],[0.03139365464448929,0.032399069517850876,0.03162339702248573],[0.0025124403182417154,-0.0018494768301025033,-0.002627375302836299,1.000027060508728],[0.0,0.0,0.0],0.0008245541248470545
[0.045273419469594955,-0.712654173374176,-0.00023672793759033084],[0.031362779438495636,0.033168476074934006,0.03239498659968376],[-0.0017359982011839747,-0.0014392714947462082,0.0002598942955955863,1.0000041723251343],[0.0,0.0,0.0],0.0006034980178810656
[0.11934985965490341,-0.6406242847442627,0.16372111439704895],[0.03271588683128357,0.033384714275598526,0.027767162770032883],[0.0019807666540145874,-0.0017175175016745925,-0.00010739557910710573,1.000019907951355],[0.0,0.0,0.0],0.0007270789938047528
[0.19249720871448517,-0.5300900936126709,0.1394164264202118],[0.032104164361953735,0.0321529284119606,0.03382163122296333],[0.000328547932440415,0.0010533418972045183,5.445270653581247e-05,0.9999988675117493],[0.0,0.0,0.0],0.00019141877419315279
[0.1740606278181076,-0.4360823333263397,-0.289122074842453],[0.033441923558712006,0.03349106386303902,0.032651375979185104],[0.0005300994962453842,-2.235427928098943e-05,0.000302595755783841,1.0],[0.0,0.0,0.0],3.708430449478328e-05
[0.1460147649049759,-0.5223286747932434,-0.18216584622859955],[0.0319211408495903,0.033465512096881866,0.0337568074464798],[-0.00041061508818529546,-0.00036148796789348125,0.0009892022935673594,0.999997079372406],[0.0,0.0,0.0],0.0002544492017477751
[0.10410667210817337,-0.4979535937309265,-0.06855958700180054],[0.032094694674015045,0.03324266895651817,0.03350648656487465],[0.00036057145916856825,-0.0002577572886366397,7.342563185375184e-05,0.999995231628418],[0.0,0.0,0.0],0.00039612434920854867
[0.11593803763389587,-0.5714223384857178,-0.013517898507416248],[0.033138878643512726,0.033800143748521805,0.03171055391430855],[0.001219658413901925,-1.948820317920763e-05,-0.0002392947644693777,0.9999998211860657],[0.0,0.0,0.0],0.00043906018254347146
[0.03135073557496071,-0.5615498423576355,0.06442827731370926],[0.030514279380440712,0.031107567250728607,0.034563321620225906],[0.001197709934785962,0.0003323335258755833,-0.0009361211559735239,0.9999959468841553],[0.0,0.0,0.0],0.0007625826983712614
[0.10333612561225891,-0.5788048505783081,0.12240270525217056],[0.030948016792535782,0.031212838366627693,0.03255365416407585],[0.0010979316430166364,0.000561384076718241,-0.0006851886282674968,0.9999995231628418],[0.0,0.0,0.0],0.00028481820481829345
[0.10422780364751816,-0.4331202507019043,0.27690261602401733],[0.02804221399128437,0.02996608056128025,0.029434658586978912],[-0.00016249781765509397,-0.0011330144479870796,-0.0012065605260431767,1.000001072883606],[0.0,0.0,0.0],3.07260052068159e-05
[0.13580834865570068,-0.36193281412124634,-0.2307700216770172],[0.030828360468149185,0.031940847635269165,0.030186466872692108],[0.0035008962731808424,0.0003629633574746549,0.0012018809793516994,1.0000102519989014],[0.0,0.0,0.0],0.00012458499986678362
[0.1446543186903,-0.3254911005496979,-0.1412210613489151],[0.03208724781870842,0.031823478639125824,0.032907743006944656],[0.001758047379553318,0.001135913422331214,0.0005928656319156289,1.0000026226043701],[0.0,0.0,0.0],0.00021304171241354197
[0.11320621520280838,-0.38589370250701904,-0.06759718060493469],[0.03081764467060566,0.03279317542910576,0.03420332446694374],[-0.001429119729436934,0.0034672992769628763,-0.0012855678796768188,1.0000208616256714],[0.0,0.0,0.0],0.0006038183346390724
[0.15334106981754303,-0.4424252510070801,-0.0642230361700058],[0.033340975642204285,0.03337448835372925,0.033366188406944275],[0.0005396533524617553,-0.001352802850306034,-0.0010198485106229782,1.0000001192092896],[0.0,0.0,0.0],0.00031721137929707766
[0.08014282584190369,-0.4572335183620453,0.1017233282327652],[0.031062034890055656,0.03018691949546337,0.03231687471270561],[0.004788736812770367,0.0025429455563426018,4.533808896667324e-05,1.0001001358032227],[0.0,0.0,0.0],0.0005135569372214377
[0.17474988102912903,-0.4652325510978699,0.05621783435344696],[0.029615605250000954,0.03140407055616379,0.031677551567554474],[-0.00023967066954355687,-0.002064154949039221,-0.0004896855680271983,1.0000027418136597],[0.0,0.0,0.0],0.0003092179249506444
[0.1754523664712906,-0.5304568409919739,0.06533826142549515],[0.031664539128541946,0.03451653942465782,0.033757079392671585],[0.00035938387736678123,-0.0004835254221688956,-0.00013875938020646572,0.9999997019767761],[0.0,0.0,0.0],1.8950950106955133e-05
[0.19060982763767242,-0.25417810678482056,-0.21874170005321503],[0.03088384121656418,0.03087613359093666,0.029751218855381012],[-0.0006334382342174649,0.00011992272629868239,0.0004547427815850824,1.0],[0.0,0.0,0.0],0.00011378981434972957
[0.1145746260881424,-0.24853140115737915,-0.294208288192749],[0.032775964587926865,0.03264091908931732,0.030107496306300163],[0.0019963926170021296,0.002859855769202113,-3.4431341191520914e-05,1.0000096559524536],[0.0,0.0,0.0],0.00014640316658187658
[0.12456730753183365,-0.18653756380081177,-0.052536945790052414],[0.030574999749660492,0.032615408301353455,0.02954004891216755],[-0.0018734121695160866,0.000562170404009521,-0.0003961594484280795,1.0000032186508179],[0.0,0.0,0.0],0.00013487298565451056
[-0.00019998374045826495,-0.16068994998931885,0.02338002622127533],[0.03255128860473633,0.032755643129348755,0.03372454270720482],[-0.0001823102793423459,-8.268868259619921e-05,0.0009128549718298018,1.0],[0.0,0.0,0.0],0.0001514672621851787
[0.05108112841844559,-0.29642006754875183,0.12319948524236679],[0.03217064216732979,0.03260887414216995,0.03318621590733528],[6.080146704334766e-05,-5.536304797715275e-06,-0.00026563156279735267,1.0],[0.0,0.0,0.0],6.383138679666445e-05
[0.21942396461963654,-0.11340935528278351,-0.051349177956581116],[0.030895454809069633,0.032132748514413834,0.03148415684700012],[0.00042537596891634166,-4.989534500055015e-05,0.0005927900783717632,1.0],[0.0,0.0,0.0],5.940342089161277e-05
[-0.019534537568688393,-0.2088257521390915,0.18600404262542725],[0.03368101641535759,0.03188622370362282,0.03348768502473831],[-0.0002450093743391335,5.636636706185527e-05,-2.620776285766624e-05,1.0],[0.0,0.0,0.0],5.776532634627074e-05
[0.19287405908107758,-0.2549740672111511,0.29060468077659607],[0.03336989879608154,0.03386200591921806,0.03306245431303978],[-0.0005419934750534594,-8.411902672378346e-05,0.00015445993631146848,1.0],[0.0,0.0,0.0],8.45658069010824e-05
[0.08121255785226822,-0.19415885210037231,-0.1698070615530014],[0.033079151064157486,0.033345360308885574,0.03269420191645622],[4.613567944034003e-05,-4.5326312829274684e-05,3.697437568916939e-05,1.0],[0.0,0.0,0.0],3.43165265803691e-05
[0.003808745415881276,-0.32893452048301697,-0.26842501759529114],[0.03316779062151909,0.034107714891433716,0.03293845057487488],[-0.00013227136514615268,-3.629437924246304e-05,-8.835831249598414e-05,1.0],[0.0,0.0,0.0],3.6112251109443605e-05
[0.05364037677645683,-0.11045065522193909,-0.21241100132465363],[0.027938740327954292,0.031505025923252106,0.02937275543808937],[-0.000887880683876574,0.0021508103236556053,-0.0001208469839184545,1.0000033378601074],[0.0,0.0,0.0],0.000241749788983725
[0.022735659033060074,-0.2446698248386383,-0.22330422699451447],[0.032019685953855515,0.03214901685714722,0.032428156584501266],[-0.0006646355614066124,-0.0012524238554760814,-0.00014766784443054348,0.9999999403953552],[0.0,0.0,0.0],0.00017926859436556697
[0.04328139126300812,-0.15980780124664307,-0.136493980884552],[0.0321960523724556,0.03281884640455246,0.028425924479961395],[0.001117379404604435,0.00429953821003437,-0.00012607031385414302,1.0000334978103638],[0.0,0.0,0.0],0.0002126146137015894
[0.1316080242395401,-0.034735724329948425,-0.08344640582799911],[0.0337580144405365,0.03312479332089424,0.03305993601679802],[0.00025903110508807003,4.0288057789439335e-05,0.000612446223385632,1.0],[0.0,0.0,0.0],4.0299117245012894e-05
[0.18590955436229706,-0.12789997458457947,0.09841333329677582],[0.03240784630179405,0.03362705186009407,0.03325096145272255],[0.0001282767771044746,6.938714068382978e-05,0.0003476919373497367,1.0],[0.0,0.0,0.0],8.092400821624324e-05
[0.07328294962644577,-0.25257259607315063,-0.022794751450419426],[0.03205554559826851,0.0337129607796669,0.03311815857887268],[-9.222032531397417e-05,0.0005223250482231379,0.00013284875603858382,1.0],[0.0,0.0,0.0],0.0001184706634376198
[0.1019335389137268,-0.08403170108795166,0.2883758246898651],[0.03299953415989876,0.03328820317983627,0.03344207629561424],[-0.00031629326986148953,0.0008909698226489127,0.0003440970031078905,1.0],[0.0,0.0,0.0],4.7662655560998246e-05
[0.16349047422409058,-0.21024355292320251,0.2952827215194702],[0.03267031908035278,0.033548180013895035,0.03369593620300293],[-1.2530133972177282e-05,-5.4838950745761395e-05,9.59667086135596e-05,1.0],[0.0,0.0,0.0],3.260133962612599e-05
[0.12690754234790802,-0.15968570113182068,-0.2585333287715912],[0.03150578588247299,0.033839523792266846,0.030525971204042435],[0.0004125347768422216,3.656852641142905e-05,-0.00012422386498656124,1.0],[0.0,0.0,0.0],6.275431223912165e-05
[0.0819183737039566,-0.18779931962490082,-0.16732551157474518],[0.032797958701848984,0.03181374818086624,0.03268491104245186],[-0.0002592111995909363,-0.00012109560339013115,0.0002655333373695612,1.0],[0.0,0.0,0.0],0.00012933075777255
[0.11466961354017258,-0.21110869944095612,-0.2179969996213913],[0.034086186438798904,0.032297778874635696,0.030950332060456276],[0.0001025749952532351,0.0007610164466314018,0.000892942538484931,0.9999998807907104],[0.0,0.0,0.0],2.9964619898237288e-05
[0.1263733208179474,-0.01521965954452753,-0.13304027915000916],[0.03467746824026108,0.0296636912971735,0.0341762900352478],[-0.0022121311631053686,0.0004273815138731152,0.0023143209982663393,1.0000224113464355],[0.0,0.0,0.0],0.0002848853764589876
[0.039696671068668365,-0.058636076748371124,0.026682717725634575],[0.031376585364341736,0.030387068167328835,0.03154803439974785],[-0.00023116111697163433,-0.00013728752674069256,0.001509515568614006,1.0000008344650269],[0.0,0.0,0.0],0.0001723307796055451
[0.15218934416770935,-0.0228444654494524,0.055473774671554565],[0.030763588845729828,0.03279780596494675,0.03145710751414299],[0.001113532460294664,-0.00013472787395585328,0.0008775721653364599,1.0000003576278687],[0.0,0.0,0.0],3.7225213418423664e-06
[0.018176782876253128,-0.09204834699630737,0.15835173428058624],[0.03366217017173767,0.03272364288568497,0.03310786187648773],[0.001886168378405273,0.00022653251653537154,3.65331070497632e-05,1.0000005960464478],[0.0,0.0,0.0],4.465613528736867e-05
[0.012577394023537636,-0.20719842612743378,0.15682874619960785],[0.03318269923329353,0.03378450497984886,0.03296521306037903],[0.00018125693895854056,-0.00015213247388601303,-1.4014394764672033e-05,1.0],[0.0,0.0,0.0],8.869345037965104e-05
[0.05527475103735924,0.06990834325551987,0.2781459093093872],[0.03312317654490471,0.032349180430173874,0.032953616231679916],[-6.292671059782151e-06,6.032674355083145e-05,-0.0009262998937629163,1.0],[0.0,0.0,0.0],4.664939478971064e-05
[0.05284649506211281,-0.150287926197052,-0.13734868168830872],[0.03272870182991028,0.03394782170653343,0.032742660492658615],[-2.490435326762963e-05,3.864874997816514e-06,-2.921874875028152e-05,1.0],[0.0,0.0,0.0],0.00010180658136960119
[-0.13312730193138123,0.010364251211285591,-0.22247813642024994],[0.03418590873479843,0.03433828800916672,0.03487683832645416],[-5.0417351303622127e-05,6.811082130298018e-05,-3.784156433539465e-06,1.0],[0.0,0.0,0.0],5.3542102250503376e-05
[0.13869966566562653,-0.024409310892224312,0.07496275752782822],[0.033860865980386734,0.03458426892757416,0.033482253551483154],[0.0006076123681850731,6.470553489634767e-05,-0.0005154837272129953,1.0],[0.0,0.0,0.0],1.4667563164039166e-06
[0.15144343674182892,0.05947430059313774,-0.0365193672478199],[0.03272981569170952,0.03388574346899986,0.031032312661409378],[0.0007249886402860284,-8.506650920026004e-05,-0.00043880395242013037,1.0],[0.0,0.0,0.0],5.492795389727689e-05
[0.06397464126348495,0.16414013504981995,0.02088598720729351],[0.03341935575008392,0.03238004818558693,0.03355848789215088],[-0.00013355568808037788,2.7877054890268482e-05,-0.000315618613967672,1.0],[0.0,0.0,0.0],4.670423095376464e-06
[0.10499045252799988,0.08082462102174759,0.15810821950435638],[0.03286457434296608,0.032071180641651154,0.03393198549747467],[-0.0007697109249420464,4.5044595026411116e-05,-0.0003776973462663591,1.0],[0.0,0.0,0.0],5.320957370713586e-06
[0.018059497699141502,0.014592164196074009,0.24954263865947723],[0.034348875284194946,0.03434393182396889,0.03425568714737892],[5.0920363719342276e-05,-3.138409056191449e-06,-3.958653542213142e-05,1.0],[0.0,0.0,0.0],2.0435743863345124e-05
[0.169576033949852,-0.07547874748706818,0.2612414062023163],[0.03386330604553223,0.03457389771938324,0.034852512180805206],[-5.262326158117503e-05,0.00017718168965075165,0.00012270612933207303,1.0],[0.0,0.0,0.0],4.4705466279992834e-05
[0.05923790857195854,0.4117181897163391,-0.6477441191673279],[0.03209642320871353,0.03284160792827606,0.032821595668792725],[3.585097942959692e-07,3.4329494269513816e-07,5.980963123874972e-06,1.0],[0.0,0.0,0.0],7.94322113506496e-05
[0.014390720054507256,0.33327463269233704,-0.4617154598236084],[0.033571116626262665,0.03409668058156967,0.03395078331232071],[-2.621227758936584e-05,-4.224562508170493e-05,-2.6582258215057664e-05,1.0],[0.0,0.0,0.0],8.899521344574168e-05
[0.17052292823791504,0.28675031661987305,-0.3131185472011566],[0.03394043818116188,0.0338815376162529,0.03398963063955307],[-4.560712113743648e-05,-2.7779695301433094e-05,2.603965185699053e-05,1.0],[0.0,0.0,0.0],7.895042654126883e-05
[-0.07369174063205719,0.17005009949207306,-0.0717998594045639],[0.033007554709911346,0.034217469394207,0.034870363771915436],[-0.00022178064682520926,-0.00037682210677303374,0.000334837066475302,1.0],[0.0,0.0,0.0],0.00010638728417688981
[0.04779965057969093,0.2797914743423462,-0.10930445790290833],[0.03281692788004875,0.033639151602983475,0.033180855214595795],[2.0453737306525e-05,-1.6565965779591352e-05,-0.000126695740618743,1.0],[0.0,0.0,0.0],7.967828423716128e-05
[0.03819570690393448,0.27715638279914856,0.022095948457717896],[0.032435353845357895,0.0335199348628521,0.033133141696453094],[-9.648610102885868e-06,2.793615021801088e-05,-0.00015577180602122098,1.0],[0.0,0.0,0.0],8.87884889380075e-05
[0.058129698038101196,0.30192282795906067,0.043151725083589554],[0.031285591423511505,0.03226302191615105,0.032427068799734116],[-0.0001656752428971231,0.00019105641695205122,-0.00011191998783033341,1.0],[0.0,0.0,0.0],8.102425636025146e-05
[0.1348036527633667,0.10285212099552155,0.14860306680202484],[0.03317909687757492,0.034051649272441864,0.03325742483139038],[0.00015714086475782096,5.793037416879088e-05,0.0004631758783943951,1.0],[0.0,0.0,0.0],6.021711214998504e-06
[-0.07612856477499008,0.1325836479663849,0.2602180540561676],[0.0338335819542408,0.03435936197638512,0.03447078913450241],[-8.721221092855558e-06,-8.761633216636255e-05,2.8473299607867375e-05,1.0],[0.0,0.0,0.0],8.56359547469765e-05
[0.1546332836151123,0.10876961797475815,0.34060513973236084],[0.033175643533468246,0.032382503151893616,0.03245462104678154],[6.030732038198039e-05,0.0002887103473767638,-9.82596175163053e-05,1.0],[0.0,0.0,0.0],9.173882426694036e-05
[-0.006303501781076193,0.41089341044425964,-0.393945574760437],[0.0327037051320076,0.03449566662311554,0.03486918658018112],[-0.00017438946815673262,0.0002116865653079003,6.176936494739493e-06,1.0],[0.0,0.0,0.0],9.037832933245227e-05
[0.10245277732610703,0.3229413628578186,-0.29889115691185],[0.033329833298921585,0.03302890062332153,0.03398062661290169],[-0.0002697774616535753,-0.0002619163424242288,-1.2135461474827025e-05,1.0],[0.0,0.0,0.0],8.190157677745447e-05
[0.242478147149086,0.320918470621109,-0.20679812133312225],[0.031637854874134064,0.034117940813302994,0.032684314996004105],[0.0004870629927609116,-0.0002892336924560368,0.00011745739175239578,1.0],[0.0,0.0,0.0],0.00010043107613455504
[0.09363730996847153,0.43038973212242126,-0.013360342010855675],[0.031719405204057693,0.033892761915922165,0.03422638773918152],[-1.2275302651687525e-05,0.0004582226974889636,-0.0002357882185606286,1.0],[0.0,0.0,0.0],5.460163447423838e-05
[0.11535715311765671,0.33440929651260376,0.0035882429219782352],[0.031032592058181763,0.03315825015306473,0.03330736234784126],[-0.0003009465290233493,-8.783449447946623e-05,-0.000630356662441045,1.0],[0.0,0.0,0.0],7.379771886917297e-06
[0.056908074766397476,0.3829891085624695,0.04900750145316124],[0.034268464893102646,0.03355469927191734,0.03265261650085449],[0.000252065306995064,0.000245387403992936,-9.893302922137082e-05,1.0],[0.0,0.0,0.0],9.948290426109452e-06
[-0.033823467791080475,0.33721891045570374,0.20385794341564178],[0.033587418496608734,0.03237956389784813,0.03248078376054764],[2.4386103177675977e-05,-0.00017542617570143193,-0.00012047789641655982,1.0],[0.0,0.0,0.0],5.366993718780577e-06
[0.11328800767660141,0.1356193721294403,-0.015676846727728844],[0.03384014964103699,0.03379490226507187,0.03274449333548546],[3.9748083509039134e-05,-0.00027505645994096994,-3.126119918306358e-05,1.0],[0.0,0.0,0.0],1.3682227290701121e-05
[0.21010497212409973,0.36132991313934326,0.2387392669916153],[0.03333055600523949,0.032997097820043564,0.0334286242723465],[-1.717924533295445e-05,-1.9380399862711783e-06,9.367989832753665e-07,1.0],[0.0,0.0,0.0],1.6328642686858075e-06
[0.12972195446491241,0.6259276866912842,-0.20995783805847168],[0.03447230905294418,0.03525613993406296,0.03509744256734848],[-6.4153482526307926e-06,-0.00013481336645781994,7.223710417747498e-05,1.0],[0.0,0.0,0.0],1.6548391386095318e-06
[0.10284052789211273,0.47789040207862854,-0.14676527678966522],[0.034161340445280075,0.034223075956106186,0.03351307287812233],[0.0001344668708043173,7.994435145519674e-05,-0.00012623822840396315,1.0],[0.0,0.0,0.0],5.213164331507869e-05
[0.17344015836715698,0.38324397802352905,-0.20565997064113617],[0.034056343138217926,0.03403830900788307,0.034309227019548416],[-2.1934269170742482e-05,-4.810198879567906e-05,0.00015915767289698124,1.0],[0.0,0.0,0.0],1.3141003364580683e-05
[0.16151206195354462,0.3563964366912842,-0.07084997743368149],[0.03180066868662834,0.03242264688014984,0.03340337052941322],[-0.00017259949527215213,0.0004664439184125513,9.9111748568248e-05,1.0],[0.0,0.0,0.0],0.00010042727808468044
[0.17897962033748627,0.3945266008377075,0.07993154227733612],[0.03285374864935875,0.03433514013886452,0.032971590757369995],[0.0005222951294854283,9.445326577406377e-05,-7.312203524634242e-05,1.0],[0.0,0.0,0.0],1.0200687029282562e-05
[0.1695435792207718,0.2571362853050232,-0.0047651054337620735],[0.035097528249025345,0.03466815501451492,0.034459687769412994],[6.181996286613867e-05,-0.00010180737444898114,-6.714270421070978e-05,1.0],[0.0,0.0,0.0],1.8847433238988742e-05
[0.25219857692718506,0.4125627279281616,0.2623937726020813],[0.03421773761510849,0.033754318952560425,0.034418050199747086],[-4.416730735101737e-05,-8.17243162032355e-08,-6.094705895520747e-05,1.0],[0.0,0.0,0.0],1.7879838196677156e-06
[-0.01589629240334034,0.4811689257621765,-0.23361296951770782],[0.03445432707667351,0.03524288162589073,0.03500910848379135],[-2.2682261260342784e-05,-9.303238766733557e-05,0.00010383164044469595,1.0],[0.0,0.0,0.0],2.8686266887234524e-05
[0.10385862737894058,0.4823417663574219,-0.13664725422859192],[0.03509902209043503,0.03467118367552757,0.03443215787410736],[-8.955113298725337e-05,2.3698752556811087e-05,-8.208127110265195e-05,1.0],[0.0,0.0,0.0],4.8950409109238535e-05
[0.15269917249679565,0.4323357343673706,-0.23921048641204834],[0.03500954806804657,0.034559689462184906,0.03460919111967087],[-6.255733751459047e-05,-4.3817831851811206e-07,-1.3917856449552346e-06,1.0],[0.0,0.0,0.0],1.0298255801899359e-05
[0.03996516764163971,0.27068668603897095,-0.2261134833097458],[0.034247688949108124,0.0346321277320385,0.034951355308294296],[-0.0003984366194345057,-3.9685823139734566e-05,-4.3979354813927785e-05,1.0],[0.0,0.0,0.0],0.00010389885574113578
[0.03995828330516815,0.3428747057914734,-0.13750404119491577],[0.03451092168688774,0.03381594270467758,0.033443015068769455],[0.00015409881598316133,0.0001527105487184599,2.062416751869023e-05,1.0],[0.0,0.0,0.0],2.161658812838141e-06
[0.1785650998353958,0.4716951847076416,-0.025946108624339104],[0.034039270132780075,0.03455434367060661,0.03442732244729996],[7.655389345018193e-05,-6.221755756996572e-05,0.00015288330905605108,1.0],[0.0,0.0,0.0],5.106185199110769e-06
[0.16061939299106598,0.5763517618179321,0.105674147605896],[0.03436437249183655,0.03496289998292923,0.03450313210487366],[0.00021930474031250924,6.373314681695774e-05,0.00023857373162172735,1.0],[0.0,0.0,0.0],5.225729182711802e-06
[0.09676143527030945,0.41865769028663635,0.27932870388031006],[0.034582436084747314,0.0346345528960228,0.034420445561409],[0.0001696276303846389,5.18822853337042e-05,-4.4054954742023256e-06,1.0],[0.0,0.0,0.0],1.9162271200912073e-05
[0.12106437236070633,0.4638192057609558,-0.17371533811092377],[0.034562382847070694,0.035320352762937546,0.034861497581005096],[0.00020552017667796463,-8.030852427509672e-07,6.20116843492724e-05,1.0],[0.0,0.0,0.0],3.6024361179443076e-05
[-0.08504414558410645,0.9337040781974792,0.16070981323719025],[0.03449420630931854,0.03462447226047516,0.03487217053771019],[-0.00023284676717594266,-9.798679820960388e-05,3.525451393215917e-05,1.0],[0.0,0.0,0.0],9.002025763038546e-06
[0.13376770913600922,0.7618892788887024,0.0468294695019722],[0.03446667641401291,0.03361618146300316,0.03406711667776108],[-8.905886352295056e-05,1.3076415598334279e-05,-0.00010790433589136228,1.0],[0.0,0.0,0.0],2.6932242690236308e-05
[0.014038588851690292,0.8516454696655273,0.2313118726015091],[0.03516218811273575,0.03495839610695839,0.034971024841070175],[8.609284122940153e-06,6.120055331848562e-05,-2.3268978566193255e-06,1.0],[0.0,0.0,0.0],1.1979972441622522e-05
[-0.046532731503248215,0.5472238063812256,0.2023284137248993],[0.03412561118602753,0.03446957841515541,0.034257642924785614],[0.00011761569476220757,-7.543331776105333e-06,5.042056363890879e-05,1.0],[0.0,0.0,0.0],3.842176283797016e-06
[-0.025724535807967186,0.6721277832984924,-0.1168316900730133],[0.034564364701509476,0.03415914252400398,0.034292008727788925],[-8.059238462010399e-05,2.986819481520797e-06,-2.7393820346333086e-05,1.0],[0.0,0.0,0.0],1.1137829460494686e-05
[0.14877073466777802,0.7454743385314941,0.06545789539813995],[0.03394225239753723,0.03371383249759674,0.033827561885118484],[1.0268493497278541e-05,4.175787034910172e-05,-4.99906309414655e-05,1.0],[0.0,0.0,0.0],1.9899314793292433e-05
[0.13614684343338013,-0.7316048741340637,0.002520530018955469],[0.03108818642795086,0.031565215438604355,0.03346586599946022],[2.1228628611424938e-05,-0.0005774968303740025,-5.0987240683753043e-05,0.9999999403953552],[0.0,0.0,0.0],0.00011881798855029047
[0.22093258798122406,-0.7736489176750183,0.13966046273708344],[0.030337253585457802,0.03140350058674812,0.030070234090089798],[8.846491255098954e-05,0.00030004099244251847,-0.00047704664757475257,1.0],[0.0,0.0,0.0],0.00034538519685156643
[0.13147017359733582,-0.8058972358703613,0.020863832905888557],[0.03280150145292282,0.029954049736261368,0.03288222849369049],[0.0003325030847918242,0.00047050509601831436,-5.3707433835370466e-05,0.9999986886978149],[0.0,0.0,0.0],0.00028706275043077767
[0.045792363584041595,-0.8281415104866028,0.09601680189371109],[0.0318857878446579,0.029200049117207527,0.032260823994874954],[-0.003533309558406472,0.001288588042370975,-0.0010253597283735871,1.0000238418579102],[0.0,0.0,0.0],0.0003178436600137502
[0.13088591396808624,-0.8516976833343506,0.07668562233448029],[0.03268582001328468,0.03345674276351929,0.03303667530417442],[6.444990140153095e-05,-7.485733658540994e-05,6.30499780527316e-05,1.0],[0.0,0.0,0.0],0.00014556916721630841
[0.2718069851398468,-0.6648432612419128,-0.175643190741539],[0.03181396424770355,0.032056309282779694,0.03224549815058708],[-6.555257641593926e-06,-7.11753818904981e-05,-4.176582660875283e-05,1.0],[0.0,0.0,0.0],4.954504402121529e-05
[0.15035736560821533,-0.8159686923027039,0.010243186727166176],[0.030780106782913208,0.032505471259355545,0.03363623097538948],[-0.0007144960109144449,-0.0014402053784579039,-0.0004527095297817141,1.0],[0.0,0.0,0.0],4.530239675659686e-05
[0.18613004684448242,-0.8497090935707092,-0.11770690977573395],[0.03160884231328964,0.03075551614165306,0.030689623206853867],[0.002586760325357318,0.00047412823187187314,0.0019296073587611318,1.0000094175338745],[0.0,0.0,0.0],0.0008887984440661967
[0.2213202863931656,-0.865510880947113,-0.05089457333087921],[0.032726310193538666,0.031124433502554893,0.032961394637823105],[-0.00040934159187600017,-0.0012039943831041455,0.0021910385694354773,1.0000094175338745],[0.0,0.0,0.0],0.0007763175526633859
[0.20283330976963043,-0.8819973468780518,0.029549749568104744],[0.03111172281205654,0.029258331283926964,0.03043835610151291],[-0.0024773101322352886,0.0013509105192497373,0.0026818045880645514,1.0000264644622803],[0.0,0.0,0.0],0.0005996459512971342
[0.20954127609729767,-0.782211184501648,0.13159875571727753],[0.03105858713388443,0.03146695718169212,0.032791003584861755],[0.0010831726249307394,-0.0003480786981526762,6.913536708452739e-06,1.0],[0.0,0.0,0.0],0.00024515364202670753
[0.2210569530725479,-0.7368663549423218,0.03805987164378166],[0.0311941709369421,0.03302165865898132,0.033614568412303925],[6.521466275444254e-05,-0.000311670737573877,-0.0003786101005971432,1.0],[0.0,0.0,0.0],0.0001276196853723377
[0.4280083179473877,-0.6207404136657715,-0.3136231005191803],[0.03172450512647629,0.03199654072523117,0.03218535706400871],[6.285464593247525e-08,-6.735258466505911e-07,1.292098374960915e-07,1.0],[0.0,0.0,0.0],7.88594625191763e-05
[0.32505595684051514,-0.5847238302230835,-0.18435503542423248],[0.030114689841866493,0.03279004245996475,0.03165249153971672],[-9.45395186136011e-06,-0.00017101912817452103,8.2932245277334e-05,1.0],[0.0,0.0,0.0],7.900067430455238e-05
[0.2088087797164917,-0.6944859027862549,-0.15089435875415802],[0.030410224571824074,0.031112484633922577,0.03451131656765938],[-0.0019197294022887945,0.0019604561384767294,0.001615343615412712,1.0000102519989014],[0.0,0.0,0.0],0.00029032016755081713
[0.14587007462978363,-0.7276026010513306,-0.01999589614570141],[0.03134651482105255,0.032397475093603134,0.03179163485765457],[-0.00036111962981522083,9.589972614776343e-05,-0.0019159704679623246,1.0000046491622925],[0.0,0.0,0.0],0.0004601262044161558
[0.22093108296394348,-0.8376548886299133,0.09226832538843155],[0.030023319646716118,0.03277961164712906,0.03149779886007309],[0.0008793456945568323,-0.002999380696564913,-0.0024676257744431496,1.0000325441360474],[0.0,0.0,0.0],0.000677612260915339
[0.2375158667564392,-0.7144124507904053,0.14721553027629852],[0.03232428804039955,0.03273187577724457,0.033275797963142395],[0.0015491455560550094,-0.0001528572611277923,-0.00021395414660219103,0.999997615814209],[0.0,0.0,0.0],0.0007701677386648953
[0.30719122290611267,-0.7162251472473145,0.10168363153934479],[0.03043953888118267,0.033520087599754333,0.03377724066376686],[-0.0006778058013878763,-0.0010623447597026825,0.0011216745479032397,1.0000005960464478],[0.0,0.0,0.0],0.00022766699839849025
[0.18349140882492065,-0.5832111835479736,0.25125882029533386],[0.030779773369431496,0.03085480071604252,0.03215571865439415],[0.00021221322822384536,-0.0009597986936569214,0.000642364495433867,1.0],[0.0,0.0,0.0],1.0944810128421523e-05
[0.09772343933582306,-0.5844957828521729,0.15174977481365204],[0.031183768063783646,0.031007077544927597,0.03259783238172531],[0.00029571837512776256,-0.0006073710974305868,0.0005293404101394117,1.0],[0.0,0.0,0.0],0.0001194869983009994
[0.4271162152290344,-0.5530171990394592,-0.22554805874824524],[0.029897252097725868,0.03154665231704712,0.03271964564919472],[-0.00039016088703647256,0.0008965446613729,3.848132837447338e-05,1.0],[0.0,0.0,0.0],8.101357707346324e-06
[0.19299954175949097,-0.611423909664154,-0.09080474823713303],[0.032568156719207764,0.03258594870567322,0.033179812133312225],[0.0014919389504939318,-0.00016154554032254964,-0.0005673125851899385,1.0000001192092896],[0.0,0.0,0.0],0.0002169226499972865
[0.22751937806606293,-0.608949601650238,-0.02903132699429989],[0.03329404816031456,0.03386174887418747,0.03314095735549927],[0.001112541533075273,0.0001379908062517643,0.0012730902526527643,1.0000005960464478],[0.0,0.0,0.0],0.00046899562585167587
[0.22819079458713531,-0.7544415593147278,-0.09313097596168518],[0.032327212393283844,0.032708510756492615,0.03279674053192139],[-0.00044818181777372956,0.0009081652387976646,0.0008903607958927751,1.0],[0.0,0.0,0.0],0.00039514253148809075
[0.2555830180644989,-0.6396747827529907,0.0030352561734616756],[0.032985854893922806,0.03308570012450218,0.0337657630443573],[-0.0017432566964998841,-0.0008277682354673743,-0.0013564868131652474,1.0000011920928955],[0.0,0.0,0.0],0.0004577926592901349
[0.23179075121879578,-0.6261653304100037,0.15920211374759674],[0.028597818687558174,0.030438894405961037,0.03142609819769859],[0.0037856644485145807,-0.003212484298273921,0.00325383385643363,1.0000935792922974],[0.0,0.0,0.0],0.000655186187941581
[0.19059570133686066,-0.6033233404159546,0.1582775115966797],[0.03293401002883911,0.03178572654724121,0.033606816083192825],[-0.0013321846490725875,1.546944804431405e-05,0.00047527000424452126,1.0],[0.0,0.0,0.0],4.6755452785873786e-05
[0.2636268734931946,-0.7047083973884583,0.11016645282506943],[0.0324794240295887,0.03332844376564026,0.034228116273880005],[-1.4275768080551643e-05,7.276608084794134e-05,0.00012447852350305766,1.0],[0.0,0.0,0.0],5.017799776396714e-05
[0.17785824835300446,-0.4446857273578644,-0.29958754777908325],[0.030302805826067924,0.03243393078446388,0.028054129332304],[-0.00046511529944837093,0.0008208916988223791,0.00037621334195137024,0.9999986886978149],[0.0,0.0,0.0],5.921025149291381e-05
[0.08641555905342102,-0.5582138895988464,-0.1265544295310974],[0.030613772571086884,0.03231582045555115,0.03300970047712326],[-0.0017017627833411098,-0.004022990353405476,-0.0021970870438963175,1.0000284910202026],[0.0,0.0,0.0],0.00026983729912899435
[0.23066997528076172,-0.4862633943557739,0.008581637404859066],[0.032444387674331665,0.034032709896564484,0.03347138315439224],[0.00014044313866179436,-0.0009888906497508287,-0.0011189102660864592,1.000001072883606],[0.0,0.0,0.0],0.0002472757769282907
[0.21611590683460236,-0.5438504219055176,0.010307589545845985],[0.03180941194295883,0.0337664894759655,0.033302370458841324],[0.002937776269391179,-0.0016233546193689108,0.0006163803627714515,1.0000181198120117],[0.0,0.0,0.0],0.000567906245123595
[0.16665348410606384,-0.5300029516220093,0.08327343314886093],[0.03261110186576843,0.0333138182759285,0.034722138196229935],[0.0018339048838242888,-0.0014747229870408773,-0.00039319973438978195,1.0000028610229492],[0.0,0.0,0.0],0.0004785809724126011
[0.18064351379871368,-0.5877593755722046,0.14337123930454254],[0.030775438994169235,0.031602345407009125,0.03326540067791939],[-0.0005118214758113027,-0.0026684021577239037,0.001376069732941687,1.0000072717666626],[0.0,0.0,0.0],0.0003736559010576457
[0.21036343276500702,-0.5787445306777954,0.0971820279955864],[0.031084632501006126,0.03287079185247421,0.033710580319166183],[0.00015758922381792217,-0.0014138809638097882,-0.000540056440513581,1.0],[0.0,0.0,0.0],0.00019537695334292948
[0.2027834802865982,-0.44739070534706116,-0.29180634021759033],[0.03211573138833046,0.032579004764556885,0.03194582834839821],[-2.6227178295812337e-07,-3.8908360693312716e-06,1.7310212570009753e-05,1.0],[0.0,0.0,0.0],8.252182306023315e-05
[0.0026932917535305023,-0.6866046786308289,-0.07887955754995346],[0.03071867860853672,0.033544447273015976,0.03247446566820145],[-0.00030125866760499775,-0.000143089157063514,-0.0010065077804028988,1.0],[0.0,0.0,0.0],9.358245733892545e-06
[0.17844128608703613,-0.41519641876220703,-0.19207824766635895],[0.02954966388642788,0.0324457585811615,0.03139517456293106],[-0.0005466299480758607,0.0025580276269465685,-0.0016326389741152525,1.0000057220458984],[0.0,0.0,0.0],0.00015675910981372
[0.1673762947320938,-0.46875157952308655,-0.18289808928966522],[0.03188092261552811,0.03375439718365669,0.030302949249744415],[-5.645366763928905e-05,-0.0007770187221467495,-0.0019128398271277547,0.9999987483024597],[0.0,0.0,0.0],0.00023368415713775903
[0.15852127969264984,-0.4184492826461792,-0.05337991565465927],[0.02925349958240986,0.03256642818450928,0.03245629370212555],[-0.0006145202787593007,0.0033915149979293346,0.0008384143584407866,1.0000160932540894],[0.0,0.0,0.0],0.0003139743930660188
[0.2707460820674896,-0.44040602445602417,-0.06842701137065887],[0.0317135788500309,0.033080484718084335,0.032549042254686356],[0.0004807583463843912,5.2687268180307e-05,-0.0012630296405404806,1.0000003576278687],[0.0,0.0,0.0],0.00011027103755623102
[0.23501521348953247,-0.2805582284927368,0.03771879896521568],[0.031636904925107956,0.03205939754843712,0.032331787049770355],[-7.566063140984625e-05,-2.8736341846524738e-05,0.0006525550270453095,1.0],[0.0,0.0,0.0],6.693499017274007e-05
[0.039394933730363846,-0.4327816665172577,0.1210058256983757],[0.03306882083415985,0.032912030816078186,0.033209823071956635],[-5.9503847296582535e-05,-2.9762219128315337e-05,0.0003491579263936728,1.0],[0.0,0.0,0.0],1.1053624803025741e-05
[0.20977534353733063,-0.29157203435897827,-0.30046138167381287],[0.03163222596049309,0.02838144823908806,0.028694916516542435],[-0.0017271956894546747,-0.0006250297883525491,-0.0031153301242738962,1.0000096559524536],[0.0,0.0,0.0],0.00011980324052274227
[0.13456907868385315,-0.22340300679206848,-0.27949950098991394],[0.033481255173683167,0.03314661234617233,0.031791504472494125],[0.002545519731938839,-0.0026706464122980833,-0.0005488099413923919,1.0000104904174805],[0.0,0.0,0.0],3.632759035099298e-05
[0.1437370628118515,-0.32252809405326843,-0.14854788780212402],[0.03288416564464569,0.031191138550639153,0.032961200922727585],[0.002501611365005374,3.9847080188337713e-05,0.001005746191367507,1.0000029802322388],[0.0,0.0,0.0],0.00011171963706146926
[0.2763206362724304,-0.2856198251247406,0.02979993261396885],[0.03249211981892586,0.032136835157871246,0.03147820755839348],[8.682905900059268e-05,3.756047590286471e-05,-0.00045679512550123036,1.0],[0.0,0.0,0.0],9.540957398712635e-05
[0.255131334066391,-0.3424568176269531,-0.11425891518592834],[0.03180019184947014,0.031925078481435776,0.03360208868980408],[-0.0002129132190020755,0.00024608243256807327,0.0005654022679664195,1.0],[0.0,0.0,0.0],0.00014281699259299785
[0.2015014886856079,-0.32155677676200867,0.09218215942382812],[0.03245226666331291,0.03400953859090805,0.0341658741235733],[9.194197627948597e-05,-0.000465222867205739,0.0008761122007854283,1.0],[0.0,0.0,0.0],7.252504292409867e-05
[0.2680329382419586,-0.24681536853313446,0.2382369488477707],[0.030576348304748535,0.03298189863562584,0.032948415726423264],[0.0003163415240123868,5.968905952613568e-06,-0.001689457450993359,1.0000009536743164],[0.0,0.0,0.0],8.432809408986941e-05
[0.10647067427635193,-0.22130170464515686,-0.20681120455265045],[0.03376230597496033,0.03287665545940399,0.03342338278889656],[4.026653550681658e-05,1.6299551134579815e-05,4.777495632879436e-05,1.0],[0.0,0.0,0.0],9.450516517972574e-05
[0.2520880103111267,-0.10352348536252975,-0.19780126214027405],[0.03145855292677879,0.03222211077809334,0.03264344856142998],[-7.55990986363031e-05,-0.0005426285788416862,0.00033291237195953727,1.0],[0.0,0.0,0.0],6.230697908904403e-05
[0.16549287736415863,-0.1647946834564209,-0.14078903198242188],[0.03150433674454689,0.03225349262356758,0.029218660667538643],[-0.0025854010600596666,0.001948097487911582,-0.0002433718036627397,1.0000098943710327],[0.0,0.0,0.0],0.00014796465984545648
[0.22231236100196838,-0.12113279849290848,-0.03435555100440979],[0.029906563460826874,0.028391564264893532,0.02977287769317627],[-0.0019472429994493723,-0.00018783741688821465,-0.0012706982670351863,1.0000046491622925],[0.0,0.0,0.0],0.00014974246732890606
[0.28850892186164856,-0.2997121810913086,-0.02320844866335392],[0.032509174197912216,0.03340178728103638,0.033598627895116806],[-8.903616617317311e-06,0.00013963818491902202,-0.00020841867080889642,1.0],[0.0,0.0,0.0],8.352973236469552e-05
[0.24720218777656555,-0.23411230742931366,0.25330713391304016],[0.030778344720602036,0.03413218632340431,0.032811958342790604],[-0.0001754856639308855,-0.0012160571059212089,0.0022062729112803936,1.0000022649765015],[0.0,0.0,0.0],2.6065406927955337e-05
[0.2710123658180237,-0.2548469603061676,0.18907375633716583],[0.030541131272912025,0.032758329063653946,0.033641841262578964],[-0.00018624792573973536,0.00023422761296387762,-0.0003354840155225247,1.0],[0.0,0.0,0.0],4.243104194756597e-05
[0.0024056837428361177,-0.35617703199386597,0.24051840603351593],[0.03448345884680748,0.03404441475868225,0.034976813942193985],[-0.0001808030647225678,3.163098881486803e-05,0.00011870204616570845,1.0],[0.0,0.0,0.0],2.8617819225473795e-06
[0.3030910789966583,-0.03768782690167427,0.3934638798236847],[0.032674390822649,0.03279198706150055,0.03261798992753029],[-1.2809432519134134e-06,-7.507080113100528e-08,-8.31562147141085e-07,1.0],[0.0,0.0,0.0],1.8676508943826775e-06
[0.05607431009411812,-0.06571702659130096,-0.2711799442768097],[0.030890893191099167,0.03317123278975487,0.03506508469581604],[0.0003350820916239172,-0.0013869783142581582,-0.0004191537736915052,1.000000238418579],[0.0,0.0,0.0],4.205155619274592e-06
[0.1224735677242279,-0.03353613615036011,-0.29898780584335327],[0.03236783668398857,0.03319206461310387,0.03340014070272446],[-6.0378752095857635e-06,-7.276721589732915e-05,-9.799549297895283e-05,1.0],[0.0,0.0,0.0],2.669962896106881e-06
[0.15115372836589813,-0.09440091252326965,-0.22712016105651855],[0.029926640912890434,0.031703293323516846,0.030108420178294182],[0.00036299097700975835,-0.0012273682514205575,-0.0013036795426160097,1.000000238418579],[0.0,0.0,0.0],0.00019433566194493324
[0.2009555995464325,-0.03842540457844734,-0.15594059228897095],[0.029574237763881683,0.031025713309645653,0.030328411608934402],[0.00416917260736227,0.0001718896091915667,0.001821128185838461,1.0000208616256714],[0.0,0.0,0.0],0.00020975367806386203
[0.16515032947063446,-0.04421432316303253,-0.03584485128521919],[0.030657107010483742,0.031307417899370193,0.03365578502416611],[5.7388922868994996e-05,-4.4746182538801804e-05,-0.00025268521858379245,0.999999463558197],[0.0,0.0,0.0],2.936092823802028e-05
[0.04813503473997116,-0.005895813461393118,0.04457809031009674],[0.03207710385322571,0.033247970044612885,0.031923383474349976],[0.00040086120134219527,0.00021764569100923836,0.00025642188847996294,1.0],[0.0,0.0,0.0],1.427942424925277e-05
[0.13562089204788208,0.017331374809145927,0.18931907415390015],[0.032684359699487686,0.03324040398001671,0.030143458396196365],[-0.00011599493154790252,-3.197239857399836e-05,-1.1775804523495026e-05,1.0],[0.0,0.0,0.0],8.654698467580602e-05
[0.2783045470714569,0.03750887140631676,0.2113417387008667],[0.0313970111310482,0.034063905477523804,0.032631345093250275],[0.0011052818736061454,-1.8529961380409077e-05,0.0008794238092377782,1.0000007152557373],[0.0,0.0,0.0],8.941082342062145e-06
[0.07151999324560165,-0.06065819039940834,0.19081248342990875],[0.03288299962878227,0.033365316689014435,0.0349515862762928],[-0.0008650688687339425,0.00042974844109266996,7.309492502827197e-05,1.0],[0.0,0.0,0.0],5.03365408803802e-05
[0.04125634953379631,-0.08176589012145996,-0.32106268405914307],[0.033632174134254456,0.0328766368329525,0.03396862372756004],[2.7920492357225157e-05,-1.7245652998099104e-05,-0.00020787635003216565,1.0],[0.0,0.0,0.0],8.399620128329843e-05
[0.10245400667190552,0.17757247388362885,0.007620356045663357],[0.0320008359849453,0.03478210046887398,0.03119797818362713],[0.0009057983988896012,0.00010092223237734288,0.001082438975572586,1.0000007152557373],[0.0,0.0,0.0],7.899951015133411e-05
[0.06032489240169525,0.1237746998667717,-0.05978867784142494],[0.03371783718466759,0.03284260258078575,0.03268738090991974],[0.0001429792318958789,0.00042296404717490077,-1.7118416508310474e-05,1.0],[0.0,0.0,0.0],1.1545516827027313e-05
[0.2619992792606354,0.06776278465986252,0.15634402632713318],[0.0323929525911808,0.03332992270588875,0.0314272977411747],[-0.00033045359305106103,8.303086360683665e-05,0.00032473771716468036,1.0],[0.0,0.0,0.0],4.419337074068608e-06
[0.03017728589475155,0.03664639964699745,0.12111784517765045],[0.03325088322162628,0.03271060436964035,0.032392941415309906],[5.921247793594375e-05,8.212990360334516e-05,-0.00014796503819525242,1.0],[0.0,0.0,0.0],5.968713958282024e-05
[0.17141863703727722,0.0811438336968422,0.20532086491584778],[0.03265400975942612,0.03486638516187668,0.03329559043049812],[0.0009283481631428003,0.0005035618087276816,0.0009921404998749495,1.0000001192092896],[0.0,0.0,0.0],6.204762757988647e-05
[0.039671048521995544,-0.03409220278263092,0.4156399369239807],[0.034577831625938416,0.03469109162688255,0.0323496051132679],[0.0008880411041900516,0.0006309054442681372,-2.039902210526634e-05,1.0000001192092896],[0.0,0.0,0.0],6.979014870012179e-05
[0.21103492379188538,0.002135800663381815,0.20671239495277405],[0.03439557924866676,0.03375570476055145,0.03362129256129265],[5.6841541663743556e-05,-9.417666296940297e-05,4.240475391270593e-05,1.0],[0.0,0.0,0.0],5.807814886793494e-05
[0.20634450018405914,0.3265775740146637,-0.3774634599685669],[0.03328832983970642,0.03466332331299782,0.03387700021266937],[0.00022078504844103009,1.1168465789523907e-05,0.00011759506014641374,1.0],[0.0,0.0,0.0],8.182592137018219e-05
[0.018130403012037277,0.13316689431667328,-0.2858962118625641],[0.035046838223934174,0.03479801118373871,0.03414255380630493],[-1.99924052139977e-05,5.6578387557237875e-06,-6.465198384830728e-05,1.0],[0.0,0.0,0.0],4.257231921656057e-06
[-0.038149576634168625,0.253852903842926,-0.05280166491866112],[0.034669194370508194,0.03344016522169113,0.03392278775572777],[-0.00038332471740432084,5.5320269893854856e-05,-0.0010278861736878753,1.0],[0.0,0.0,0.0],7.945646939333528e-05
[0.21765248477458954,0.24444657564163208,-0.07776962220668793],[0.03303216025233269,0.0343351736664772,0.03427593410015106],[1.315107692789752e-05,-0.00013764062896370888,-0.0006380160339176655,1.0],[0.0,0.0,0.0],0.00010867556557059288
[0.11297643184661865,0.4083586633205414,0.04462313652038574],[0.03282436355948448,0.03330203890800476,0.03398711606860161],[-0.0002404447295702994,-6.009710705257021e-05,-5.305030208546668e-05,1.0],[0.0,0.0,0.0],5.013089776184643e-06
[0.08817338943481445,0.1779743880033493,0.14885972440242767],[0.030650224536657333,0.03201652318239212,0.03316502645611763],[-0.0004143649712204933,-0.0009684784454293549,-0.00015081932360772043,1.0],[0.0,0.0,0.0],3.2609092158963904e-05
[0.21162548661231995,0.2831273078918457,0.24859891831874847],[0.03395925462245941,0.034229982644319534,0.032775335013866425],[0.00037901924224570394,-9.391191269969568e-05,-4.785080091096461e-05,1.0],[0.0,0.0,0.0],9.622191100788768e-06
[-0.026223262771964073,0.3366754949092865,0.19026942551136017],[0.03492139279842377,0.03486688807606697,0.035545144230127335],[-0.00023361122293863446,-9.489910735283047e-05,-0.00018561848264653236,1.0],[0.0,0.0,0.0],6.600421784241917e-06
[0.26132068037986755,0.12230668216943741,0.26656702160835266],[0.03313705325126648,0.032959096133708954,0.03300894424319267],[-2.829770664902753e-06,2.4959692837001057e-06,-3.4933614188048523e-06,1.0],[0.0,0.0,0.0],8.108778274618089e-05
[0.025245513767004013,0.6055053472518921,-0.05407876893877983],[0.03395725414156914,0.03463483974337578,0.03440691903233528],[-3.19492319249548e-05,-9.269748989026994e-05,9.456874249735847e-05,1.0],[0.0,0.0,0.0],8.279945177491754e-05
[0.11566291004419327,0.2677331268787384,-0.31186529994010925],[0.034682512283325195,0.03428134694695473,0.03405146300792694],[-0.00021442455181386322,0.00010169989400310442,-0.0001055746033671312,1.0],[0.0,0.0,0.0],8.212025568354875e-05
[0.08654392510652542,0.4432026445865631,-0.09025470167398453],[0.03342880681157112,0.03418511524796486,0.03454283997416496],[-0.00013596743519883603,8.101785351755098e-05,-0.00014716805890202522,1.0],[0.0,0.0,0.0],4.828343662666157e-05
[0.29973089694976807,0.26915785670280457,-0.11411669105291367],[0.03268881142139435,0.033274151384830475,0.03315460681915283],[0.00010859761096071452,-8.495759539073333e-05,5.418384898803197e-05,1.0],[0.0,0.0,0.0],9.463953028898686e-05
[0.008590825833380222,0.32014408707618713,0.0640384778380394],[0.034156717360019684,0.033695049583911896,0.03388699144124985],[-0.00023989043256733567,4.6554847358493134e-05,-0.0003426196053624153,1.0],[0.0,0.0,0.0],8.836556844471488e-06
[0.0010938553605228662,0.31128111481666565,-0.005260055884718895],[0.034316129982471466,0.03338099643588066,0.03340964764356613],[-3.475075573078357e-05,0.00017285411013290286,-0.0003255066985730082,1.0],[0.0,0.0,0.0],8.260492177214473e-05
[0.06319522112607956,0.3571294844150543,0.17232294380664825],[0.0339224599301815,0.0320606455206871,0.03283502161502838],[0.000589420844335109,-0.0002959731500595808,0.00024243640655186027,1.0],[0.0,0.0,0.0],3.747568825929193e-06
[0.22233377397060394,0.3562397062778473,0.13342541456222534],[0.03400610014796257,0.0343446210026741,0.03437267988920212],[0.0002482259296812117,5.4143551096785814e-05,0.0002083487925119698,1.0],[0.0,0.0,0.0],1.0707082765293308e-05
[0.11832986772060394,0.25804275274276733,-0.29424452781677246],[0.03450470417737961,0.035181280225515366,0.033911120146512985],[0.0003127461823169142,2.416566712781787e-05,0.00012227475235704333,1.0],[0.0,0.0,0.0],8.173868991434574e-05
[0.13673675060272217,0.3945086896419525,-0.07392407208681107],[0.03414308279752731,0.03506139665842056,0.03476681560277939],[0.00017652292444836348,-0.00010618002124829218,6.138042226666585e-05,1.0],[0.0,0.0,0.0],1.2202599464217201e-05
[0.051042087376117706,0.3258804380893707,-0.03682651370763779],[0.033683937042951584,0.03387400135397911,0.03482653573155403],[-0.00013675130321644247,-0.0001597063965164125,-1.6847676306497306e-05,1.0],[0.0,0.0,0.0],1.8096930034516845e-06
[0.08519087731838226,0.4603932499885559,0.13473203778266907],[0.03437285125255585,0.03448832407593727,0.03489037603139877],[-0.00026221195003017783,-5.055593646829948e-05,1.9807910575764254e-05,1.0],[0.0,0.0,0.0],8.532894571544603e-05
[0.19116978347301483,0.3788507580757141,0.07065016776323318],[0.03491820767521858,0.034899935126304626,0.0348920114338398],[-6.69942528475076e-05,4.306523351260694e-07,-3.076768553000875e-05,1.0],[0.0,0.0,0.0],1.80395545612555e-05
[0.026444990187883377,0.21714064478874207,0.20495975017547607],[0.034399475902318954,0.03457754850387573,0.033413778990507126],[0.00011736871965695173,0.00012956105638295412,-3.269151784479618e-05,1.0],[0.0,0.0,0.0],0.00010621935507515445
[0.24355219304561615,0.5364648699760437,-0.16624724864959717],[0.03454527631402016,0.03549126908183098,0.03458937630057335],[0.00024654989829286933,-3.1116152968024835e-05,0.00018199118494521827,1.0],[0.0,0.0,0.0],1.5440709830727428e-05
[0.1931198239326477,0.510058581829071,-0.050022806972265244],[0.034799207001924515,0.03401536867022514,0.03345538675785065],[3.715962520800531e-05,0.00026111124316230416,-8.220387826440856e-05,1.0],[0.0,0.0,0.0],3.243011451559141e-05
[0.13137204945087433,0.4044587314128876,-0.1011875793337822],[0.033717796206474304,0.03387150913476944,0.034070536494255066],[6.374591521307593e-07,-5.545009844354354e-05,-7.390070823021233e-05,1.0],[0.0,0.0,0.0],2.6799777970154537e-06
[0.1813330203294754,0.2511138916015625,-0.1667141169309616],[0.03488361835479736,0.034319374710321426,0.03388125076889992],[4.9367346946382895e-05,-1.9937569959438406e-06,-0.0001752467651385814,1.0],[0.0,0.0,0.0],9.974452405003831e-05
[0.29026639461517334,0.44384002685546875,-0.40842950344085693],[0.03343845158815384,0.033266276121139526,0.033164333552122116],[3.4413089451845735e-05,6.4240157371386886e-06,1.6765252439654432e-06,1.0],[0.0,0.0,0.0],7.886324601713568e-05
[-0.06819038838148117,0.6987544894218445,0.0911405012011528],[0.03448884189128876,0.03481650352478027,0.03415050730109215],[0.0003358820977155119,-1.2215815331728663e-05,-2.3758504539728165e-05,1.0],[0.0,0.0,0.0],1.617220368643757e-05
[0.21881306171417236,-0.7904634475708008,-0.12537670135498047],[0.029214834794402122,0.032147686928510666,0.03409556299448013],[-0.00015219970373436809,0.0015203912043944001,-0.00022280422854237258,1.0000004768371582],[0.0,0.0,0.0],0.00010738309356383979
[0.1524655520915985,-0.8193299770355225,-0.1061980351805687],[0.031723104417324066,0.03155604377388954,0.03154413402080536],[0.0006463034078478813,-0.0007509296992793679,0.0006404533633030951,1.0],[0.0,0.0,0.0],7.026726962067187e-05
[0.2450701892375946,-0.8538563847541809,0.007930353283882141],[0.030445076525211334,0.0305025614798069,0.030344095081090927],[-0.000897276506293565,0.0008739986806176603,-0.0012927063507959247,1.0000004768371582],[0.0,0.0,0.0],0.0002687658416107297
[0.3145689368247986,-0.780562162399292,-0.03719226270914078],[0.02991735003888607,0.031274616718292236,0.03203777223825455],[0.0005729704280383885,0.0009681721567176282,-0.0003213759628124535,1.0],[0.0,0.0,0.0],0.00012382553541101515
[0.31081023812294006,-0.7370111346244812,-0.019522687420248985],[0.031975287944078445,0.032726578414440155,0.03392405807971954],[0.0005347689148038626,-0.001596402027644217,0.001203305320814252,1.0000017881393433],[0.0,0.0,0.0],0.0001726071204757318
[0.23000569641590118,-0.6735396385192871,-0.08922839909791946],[0.03186572343111038,0.02975795604288578,0.03313995897769928],[-0.0013860049657523632,-0.0004077939665876329,-0.0013144536642357707,1.0000019073486328],[0.0,0.0,0.0],0.00020718673476949334
[0.14817306399345398,-0.761160135269165,-0.13826651871204376],[0.03170275688171387,0.03230069577693939,0.029976991936564445],[-0.003023023484274745,-2.3732425688649528e-05,0.0002559293352533132,1.000006079673767],[0.0,0.0,0.0],0.00023661763407289982
[0.2680938243865967,-0.8381662368774414,0.025689082220196724],[0.03067297674715519,0.03203196078538895,0.03234338015317917],[0.0015512112295255065,-0.0014626076444983482,-0.0026770427357405424,1.0000120401382446],[0.0,0.0,0.0],0.0004334951809141785
[0.27990204095840454,-0.7939261794090271,0.09334613382816315],[0.03174539655447006,0.030492668971419334,0.03141649067401886],[-0.0016740685096010566,0.0038649998605251312,0.0036880106199532747,1.0000724792480469],[0.0,0.0,0.0],0.0005722660571336746
[0.2963053584098816,-0.6523531079292297,0.07420095801353455],[0.03205186128616333,0.030868960544466972,0.032083138823509216],[-0.0003158396284561604,0.0006540289032272995,0.0003830083878710866,0.9999998807907104],[0.0,0.0,0.0],0.00027333147590979934
[0.18244026601314545,-0.5205770134925842,-0.23226122558116913],[0.029165692627429962,0.03225904703140259,0.030830642208456993],[-0.0004145001294091344,-0.0008859288063831627,-0.0005254003335721791,1.0],[0.0,0.0,0.0],7.327798084588721e-05
[0.22569401562213898,-0.5904462933540344,-0.036265790462493896],[0.032267116010189056,0.033458296209573746,0.033253032714128494],[-5.7390701840631664e-05,-0.001445633708499372,0.0004432328278198838,1.0000001192092896],[0.0,0.0,0.0],9.627717372495681e-05
[0.29195040464401245,-0.6602677702903748,-0.03710240125656128],[0.03152260184288025,0.030347006395459175,0.0314558744430542],[-0.0015947563806548715,4.073070886079222e-05,0.0007737893611192703,1.0000009536743164],[0.0,0.0,0.0],0.000167928752489388
[0.3117227852344513,-0.7447367906570435,0.02951977588236332],[0.0302986241877079,0.03194357454776764,0.032502301037311554],[0.00040049859671853483,-0.0009916983544826508,0.0008966284804046154,1.000001072883606],[0.0,0.0,0.0],0.00037008634535595775
[0.3029569387435913,-0.6836960911750793,0.07725876569747925],[0.03200136125087738,0.03379223123192787,0.03274703025817871],[-0.0007359785959124565,0.0002369461435591802,0.0020707077346742153,1.0000030994415283],[0.0,0.0,0.0],0.00042566467891447246
[0.3735918700695038,-0.5900794267654419,0.1392517387866974],[0.03227363899350166,0.03181895613670349,0.03171100839972496],[2.2205211280379444e-05,0.00017705047503113747,-0.0007480549393221736,1.0],[0.0,0.0,0.0],0.00012124448403483257
[0.21706373989582062,-0.6599686145782471,0.05253692716360092],[0.03261347860097885,0.03188501298427582,0.032591305673122406],[0.0001464381639380008,0.00013962153752800077,4.676981461670948e-06,1.0],[0.0,0.0,0.0],7.125968841137365e-05
[0.19353725016117096,-0.5826865434646606,-0.005741184577345848],[0.030699536204338074,0.032803069800138474,0.03303629532456398],[-4.8025467549450696e-05,-0.0004728066851384938,0.00017758032481651753,1.0],[0.0,0.0,0.0],9.606085222912952e-05
[0.18665143847465515,-0.6384425759315491,-0.08989047259092331],[0.03206823766231537,0.03365029767155647,0.03204008936882019],[-0.0003728529263753444,4.14689420722425e-05,-0.00032596904202364385,1.0],[0.0,0.0,0.0],6.604415102628991e-05
[0.20384261012077332,-0.7419785857200623,0.03269561380147934],[0.03297649323940277,0.032924991101026535,0.0332292802631855],[0.0001511446462245658,0.0001277802512049675,-0.00037365543539635837,1.0],[0.0,0.0,0.0],3.364048097864725e-05
[0.2408277690410614,-0.5061528086662292,0.08598200976848602],[0.03258641064167023,0.032858956605196,0.03074292279779911],[0.00022323871962726116,-0.00014917526277713478,-2.750443309196271e-05,0.9999987483024597],[0.0,0.0,0.0],4.89406957058236e-05
[0.30372732877731323,-0.5537869334220886,0.0318634919822216],[0.031230613589286804,0.031935542821884155,0.03254685550928116],[0.0005303220823407173,-0.0003256693889852613,-0.0005760235944762826,1.0],[0.0,0.0,0.0],2.9698026992264204e-05
[0.31030499935150146,-0.571700394153595,0.175648495554924],[0.02999052405357361,0.029265189543366432,0.030546247959136963],[-0.00015866539615672082,0.0008653099648654461,-0.0005250059184618294,0.9999998211860657],[0.0,0.0,0.0],0.0002955283271148801
[0.19574375450611115,-0.33065199851989746,-0.14368590712547302],[0.034557171165943146,0.031402572989463806,0.02945871837437153],[0.0023810649290680885,-0.00029055419145151973,-0.0021592495031654835,1.000008225440979],[0.0,0.0,0.0],7.567006105091423e-05
[0.21829785406589508,-0.3319690227508545,-0.04506262391805649],[0.03265631943941116,0.032270655035972595,0.030958328396081924],[0.0011320436606183648,0.00036165217170491815,1.46419697557576e-05,1.0000001192092896],[0.0,0.0,0.0],4.224634903948754e-05
[0.33388587832450867,-0.4478766918182373,0.002376972232013941],[0.0332573726773262,0.032428812235593796,0.03118433989584446],[-0.000821009511128068,0.000257762469118461,0.0008359522907994688,0.9999995827674866],[0.0,0.0,0.0],1.2344672768449527e-06
[0.24066108465194702,-0.3842715919017792,0.19519291818141937],[0.02744290418922901,0.02945110946893692,0.027668612077832222],[0.0003526698856148869,-0.0003891443775501102,-0.0023988429456949234,1.000003457069397],[0.0,0.0,0.0],5.1441904361126944e-05
[0.1369251012802124,-0.29991745948791504,-0.19798943400382996],[0.03009651042521,0.03173599764704704,0.03144332394003868],[-0.00016340863658115268,-0.0007249272312037647,-0.000490592501591891,1.0],[0.0,0.0,0.0],0.00014499371172860265
[0.1767939031124115,-0.26948949694633484,-0.2808650732040405],[0.03244643658399582,0.031310029327869415,0.031774599105119705],[0.00016245752340182662,-0.0003356871602591127,9.985966607928276e-05,1.0],[0.0,0.0,0.0],2.8401438612490892e-05
[0.22167743742465973,-0.4072543680667877,-0.14152604341506958],[0.031155738979578018,0.03321729600429535,0.02966409921646118],[-0.0015410158084705472,-0.0019070333801209927,-0.0005448024021461606,1.0000041723251343],[0.0,0.0,0.0],0.00013495239545591176
[0.2617622911930084,-0.24456539750099182,-0.0388946495950222],[0.032081808894872665,0.03311213105916977,0.031163368374109268],[-0.0013560736551880836,-0.0002053397474810481,0.00011457112850621343,1.0],[0.0,0.0,0.0],1.7314512660959736e-05
[0.2149113118648529,-0.22477270662784576,0.2912355065345764],[0.030812516808509827,0.0333467498421669,0.0327177494764328],[0.0005984264425933361,-0.0005675121210515499,-0.0007341906893998384,1.0],[0.0,0.0,0.0],7.9216857557185e-05
[0.20746679604053497,-0.11460781842470169,-0.16545677185058594],[0.032822154462337494,0.03377638757228851,0.031768374145030975],[0.00020183451124466956,-4.063151209265925e-05,-8.298835382447578e-06,1.0],[0.0,0.0,0.0],8.217462163884193e-05
[0.18373629450798035,-0.2404964417219162,-0.0970236212015152],[0.03401614725589752,0.03237583860754967,0.029827827587723732],[0.0004541746457107365,0.0005757719045504928,-0.00012930425873491913,1.0],[0.0,0.0,0.0],9.183603106066585e-05
[0.1439264565706253,-0.20075953006744385,-0.25669723749160767],[0.03176768124103546,0.03259700909256935,0.03152760490775108],[8.802431693766266e-06,0.00012396197416819632,0.00039983855094760656,1.0],[0.0,0.0,0.0],7.946429832372814e-05
[0.14403405785560608,-0.12193529307842255,0.0468004085123539],[0.03318361937999725,0.032579295337200165,0.032360490411520004],[5.1842140237567946e-05,2.9927305149612948e-05,-0.0006051365635357797,1.0],[0.0,0.0,0.0],8.295630686916411e-05
[0.22511854767799377,-0.28834280371665955,0.13867215812206268],[0.033995162695646286,0.033786140382289886,0.03218122571706772],[0.00035855919122695923,-0.0007395002176053822,-0.00012668770796153694,1.0],[0.0,0.0,0.0],4.391040783957578e-05
[0.2754616141319275,-0.19028940796852112,0.03947099298238754],[0.03218057379126549,0.03273100405931473,0.031714051961898804],[-0.00019925186643376946,-2.1608340830425732e-05,0.00034909212263301015,1.0],[0.0,0.0,0.0],7.97288230387494e-05
[0.13244974613189697,-0.19395306706428528,-0.1381598562002182],[0.032954730093479156,0.0324217863380909,0.03051067888736725],[-0.00032890215516090393,0.00056457455502823,-6.762038537999615e-05,1.0],[0.0,0.0,0.0],5.613478788291104e-05
[0.09761480987071991,-0.2179892361164093,0.01157287135720253],[0.03449803218245506,0.03404713422060013,0.03206288442015648],[0.0004838916065637022,-0.0008492955239489675,-2.785752985801082e-05,1.0],[0.0,0.0,0.0],2.0853785827057436e-05
[0.15485098958015442,-0.09900803864002228,0.12614749372005463],[0.03392442688345909,0.03237355500459671,0.03348543867468834],[-0.0009483337635174394,0.00010982765525113791,6.646702968282625e-05,1.0],[0.0,0.0,0.0],2.286660128447693e-05
[0.30011022090911865,-0.18917900323867798,0.17864535748958588],[0.033454958349466324,0.03341900184750557,0.0330803357064724],[1.1955874470004346e-05,-2.7522866730578244e-05,-3.7749367038486525e-05,1.0],[0.0,0.0,0.0],8.12168582342565e-05
[0.12332069128751755,0.07431961596012115,0.3792150616645813],[0.034017689526081085,0.034187667071819305,0.03380369022488594],[-0.00015302046085707843,-4.25765902036801e-05,8.484144200338051e-05,1.0],[0.0,0.0,0.0],1.7451064195483923e-05
[0.2963755130767822,0.1426316350698471,-0.3829987645149231],[0.032652441412210464,0.034355662763118744,0.03419700264930725],[-5.172914461581968e-05,-5.1160299335606396e-05,9.787925955606624e-05,1.0],[0.0,0.0,0.0],6.211340405570809e-06
[0.004590953700244427,-0.09583891928195953,-0.08601554483175278],[0.03375162184238434,0.03332138806581497,0.03197851404547691],[7.91779257269809e-06,-0.0001727958588162437,-8.29856944619678e-05,1.0],[0.0,0.0,0.0],0.00013373003457672894
[0.10316848754882812,-0.0993361547589302,-0.12484219670295715],[0.03364977613091469,0.032714542001485825,0.03271254524588585],[5.768047685705824e-06,3.779769394895993e-05,7.247288158396259e-05,1.0],[0.0,0.0,0.0],9.636305549065582e-06
[0.13219153881072998,-0.11917106807231903,0.1259014904499054],[0.0337950736284256,0.03340134024620056,0.03421444073319435],[-0.0004298900894355029,-3.222166560590267e-05,-8.084069850156084e-05,1.0],[0.0,0.0,0.0],4.919153070659377e-06
[0.17418867349624634,0.035721443593502045,0.1858852654695511],[0.03502489626407623,0.034202735871076584,0.033865250647068024],[3.038186696358025e-05,0.0002483388234395534,-0.00011219539010198787,1.0],[0.0,0.0,0.0],7.280172212631442e-06
[0.09987764805555344,0.2641946077346802,-0.15959405899047852],[0.03334219381213188,0.03387879580259323,0.03386504203081131],[-9.61648256634362e-05,-8.379920473089442e-06,1.8200245904154144e-05,1.0],[0.0,0.0,0.0],9.718062210595235e-05
[0.1263132393360138,0.21410970389842987,-0.11066706478595734],[0.03382984176278114,0.03378854691982269,0.03420056030154228],[1.1110795639979187e-05,1.4307624951470643e-05,-5.5893351600389e-06,1.0],[0.0,0.0,0.0],9.934945410350338e-05
[0.23063866794109344,0.1690872311592102,-0.017786569893360138],[0.03446405380964279,0.0342806875705719,0.03476869687438011],[-8.624649490229785e-05,-4.9932790716411546e-05,5.032286026107613e-06,1.0],[0.0,0.0,0.0],2.703414975258056e-05
[0.24777178466320038,0.02110580913722515,-0.13294723629951477],[0.03435410559177399,0.034311432391405106,0.03406510502099991],[-7.478117186110467e-05,-6.492369266197784e-06,-6.597590072487947e-06,1.0],[0.0,0.0,0.0],8.549733138352167e-06
[-0.021000726148486137,0.4612668752670288,0.11701299995183945],[0.03484988957643509,0.034587208181619644,0.03494647145271301],[-0.0004691467620432377,-2.2060236005927436e-05,-0.0001249011402251199,1.0],[0.0,0.0,0.0],3.2794093840493588e-06
[-0.05128184333443642,0.22345474362373352,0.24082018435001373],[0.034229718148708344,0.034057196229696274,0.034432318061590195],[-0.0001358613808406517,-0.00013575826596934348,-0.00042832797043956816,1.0],[0.0,0.0,0.0],8.59614010551013e-05
[0.3459034562110901,0.32565227150917053,0.14077799022197723],[0.034677788615226746,0.03440861776471138,0.033792052417993546],[9.336267248727381e-05,-4.5938977564219385e-05,-3.2509142329217866e-05,1.0],[0.0,0.0,0.0],3.900185220118146e-06
[0.2270614355802536,0.40809565782546997,-0.30148857831954956],[0.0352284274995327,0.03452117741107941,0.03449095040559769],[0.00015546004578936845,6.38181809335947e-05,-6.970793765503913e-05,1.0],[0.0,0.0,0.0],8.149924542522058e-05
[0.25102517008781433,0.3260689675807953,-0.3782334327697754],[0.033240869641304016,0.033212531358003616,0.033180348575115204],[3.0833587516099215e-05,1.7013870092341676e-05,-4.161061042395886e-06,1.0],[0.0,0.0,0.0],8.150924259098247e-05
[0.03561978414654732,0.43549010157585144,-0.09542714059352875],[0.033872269093990326,0.03404993191361427,0.03303446248173714],[0.00024572937400080264,0.00013514605234377086,-3.325043508084491e-05,1.0],[0.0,0.0,0.0],5.128009433974512e-05
[0.09225591272115707,0.35106196999549866,0.1585068553686142],[0.03490154445171356,0.03483155742287636,0.035470325499773026],[-0.000323302811011672,-2.5321045541204512e-05,-8.165256986103486e-06,1.0],[0.0,0.0,0.0],1.5114243069547229e-05
[0.2099764496088028,0.3611627519130707,0.057391200214624405],[0.034150391817092896,0.0342598482966423,0.03237714618444443],[0.000904245360288769,0.00010449746332596987,2.273378868267173e-06,1.0000001192092896],[0.0,0.0,0.0],4.916706075164257e-06
[0.09578508138656616,0.33388659358024597,0.13698187470436096],[0.034495625644922256,0.034517306834459305,0.03358081728219986],[-5.959218105999753e-05,-8.606608025729656e-05,-0.00013590215530712157,1.0],[0.0,0.0,0.0],2.7614578357315622e-05
[0.1531854271888733,0.3195553421974182,-0.2032417207956314],[0.03381906822323799,0.03440815955400467,0.03360225632786751],[0.00016822374891489744,3.628119520726614e-05,6.0345326346578076e-05,1.0],[0.0,0.0,0.0],9.996955486712977e-05
[0.21968355774879456,0.3674736022949219,0.05785993114113808],[0.03539690002799034,0.0348144955933094,0.03452995419502258],[7.87707103881985e-05,-5.1539747801143676e-05,-5.4424875997938216e-05,1.0],[0.0,0.0,0.0],1.4392249795491807e-05
[0.053704459220170975,0.38771820068359375,-0.1645650565624237],[0.034004803746938705,0.033291593194007874,0.03374457731842995],[-0.0001447277027182281,0.00021291818120516837,7.720220310147852e-05,1.0],[0.0,0.0,0.0],7.558168363175355e-06
[0.25035741925239563,0.22970959544181824,0.05802730843424797],[0.033763762563467026,0.034143343567848206,0.03392249345779419],[3.622376243583858e-05,-6.506471436296124e-06,1.7498588931630366e-05,1.0],[0.0,0.0,0.0],3.989100605394924e-06
[0.252517431974411,0.1275469958782196,-0.017758911475539207],[0.034682635217905045,0.03482874110341072,0.033891335129737854],[1.684070775809232e-05,2.0078852685401216e-05,-2.8534012017189525e-05,1.0],[0.0,0.0,0.0],2.8830172595917247e-05
[0.07504923641681671,0.6277628540992737,0.35715335607528687],[0.03330963850021362,0.033144351094961166,0.03321986645460129],[6.949588282623154e-08,8.469304702884983e-06,-9.180377674056217e-06,1.0],[0.0,0.0,0.0],3.4308151953155175e-05
[0.20171795785427094,0.30047449469566345,-0.24926027655601501],[0.03527931123971939,0.03499424457550049,0.03478483483195305],[-1.4064274182601366e-05,-3.29933209286537e-05,-4.586648356053047e-05,1.0],[0.0,0.0,0.0],9.54351489781402e-05
[0.29693880677223206,0.4231065511703491,-0.14831796288490295],[0.03263426199555397,0.03400120511651039,0.033302683383226395],[0.00012982136104255915,3.609452323871665e-05,5.958150723017752e-05,1.0],[0.0,0.0,0.0],2.086938366119284e-06
[0.11934720724821091,0.3188677430152893,-0.044862810522317886],[0.032748088240623474,0.03356198966503143,0.03328907489776611],[-8.019977030926384e-06,-1.4422154890780803e-05,-1.7034153643180616e-05,1.0],[0.0,0.0,0.0],6.12565645496943e-06
[0.08203981071710587,0.7981030941009521,0.06488144397735596],[0.03430468961596489,0.034362826496362686,0.033946212381124496],[6.401006976375356e-05,1.2702904314210173e-05,3.861204095301218e-05,1.0],[0.0,0.0,0.0],4.8458667151862755e-05
[0.2906634509563446,-0.8036348819732666,-0.05089283362030983],[0.03229718655347824,0.03277796506881714,0.02913772314786911],[-0.0004945913678966463,0.00013350184599403292,-0.00015277680358849466,1.0],[0.0,0.0,0.0],0.0002771420404314995
[0.29949745535850525,-0.7996718883514404,-0.18349333107471466],[0.03167674317955971,0.032625675201416016,0.03251900523900986],[-1.9544299902918283e-06,-4.2965630200342275e-06,1.2569847740451223e-06,1.0],[0.0,0.0,0.0],7.885921513661742e-05
[0.2768179774284363,-0.7869821190834045,0.12131569534540176],[0.030042819678783417,0.03285733610391617,0.033405814319849014],[0.00016309974307660013,-0.001810173038393259,-0.0014483080012723804,1.0000019073486328],[0.0,0.0,0.0],0.00018088625802192837
[0.26161816716194153,-0.7095826268196106,-0.005408374592661858],[0.033935610204935074,0.03219200298190117,0.030289312824606895],[-0.00016994294128380716,0.0016466503730043769,0.0008688287925906479,1.0000017881393433],[0.0,0.0,0.0],0.00017393528833054006
[0.26368868350982666,-0.5260928273200989,-0.07234623283147812],[0.03257695212960243,0.031939052045345306,0.031238198280334473],[2.6299687306163833e-05,0.000522534130141139,-0.00038462382508441806,1.0],[0.0,0.0,0.0],8.248996164184064e-05
[0.37251898646354675,-0.5998328328132629,0.10578303039073944],[0.02957179769873619,0.03236030042171478,0.0327000766992569],[-0.00016246562881860882,-0.0001278290437767282,0.0006682331440970302,1.0],[0.0,0.0,0.0],9.188283729599789e-05
[0.33131322264671326,-0.5606010556221008,-0.2128678411245346],[0.02901691012084484,0.028966592624783516,0.03223647549748421],[0.00023869442520663142,-0.001499509671702981,0.00019426945073064417,0.9999992847442627],[0.0,0.0,0.0],7.345480844378471e-05
[0.28494715690612793,-0.5892671346664429,0.04632026329636574],[0.03300613537430763,0.032174333930015564,0.03229533135890961],[8.346774848178029e-06,0.000464931275928393,0.0005564422463066876,1.0],[0.0,0.0,0.0],0.00011229835945414379
[0.3051627278327942,-0.5766289234161377,0.16929274797439575],[0.031943466514348984,0.02941739745438099,0.031122034415602684],[0.0005798005731776357,0.0007985517149791121,0.0004158980445936322,1.0],[0.0,0.0,0.0],6.950398528715596e-05
[0.3542189300060272,-0.6395280957221985,0.07818710803985596],[0.031331297010183334,0.0280209518969059,0.029941266402602196],[-0.001869861502200365,0.001403561094775796,0.0006762492703273892,1.000003695487976],[0.0,0.0,0.0],0.0002721708151511848
[0.28105729818344116,-0.47737956047058105,-0.20433560013771057],[0.03227422758936882,0.0326550230383873,0.03274702653288841],[-2.959184166684281e-05,7.226652542158263e-06,-5.8858950069407e-06,1.0],[0.0,0.0,0.0],1.6108220734167844e-05
[0.25398966670036316,-0.356689989566803,-0.12886875867843628],[0.032173845916986465,0.03129776939749718,0.030514877289533615],[-3.810379348578863e-05,-0.0006618007319048047,-0.0004069656424690038,1.0],[0.0,0.0,0.0],1.9468654500087723e-05
[0.24438446760177612,-0.46520668268203735,-0.2736738324165344],[0.03184668347239494,0.03288230299949646,0.03158465772867203],[-0.0003342598211020231,-3.498357909847982e-05,0.0005605621263384819,1.0],[0.0,0.0,0.0],2.27989239647286e-05
[0.34672078490257263,-0.5757083296775818,-0.13686493039131165],[0.029659314081072807,0.03023325279355049,0.03292457386851311],[-0.0006162684876471758,-0.0005766231333836913,-7.508861017413437e-05,1.0],[0.0,0.0,0.0],3.1206694984575734e-05
[0.30475789308547974,-0.4896080791950226,0.05243079736828804],[0.03248593956232071,0.0314030647277832,0.03188198059797287],[0.000417821342125535,-0.00035806800588034093,0.00036866983282379806,1.0],[0.0,0.0,0.0],1.7616248442209326e-05
[0.21943803131580353,-0.6014717817306519,-0.19844886660575867],[0.033155228942632675,0.03190615028142929,0.030573546886444092],[-0.00021391270274762064,0.0009803780121728778,0.00042889287578873336,1.0],[0.0,0.0,0.0],3.0907278414815664e-05
[0.2081778198480606,-0.4906855821609497,-0.1559617966413498],[0.03225217014551163,0.03314296156167984,0.03037681058049202],[3.8811220292700455e-05,0.00013987458078190684,-0.00024802208645269275,1.0],[0.0,0.0,0.0],6.747063252987573e-06
[0.18167103826999664,-0.6083097457885742,-0.1696806252002716],[0.03289477899670601,0.03306002914905548,0.030810795724391937],[-0.000227855853154324,0.0008066848386079073,0.00017982292047236115,1.0],[0.0,0.0,0.0],8.325703674927354e-06
[0.3191502094268799,-0.41743242740631104,-0.09575416892766953],[0.03317335620522499,0.03243189677596092,0.030661849305033684],[-8.433812035946175e-05,0.0010516210459172726,-0.00038837187457829714,1.0000003576278687],[0.0,0.0,0.0],8.31632423796691e-05
[0.2657893896102905,-0.3486214876174927,-0.13996656239032745],[0.029413092881441116,0.03249148651957512,0.032373346388339996],[-7.635525435034651e-06,0.0005055699730291963,0.00012014486128464341,1.0],[0.0,0.0,0.0],3.485830529825762e-05
[0.2684336006641388,-0.4299125075340271,-0.05958478897809982],[0.03218159079551697,0.033932942897081375,0.03263738378882408],[-0.0006675072945654392,0.00012388854520395398,-0.0006240328075364232,1.0],[0.0,0.0,0.0],8.41084256535396e-05
[0.16267457604408264,-0.10210468620061874,-0.00803152285516262],[0.033051181584596634,0.03243757784366608,0.03312383592128754],[3.1156469049165025e-05,8.400927981710993e-06,0.0001102555324905552,1.0],[0.0,0.0,0.0],2.8623451726161875e-05
[0.27754685282707214,-0.15088152885437012,-0.14875876903533936],[0.03300293907523155,0.032615870237350464,0.03140946477651596],[-3.761880361707881e-05,-0.0002328413975192234,2.5344317691633478e-05,1.0],[0.0,0.0,0.0],5.833783507114276e-05
[0.12269766628742218,-0.17796888947486877,-0.1049271747469902],[0.031628482043743134,0.03350915387272835,0.03258842974901199],[7.197589729912579e-05,-6.021310400683433e-05,0.00021906598703935742,1.0],[0.0,0.0,0.0],3.2166382879950106e-05
[0.1307070404291153,-0.026926808059215546,-0.13341104984283447],[0.03472745046019554,0.03482190519571304,0.03447524085640907],[0.0003845859318971634,0.00010216266673523933,-3.5373718674236443e-06,1.0],[0.0,0.0,0.0],6.68310749460943e-05
[0.2416790872812271,-0.22562679648399353,0.03979089856147766],[0.03378504514694214,0.033582255244255066,0.03289223462343216],[0.0003518176672514528,-0.00021012859360780567,1.0374423254688736e-05,1.0],[0.0,0.0,0.0],5.1766812248388305e-05
[0.31321531534194946,0.06420227140188217,-0.3608770966529846],[0.03316247835755348,0.03348502516746521,0.033125631511211395],[9.123613381234463e-06,1.0304032002750318e-05,9.498419785813894e-06,1.0],[0.0,0.0,0.0],1.1570796232263092e-06
[0.12373410910367966,0.15826241672039032,0.05521126464009285],[0.03453485295176506,0.03424577787518501,0.033893074840307236],[3.360287155373953e-05,1.4739585822098888e-05,-3.309737076051533e-05,1.0],[0.0,0.0,0.0],7.905556412879378e-05
[0.07970856130123138,0.09164877235889435,0.1949474811553955],[0.03454047814011574,0.034198712557554245,0.033891621977090836],[0.00012341358524281532,-5.347244496078929e-06,0.00014720024773851037,1.0],[0.0,0.0,0.0],7.301322330022231e-05
[0.409230500459671,0.3290119469165802,-0.10295898467302322],[0.03343520313501358,0.03396956995129585,0.03303498774766922],[8.391480514546856e-05,-3.46486376656685e-05,9.243958629667759e-05,1.0],[0.0,0.0,0.0],7.903014193288982e-05
[0.18750342726707458,0.09694059193134308,0.05293164402246475],[0.03409294784069061,0.03464476391673088,0.03364597260951996],[9.15837736101821e-05,2.0323697754065506e-05,-4.233308936818503e-05,1.0],[0.0,0.0,0.0],6.78382275509648e-06
[0.42199310660362244,0.2655453085899353,0.14806652069091797],[0.033570412546396255,0.032554201781749725,0.031167445704340935],[-0.0002398489450570196,0.0004481618816498667,-0.00017265787755604833,1.0],[0.0,0.0,0.0],8.594890095992014e-05
[0.3532075583934784,0.37491142749786377,-0.2705114483833313],[0.03470337763428688,0.033386025577783585,0.03327953815460205],[1.760756094881799e-05,-5.56916984351119e-06,-2.2460188120021485e-05,1.0],[0.0,0.0,0.0],8.040486136451364e-05
[0.1723303645849228,0.4323218762874603,0.01424268539994955],[0.034857746213674545,0.03481416776776314,0.033530864864587784],[0.00028439550078473985,5.385704935179092e-05,2.779353417281527e-05,1.0],[0.0,0.0,0.0],1.5427189282490872e-05
[0.5250787734985352,0.2380818873643875,0.03599502146244049],[0.03344152867794037,0.03342316672205925,0.03293578326702118],[-1.1984494449279737e-05,-1.4927251868357416e-05,-1.977512965822825e-06,1.0],[0.0,0.0,0.0],7.88594625191763e-05
[0.18466506898403168,0.15871164202690125,0.20050571858882904],[0.03286752849817276,0.03270299360156059,0.032411638647317886],[1.940259062394034e-05,-1.010280720947776e-05,1.1543363143573515e-05,1.0],[0.0,0.0,0.0],0.00010075410682475194
[0.27167606353759766,0.4263852536678314,-0.3740260899066925],[0.03340524807572365,0.03331640362739563,0.03333045542240143],[2.8162303351564333e-06,-6.794251703468035e-07,-3.6104622722632485e-06,1.0],[0.0,0.0,0.0],7.893849397078156e-05
[0.2869303822517395,0.3276279866695404,0.05305397883057594],[0.034324679523706436,0.03459569066762924,0.033254604786634445],[0.00012568738020490855,9.788125316845253e-05,-4.809293750440702e-05,1.0],[0.0,0.0,0.0],8.262344636023045e-05
[0.33670610189437866,-0.5710093975067139,-0.20288994908332825],[0.032850466668605804,0.029265303164720535,0.028178753331303596],[-0.00018731372256297618,0.0008596521802246571,-0.0005860491073690355,1.0000001192092896],[0.0,0.0,0.0],0.0001616656663827598
[0.28668054938316345,-0.5402222275733948,-0.23017911612987518],[0.03255016729235649,0.03370412066578865,0.03310636058449745],[-3.359670881764032e-05,0.0002152406523237005,-9.220040374202654e-05,1.0],[0.0,0.0,0.0],1.8520218873163685e-05
[0.34217146039009094,-0.4503202438354492,-0.012403164990246296],[0.03269923850893974,0.032811615616083145,0.033103059977293015],[2.674739880603738e-05,2.3001330191618763e-05,2.5188397557940334e-05,1.0],[0.0,0.0,0.0],7.40414034225978e-05
[0.37958574295043945,-0.5218847393989563,-0.2817050814628601],[0.03397321328520775,0.034741759300231934,0.0331779383122921],[0.00021028534683864564,0.0006728850421495736,0.0003627462428994477,1.0],[0.0,0.0,0.0],3.7357061955844983e-05
[0.36910632252693176,-0.6620761156082153,-0.020174387842416763],[0.03252028673887253,0.032682210206985474,0.03167610615491867],[-2.8495855985966045e-06,1.2213111403980292e-05,3.0772737318329746e-06,1.0],[0.0,0.0,0.0],1.5235643786581932e-06
[0.3529081642627716,-0.469429075717926,-0.018128225579857826],[0.03329246863722801,0.03303860127925873,0.03326728567481041],[-0.0001420369662810117,0.0003728859592229128,-0.00015262479428201914,1.0],[0.0,0.0,0.0],9.645990212447941e-05
[0.4110012650489807,-0.5093104243278503,-0.08697129786014557],[0.03315809369087219,0.03241850808262825,0.03200782462954521],[0.00020087414304725826,0.00048309023259207606,-0.00020228492212481797,1.0],[0.0,0.0,0.0],5.878177034901455e-05
[0.36251333355903625,-0.4948634207248688,0.015410719439387321],[0.032665375620126724,0.032444778829813004,0.03214989975094795],[2.1688308606826467e-06,3.195422323187813e-05,1.5254117897711694e-06,1.0],[0.0,0.0,0.0],3.567716703400947e-05
[0.4371071457862854,-0.019031884148716927,-0.027369223535060883],[0.03373371437191963,0.033107057213783264,0.03330666571855545],[3.181216379744001e-05,1.1477539374027401e-05,-5.583431266131811e-05,1.0],[0.0,0.0,0.0],2.6473321668163408e-06
[0.17879533767700195,0.19447247684001923,0.12433438003063202],[0.03432459756731987,0.03475826233625412,0.03406344726681709],[0.00014052832557354122,7.721559995843563e-06,0.00010920943896053359,1.0],[0.0,0.0,0.0],1.9538872493285453e-06
[0.26556408405303955,-0.16838812828063965,-0.08329834043979645],[0.03435022756457329,0.03427615016698837,0.03382651135325432],[5.2125222282484174e-05,2.0125995433772914e-05,-7.633881068613846e-06,1.0],[0.0,0.0,0.0],8.273324783658609e-05
[0.36170655488967896,0.34711477160453796,-0.07248830795288086],[0.0338335856795311,0.03352021798491478,0.0336226224899292],[-1.9561464796424843e-05,-1.2747152595693478e-06,1.0417933253847877e-06,1.0],[0.0,0.0,0.0],8.106919267447665e-05
[0.6142780184745789,0.2902190387248993,0.05474713444709778],[0.03270711749792099,0.03241385519504547,0.03232796490192413],[3.6500075566436863e-06,-1.855676237028092e-05,5.77457603867515e-06,1.0],[0.0,0.0,0.0],7.88594625191763e-05
[0.4559894800186157,0.33826693892478943,0.004244573414325714],[0.03268374875187874,0.03282951936125755,0.032640840858221054],[1.6264636997220805e-06,-3.65933630064319e-07,8.987211913336068e-06,1.0],[0.0,0.0,0.0],7.886863750172779e-05
[0.3923060894012451,0.3276509642601013,-0.11723227053880692],[0.03300278261303902,0.03313722088932991,0.032880090177059174],[1.8342903786106035e-05,2.2720382730767597e-06,5.87776912652771e-06,1.0],[0.0,0.0,0.0],8.13756269053556e-05
[0.48397311568260193,-0.6283741593360901,-0.22385381162166595],[0.03253309056162834,0.03247585520148277,0.032229140400886536],[-4.612297743733507e-06,7.1698023020871915e-06,-5.144706278770173e-07,1.0],[0.0,0.0,0.0],1.8344416048421408e-06
