#[center],[radii],[quat],[albedo],sigma
[-0.25175318121910095,0.3734341263771057,-0.16102275252342224],[0.034437648952007294,0.034386664628982544,0.03432523459196091],[-3.3971195080084726e-05,-9.60367833613418e-06,3.263263579356135e-06,1.0],[0.8999999761581421,0.8999999761581421,0.8999999761581421],7.728732452960685e-05
[-0.5441237688064575,0.43861058354377747,0.0896332636475563],[0.032696180045604706,0.03270087391138077,0.0326530858874321],[4.814622798221535e-07,2.942017260920693e-07,-4.952711378791719e-07,1.0],[0.8999999761581421,0.8999999761581421,0.8999999761581421],3.6485014334175503e-06
[-0.32914531230926514,0.43965163826942444,-0.06936454772949219],[0.03460707515478134,0.03442106768488884,0.03454836085438728],[-8.792243897914886e-05,-1.3181853319110814e-05,-3.339187242090702e-05,1.0],[0.8999999761581421,0.8999999761581421,0.8999999761581421],4.862153946305625e-05
[-0.5694943070411682,0.5143293142318726,-0.0200202576816082],[0.03275385871529579,0.03263728320598602,0.03286318480968475],[-1.1705908036674373e-05,2.4382071472928146e-08,-2.5069839466596022e-06,1.0],[0.8999999761581421,0.8999999761581421,0.8999999761581421],7.064153123792494e-06
[-0.4396946132183075,0.5096423029899597,-0.033990662544965744],[0.033209629356861115,0.03325954079627991,0.03312191739678383],[5.95259371038992e-06,3.737199847364536e-07,3.0307987799460534e-06,1.0],[0.8999999761581421,0.8999999761581421,0.8999999761581421],3.2160129194380715e-05
[-0.29704850912094116,0.28137946128845215,0.12443096935749054],[0.034577876329422,0.03438650444149971,0.03390904515981674],[9.55369250732474e-05,-7.33183969714446e-06,-1.7290567484451458e-06,1.0],[0.8999999761581421,0.8999999761581421,0.8999999761581421],3.5442076296021696e-06
[-0.3093509376049042,0.0935257226228714,0.10122238099575043],[0.03367442637681961,0.03373647481203079,0.033202238380908966],[9.485257032793015e-05,1.8743695591183496e-06,1.8914781321655028e-05,1.0],[0.8999999761581421,0.8999999761581421,0.8999999761581421],5.017698276787996e-05
[-0.34234535694122314,0.268825501203537,-0.03208812326192856],[0.03487398475408554,0.034533385187387466,0.03406655788421631],[8.497489761793986e-05,-0.00010558847861830145,-2.98262730211718e-05,1.0],[0.8999999761581421,0.8999999761581421,0.8999999761581421],1.856261951616034e-05
[-0.38439705967903137,0.2672451138496399,-0.07636572420597076],[0.035220447927713394,0.03505304455757141,0.03458777070045471],[0.0006160721532069147,0.00030753278406336904,-0.00014282864867709577,1.0],[0.8999999761581421,0.8999999761581421,0.8999999761581421],5.381202754506376e-06
[-0.2362033873796463,0.16680994629859924,0.07476390898227692],[0.034406036138534546,0.03432910144329071,0.03402166813611984],[2.5726800231495872e-05,7.7175712931421e-07,2.4314002075698227e-05,1.0],[0.8999999761581421,0.8999999761581421,0.8999999761581421],7.999189983820543e-05
[-0.3891714811325073,0.3969390392303467,-0.0837840735912323],[0.034161753952503204,0.033980511128902435,0.03377700597047806],[1.771885945345275e-05,9.533799129712861e-06,3.4029264497803524e-05,1.0],[0.8999999761581421,0.8999999761581421,0.8999999761581421],4.202072886982933e-05
[-0.2597390413284302,0.13510821759700775,-0.2564338445663452],[0.03419406712055206,0.03457768261432648,0.034115053713321686],[3.247620043111965e-05,3.94510971091222e-05,-6.772846245439723e-05,1.0],[0.8999999761581421,0.8999999761581421,0.8999999761581421],9.13802650757134e-05
[-0.32754454016685486,0.40631377696990967,0.057819828391075134],[0.03368057683110237,0.03411479294300079,0.03399522230029106],[5.565670562646119e-06,-5.004144441045355e-06,3.473762626526877e-05,1.0],[0.8999999761581421,0.8999999761581421,0.8999999761581421],4.153369081905112e-05
[-0.19585779309272766,0.15403006970882416,-0.21343204379081726],[0.03447778522968292,0.03450595214962959,0.03440862521529198],[3.249095243518241e-05,3.413374361116439e-05,-6.263089017011225e-05,1.0],[0.8999999761581421,0.8999999761581421,0.8999999761581421],3.1979843697627075e-06
[-0.3056847155094147,0.35324814915657043,-0.2671499252319336],[0.034804508090019226,0.03489096835255623,0.035170599818229675],[-0.0002655748394317925,-3.229233334423043e-05,-0.0001497925113653764,1.0],[0.8999999761581421,0.8999999761581421,0.8999999761581421],3.407650365261361e-05
[-0.3040567934513092,0.5706704258918762,0.15779148042201996],[0.0345858633518219,0.03487185761332512,0.03446453437209129],[3.5782424674835056e-05,-3.0401642447941413e-07,7.982310489751399e-05,1.0],[0.8999999761581421,0.8999999761581421,0.8999999761581421],3.657333945739083e-05
[-0.1794607788324356,0.2006334513425827,-0.12293004244565964],[0.03487498685717583,0.034936897456645966,0.0353243313729763],[-5.183591565582901e-05,-3.1551677238894626e-05,8.104386506602168e-05,1.0],[0.8999999761581421,0.8999999761581421,0.8999999761581421],3.206853580195457e-05
[-0.2081800401210785,0.60102778673172,-0.12476546317338943],[0.034239090979099274,0.034334227442741394,0.03454989194869995],[-7.12065739207901e-05,3.893578650604468e-06,-3.433318488532677e-05,1.0],[0.8999999761581421,0.8999999761581421,0.8999999761581421],4.023459769086912e-05
[-0.24882182478904724,0.4746507406234741,-0.027261078357696533],[0.035131677985191345,0.034849416464567184,0.03451148793101311],[1.0778054274851456e-05,6.0378341004252434e-05,-4.934562821290456e-05,1.0],[0.8999999761581421,0.8999999761581421,0.8999999761581421],4.9005724577000365e-05
[-0.2561591565608978,0.5252541303634644,0.24036341905593872],[0.03374246507883072,0.033912379294633865,0.03390251100063324],[-1.592759508639574e-05,2.830159473887761e-06,4.539338533504633e-06,1.0],[0.8999999761581421,0.8999999761581421,0.8999999761581421],5.072366093372693e-06
[-0.2962477207183838,0.8090898990631104,-0.30055949091911316],[0.033983565866947174,0.034267574548721313,0.03391202539205551],[5.898962990613654e-05,-1.6736828456487274e-06,2.9088712835800834e-05,1.0],[0.8999999761581421,0.8999999761581421,0.8999999761581421],1.432776798537816e-06
[-0.26921191811561584,0.6921566128730774,-0.31420573592185974],[0.03457440435886383,0.03470957279205322,0.034764669835567474],[-5.8837104006670415e-06,6.727094842062797e-06,2.7074915124103427e-05,1.0],[0.8999999761581421,0.8999999761581421,0.8999999761581421],1.919258647831157e-05
[-0.23393920063972473,0.30725929141044617,-0.11283884197473526],[0.03421702980995178,0.03530663996934891,0.03508123382925987],[-2.6471261662663892e-05,-3.398407352506183e-05,0.00026709691155701876,1.0],[0.8999999761581421,0.8999999761581421,0.8999999761581421],2.593326826172415e-06
[-0.22960762679576874,0.6413602232933044,-0.003802358405664563],[0.03505108505487442,0.03521175682544708,0.034840177744627],[5.57481762371026e-05,5.128365046402905e-06,4.265320512786275e-06,1.0],[0.8999999761581421,0.8999999761581421,0.8999999761581421],6.755296453775372e-06
[-0.33536097407341003,0.8505921959877014,-0.23710907995700836],[0.03491583094000816,0.035106830298900604,0.03529074415564537],[-5.3968124120729044e-05,1.3233910976850893e-05,2.0161172869848087e-05,1.0],[0.8999999761581421,0.8999999761581421,0.8999999761581421],7.986186392372474e-05
[-0.20925764739513397,0.6465850472450256,-0.2277013212442398],[0.034796491265296936,0.03472321480512619,0.034614335745573044],[-1.3208789823693223e-05,-1.5581573507006397e-06,-1.3577558092947584e-05,1.0],[0.8999999761581421,0.8999999761581421,0.8999999761581421],4.2832914914470166e-05
[-0.4008817970752716,0.809555172920227,-0.14378316700458527],[0.034991227090358734,0.03473563492298126,0.03529177978634834],[-0.00012657848128583282,3.894916153512895e-05,-4.3350577470846474e-05,1.0],[0.8999999761581421,0.8999999761581421,0.8999999761581421],8.200831507565454e-05
[-0.31066760420799255,0.7529909610748291,0.16632568836212158],[0.0354054756462574,0.03441514074802399,0.03496531769633293],[-0.00013101262447889894,4.193840140942484e-05,-0.0002671938855201006,1.0],[0.8999999761581421,0.8999999761581421,0.8999999761581421],9.802991553442553e-05
[-0.33664026856422424,0.694049596786499,0.18141239881515503],[0.034051474183797836,0.03445285186171532,0.03438160568475723],[-9.56334133661585e-06,-2.7828804377350025e-05,2.0600378775270656e-05,1.0],[0.8999999761581421,0.8999999761581421,0.8999999761581421],9.000545833259821e-05
[-0.10822638869285583,-0.2992590665817261,0.05121051147580147],[0.03391082212328911,0.0338442325592041,0.032902415841817856],[2.570083233877085e-05,-9.920409502228722e-05,-2.3031941964291036e-05,1.0],[0.8999999761581421,0.8999999761581421,0.8999999761581421],4.844258728553541e-05
[-0.1999736726284027,-0.07203463464975357,-0.11740757524967194],[0.03299802914261818,0.03283178061246872,0.03224647790193558],[1.735859586915467e-05,7.718758752162103e-07,-1.4383036614162847e-05,1.0],[0.8999999761581421,0.8999999761581421,0.8999999761581421],8.019399683689699e-05
[-0.2575792074203491,0.009340374730527401,0.009967741556465626],[0.03374643251299858,0.03455131873488426,0.033603131771087646],[0.00014712088159285486,2.3898921426734887e-05,0.00019137898925691843,1.0],[0.8999999761581421,0.8999999761581421,0.8999999761581421],4.563196398521541e-06
[-0.28812116384506226,0.028401101008057594,0.14674916863441467],[0.03219689056277275,0.03345927223563194,0.03334957733750343],[-1.961348607437685e-05,-4.0459082811139524e-05,-3.1866406061453745e-05,1.0],[0.8999999761581421,0.8999999761581421,0.8999999761581421],8.275338041130453e-05
[-0.07116777449846268,-0.008321966044604778,-0.09096023440361023],[0.0346267893910408,0.03457428142428398,0.034127529710531235],[0.0005465798894874752,4.497962800087407e-05,1.0285374628438149e-05,1.0],[0.8999999761581421,0.8999999761581421,0.8999999761581421],4.961085141985677e-05
[-0.21397511661052704,0.05319630354642868,0.08125817030668259],[0.03428858518600464,0.034271810203790665,0.0340910404920578],[0.00012551902909763157,3.293651752755977e-05,-5.2014689572388306e-05,1.0],[0.8999999761581421,0.8999999761581421,0.8999999761581421],3.7014724512118846e-05
[-0.2793201506137848,0.00688202865421772,0.036237504333257675],[0.03339693322777748,0.032778799533843994,0.03456607460975647],[-5.610125663224608e-05,3.355166700202972e-05,-0.00020143769506830722,1.0],[0.8999999761581421,0.8999999761581421,0.8999999761581421],7.954478860483505e-06
[-0.1216900423169136,-0.12294958531856537,0.06338933110237122],[0.03475889936089516,0.03420080617070198,0.03347447142004967],[4.48944847448729e-05,0.00010003826901083812,2.2056608941056766e-05,1.0],[0.8999999761581421,0.8999999761581421,0.8999999761581421],7.706339238211513e-05
[-0.2812071144580841,-0.09358388930559158,0.11893545836210251],[0.03272390738129616,0.032886095345020294,0.03282966464757919],[-2.439639501972124e-06,-4.484799774218118e-06,2.834616225300124e-06,1.0],[0.8999999761581421,0.8999999761581421,0.8999999761581421],7.909033593023196e-05
[-0.29481714963912964,0.1530122607946396,-0.12706676125526428],[0.031182222068309784,0.03445620834827423,0.034911490976810455],[-0.00018858960538636893,0.0002458835660945624,-0.0005799391074106097,1.0],[0.8999999761581421,0.8999999761581421,0.8999999761581421],3.807786197285168e-05
[-0.31089088320732117,0.20277203619480133,-0.15894830226898193],[0.034231528639793396,0.0346941277384758,0.03424426168203354],[0.0003916382556781173,3.624822056735866e-05,-4.5143129682401195e-05,1.0],[0.8999999761581421,0.8999999761581421,0.8999999761581421],4.739415999210905e-06
[-0.17059911787509918,0.2580592632293701,0.02480958215892315],[0.034259166568517685,0.034630537033081055,0.03409407660365105],[8.746352978050709e-05,5.524033258552663e-05,8.448510925518349e-05,1.0],[0.8999999761581421,0.8999999761581421,0.8999999761581421],4.941234510624781e-05
[-0.22942109405994415,0.050658129155635834,0.051732711493968964],[0.033092934638261795,0.033721357583999634,0.034355755895376205],[-0.00011189413635293022,-3.115142317255959e-05,0.00022493040887638927,1.0],[0.8999999761581421,0.8999999761581421,0.8999999761581421],1.8218119294033386e-05
[-0.23129788041114807,0.10197699815034866,0.1927686631679535],[0.033881865441799164,0.0341271348297596,0.032897137105464935],[0.0005480711115524173,-0.00016975103062577546,1.839973992900923e-05,1.0],[0.8999999761581421,0.8999999761581421,0.8999999761581421],8.287291711894795e-05
[-0.29980194568634033,0.08702268451452255,-0.20686987042427063],[0.0334768109023571,0.03438037261366844,0.03430226445198059],[7.719396307948045e-06,8.019810047699139e-05,0.00019769574282690883,1.0],[0.8999999761581421,0.8999999761581421,0.8999999761581421],6.18972335360013e-05
[-0.12014839053153992,0.27313655614852905,-0.1799294352531433],[0.034680504351854324,0.03472417965531349,0.034457962960004807],[0.00011551679199328646,-6.67236527078785e-05,-6.741739343851805e-05,1.0],[0.8999999761581421,0.8999999761581421,0.8999999761581421],4.318734681874048e-06
[-0.11599496752023697,0.24155467748641968,0.11358485370874405],[0.03481192886829376,0.03470383211970329,0.03381980583071709],[0.000915537413675338,0.0002737603790592402,-0.00013054841838311404,1.0],[0.8999999761581421,0.8999999761581421,0.8999999761581421],5.3550966185866855e-06
[-0.1993253529071808,0.0758466050028801,-0.013862116262316704],[0.034563250839710236,0.034547507762908936,0.034782640635967255],[-1.8924820324173197e-05,-2.5736706447787583e-05,-3.1620489608030766e-05,1.0],[0.8999999761581421,0.8999999761581421,0.8999999761581421],2.3905342459329404e-05
[-0.24789243936538696,0.11283396929502487,0.12705445289611816],[0.033287905156612396,0.03445117548108101,0.03441973775625229],[-0.00015529834490735084,-0.000275046331807971,0.0004546869022306055,1.0],[0.8999999761581421,0.8999999761581421,0.8999999761581421],8.134297968354076e-05
[-0.15130266547203064,0.2226582169532776,0.2478194385766983],[0.03454691171646118,0.034883998334407806,0.03480498865246773],[4.668681140174158e-05,1.3060511264484376e-05,3.94663329643663e-05,1.0],[0.8999999761581421,0.8999999761581421,0.8999999761581421],8.56061524245888e-06
[-0.25064584612846375,0.4978397786617279,-0.21812200546264648],[0.03426921367645264,0.03478506579995155,0.03437257185578346],[0.0004978612414561212,3.895354166161269e-05,0.00019304930174257606,1.0],[0.8999999761581421,0.8999999761581421,0.8999999761581421],1.3661241609952413e-05
[-0.25856852531433105,0.33877453207969666,-0.1980661302804947],[0.034185755997896194,0.034686215221881866,0.034760523587465286],[1.852394598245155e-05,-2.345567281736294e-06,3.432406083447859e-05,1.0],[0.8999999761581421,0.8999999761581421,0.8999999761581421],6.808431498939171e-05
[-0.3200055658817291,0.28699439764022827,-0.16534917056560516],[0.03414277359843254,0.03449736163020134,0.03405115753412247],[-0.0001836083974922076,0.00013621451216749847,-0.0003905033227056265,1.0],[0.8999999761581421,0.8999999761581421,0.8999999761581421],1.5828414916541078e-06
[-0.2836426794528961,0.23853889107704163,-0.15155209600925446],[0.03442540764808655,0.034836944192647934,0.03471246361732483],[3.42069506586995e-05,-1.6645661844449933e-06,6.241135997697711e-05,1.0],[0.8999999761581421,0.8999999761581421,0.8999999761581421],6.670716538792476e-05
[-0.1925969272851944,0.09336721897125244,-0.12850286066532135],[0.03413655608892441,0.03470872342586517,0.03419535607099533],[0.00010903130896622315,-1.7450314771849662e-05,2.993397538375575e-05,1.0],[0.8999999761581421,0.8999999761581421,0.8999999761581421],7.952395390020683e-05
[-0.03213933855295181,0.10699599981307983,-0.10420923680067062],[0.03461278975009918,0.034797366708517075,0.03471215441823006],[-6.537228910019621e-05,3.8894202589290217e-05,-0.00012450559006538242,1.0],[0.8999999761581421,0.8999999761581421,0.8999999761581421],7.753073987259995e-06
[-0.18835513293743134,0.09188144654035568,0.17554564774036407],[0.03353770822286606,0.034920670092105865,0.0339454747736454],[0.00021208559337537736,-6.181325443321839e-05,0.00028122522053308785,1.0],[0.8999999761581421,0.8999999761581421,0.8999999761581421],8.054919453570619e-05
[-0.34672537446022034,0.48026198148727417,-0.15122543275356293],[0.034696824848651886,0.03462677448987961,0.03503820672631264],[-0.00019723335572052747,4.30868094554171e-05,-0.00029983793501742184,1.0],[0.8999999761581421,0.8999999761581421,0.8999999761581421],4.861107299802825e-05
[-0.30301594734191895,0.408391535282135,-0.05445427820086479],[0.034448686987161636,0.03323692828416824,0.034505732357501984],[-5.501191844814457e-05,1.612083360669203e-05,-0.0003105747455265373,1.0],[0.8999999761581421,0.8999999761581421,0.8999999761581421],4.318240826250985e-05
[-0.38951706886291504,0.6815943717956543,0.08414854109287262],[0.03346091881394386,0.034572701901197433,0.034157004207372665],[6.300226232269779e-05,-1.4872493011353072e-05,7.858289609430358e-05,1.0],[0.8999999761581421,0.8999999761581421,0.8999999761581421],8.894297934602946e-05
[-0.3017948567867279,0.4786261022090912,0.03271843492984772],[0.034904807806015015,0.034994833171367645,0.03524881601333618],[-8.212256943807006e-05,-9.78603566181846e-06,1.0798923540278338e-05,1.0],[0.8999999761581421,0.8999999761581421,0.8999999761581421],4.496503242990002e-05
[-0.26830971240997314,0.315345823764801,0.21119029819965363],[0.034489817917346954,0.0344400517642498,0.03479595109820366],[-7.293079397641122e-05,-3.420347275095992e-05,-2.5874423954519443e-06,1.0],[0.8999999761581421,0.8999999761581421,0.8999999761581421],3.7076088119647466e-06
[-0.21181721985340118,0.4758233428001404,-0.39491480588912964],[0.032701194286346436,0.03274740278720856,0.03265177085995674],[-8.039201020437758e-07,5.312222697284597e-07,-3.2841026609276014e-07,1.0],[0.8999999761581421,0.8999999761581421,0.8999999761581421],1.1733062592611532e-06
[-0.2273663729429245,0.3728030323982239,-0.21215808391571045],[0.034818124026060104,0.0347798652946949,0.03516100347042084],[-0.00015963219630066305,2.8585916879819706e-05,2.353005220356863e-05,1.0],[0.8999999761581421,0.8999999761581421,0.8999999761581421],1.5500113477173727e-06
[-0.3445369303226471,0.5304200649261475,-0.2321496307849884],[0.03529730811715126,0.03524458408355713,0.035262856632471085],[-0.00016158992366399616,-8.66682512423722e-06,-8.614124817540869e-05,1.0],[0.8999999761581421,0.8999999761581421,0.8999999761581421],1.9742208678508177e-05
[-0.4076184630393982,0.703241765499115,0.20763222873210907],[0.03408874198794365,0.035489846020936966,0.035209253430366516],[5.031468390370719e-05,-0.00013572817260865122,0.0002218433510279283,1.0],[0.8999999761581421,0.8999999761581421,0.8999999761581421],9.573528950568289e-05
[-0.3960968852043152,0.6161431074142456,0.04770500212907791],[0.03462356701493263,0.034670449793338776,0.034854624420404434],[-0.00021807770826853812,-2.2153210011310875e-05,3.957374792662449e-05,1.0],[0.8999999761581421,0.8999999761581421,0.8999999761581421],7.28058193999459e-06
[-0.29707956314086914,0.6691091060638428,0.0021544431801885366],[0.03420969843864441,0.035064805299043655,0.034852284938097],[0.0002775941975414753,-8.0798206909094e-05,0.00015282529057003558,1.0],[0.8999999761581421,0.8999999761581421,0.8999999761581421],1.1728857316484209e-05
[-0.1522228866815567,0.5289970636367798,0.3196394443511963],[0.034398674964904785,0.03467687964439392,0.03482721373438835],[-2.2479711333289742e-05,-5.847421198268421e-05,3.426468902034685e-05,1.0],[0.8999999761581421,0.8999999761581421,0.8999999761581421],6.944300366740208e-06
[-0.24534453451633453,0.5095563530921936,-0.30531835556030273],[0.035089436918497086,0.035324327647686005,0.03538265824317932],[-0.00013199204113334417,-2.5944380467990413e-05,-1.6183901607291773e-05,1.0],[0.8999999761581421,0.8999999761581421,0.8999999761581421],5.53436348127434e-06
[-0.18787522614002228,0.7110524773597717,-0.20097573101520538],[0.034669701009988785,0.0351322740316391,0.03493694216012955],[-3.846975596388802e-05,2.378738827246707e-06,5.188369323150255e-05,1.0],[0.8999999761581421,0.8999999761581421,0.8999999761581421],4.435434675542638e-05
[-0.2934418022632599,0.555246114730835,-0.14095638692378998],[0.03480708599090576,0.03507709875702858,0.03486493602395058],[1.516794327471871e-05,-1.3485638191923499e-05,-1.3765214134764392e-05,1.0],[0.8999999761581421,0.8999999761581421,0.8999999761581421],6.19269894741592e-06
[-0.1525077074766159,0.5480380058288574,-0.12413661181926727],[0.03518594801425934,0.034462910145521164,0.03509685397148132],[-0.00022919171897228807,3.0005965072632534e-06,-0.00022941343195270747,1.0],[0.8999999761581421,0.8999999761581421,0.8999999761581421],3.534992356435396e-05
[-0.21660754084587097,0.5794008374214172,-0.03579685464501381],[0.03480753302574158,0.03514210507273674,0.03512682765722275],[-0.00018055620603263378,-9.843745829130057e-06,-4.3930605897912756e-05,1.0],[0.8999999761581421,0.8999999761581421,0.8999999761581421],4.69432670797687e-05
[-0.2298632711172104,0.5789862275123596,0.09930974990129471],[0.035016294568777084,0.03521588817238808,0.03454701229929924],[0.00027873372891917825,8.978951518656686e-05,-1.9891907868441194e-05,1.0],[0.8999999761581421,0.8999999761581421,0.8999999761581421],3.0134213375276886e-05
[-0.3073478937149048,0.7755506038665771,-0.3781183958053589],[0.033999666571617126,0.03425770252943039,0.0341932475566864],[3.663507959572598e-05,5.219395688982331e-07,2.9980357794556767e-05,1.0],[0.8999999761581421,0.8999999761581421,0.8999999761581421],7.033302154013654e-06
[-0.31587862968444824,0.9013558626174927,-0.4447658658027649],[0.03530782833695412,0.03506937995553017,0.03549912944436073],[-0.00018050744256470352,-7.015859864623053e-06,-5.185557165532373e-05,1.0],[0.8999999761581421,0.8999999761581421,0.8999999761581421],3.3472495033493033e-06
[-0.41300714015960693,0.7841527462005615,-0.17883789539337158],[0.03503158316016197,0.03447306901216507,0.03556736558675766],[-0.00026124005671590567,6.355123332468793e-05,-0.00010116512567037717,1.0],[0.8999999761581421,0.8999999761581421,0.8999999761581421],7.887241372372955e-05
[-0.11957882344722748,0.8182829022407532,-0.20836509764194489],[0.03476691246032715,0.034624550491571426,0.0349116325378418],[-9.941019379766658e-05,4.2576357373036444e-05,4.798446752829477e-06,1.0],[0.8999999761581421,0.8999999761581421,0.8999999761581421],3.2431391900900053e-06
[-0.2892840802669525,0.7458085417747498,0.059227194637060165],[0.03505593538284302,0.03487589210271835,0.034917768090963364],[-0.00034513496211729944,-0.00011104585428256541,-9.115011926041916e-05,1.0],[0.8999999761581421,0.8999999761581421,0.8999999761581421],0.00010260646376991645
[-0.21911628544330597,0.8198898434638977,0.1371907740831375],[0.03462585061788559,0.03492697328329086,0.03480704501271248],[1.6252428395091556e-05,1.8955342966364697e-05,-2.8141863367636688e-05,1.0],[0.8999999761581421,0.8999999761581421,0.8999999761581421],7.353419277933426e-06
[-0.3924226760864258,0.579327404499054,-0.082291379570961],[0.03472617641091347,0.0348273329436779,0.03473454713821411],[-4.114321927772835e-05,2.0497247987805167e-06,-5.948183115833672e-06,1.0],[0.8999999761581421,0.8999999761581421,0.8999999761581421],5.0999198720091954e-05
[-0.18117541074752808,-0.3337962329387665,0.0515681654214859],[0.033083874732255936,0.032446786761283875,0.03232388198375702],[-0.00010951441072393209,8.426619024248794e-05,3.785571607295424e-05,1.0],[0.8999999761581421,0.8999999761581421,0.8999999761581421],6.69289511279203e-05
[-0.06046101450920105,-0.1318529099225998,-0.14689849317073822],[0.03511862829327583,0.034094199538230896,0.03364719823002815],[0.00031657537329010665,-0.00020513984782155603,-0.0008311992860399187,1.0],[0.8999999761581421,0.8999999761581421,0.8999999761581421],4.635138975572772e-05
[-0.1294705718755722,-0.3511999547481537,0.09913863241672516],[0.03346157446503639,0.03324947878718376,0.03297173231840134],[2.131092333002016e-05,5.786513793282211e-05,-0.000123894409625791,1.0],[0.8999999761581421,0.8999999761581421,0.8999999761581421],1.0494297384866513e-05
[-0.19694465398788452,-0.3303939402103424,0.10738981515169144],[0.032731808722019196,0.03250095620751381,0.03302003815770149],[9.061062155524269e-05,-4.439264739630744e-05,2.9243246899568476e-05,1.0],[0.8999999761581421,0.8999999761581421,0.8999999761581421],6.158397445688024e-05
[-0.10080883651971817,-0.13557660579681396,-0.06753556430339813],[0.033240076154470444,0.03327421471476555,0.03287040814757347],[0.0003271905588917434,0.00015173392603173852,-5.662161129293963e-06,1.0],[0.8999999761581421,0.8999999761581421,0.8999999761581421],7.911969441920519e-05
[-0.17112097144126892,-0.010256491601467133,0.25468504428863525],[0.03515625,0.034947603940963745,0.035315074026584625],[-2.3234999389387667e-05,3.861345612676814e-05,-0.00017648024368099868,1.0],[0.8999999761581421,0.8999999761581421,0.8999999761581421],0.00010113887401530519
[0.007926839403808117,-0.19901613891124725,0.06851152330636978],[0.03361799195408821,0.033569712191820145,0.03368086740374565],[3.132942219963297e-05,-2.503972064005211e-05,8.650168638268951e-06,1.0],[0.8999999761581421,0.8999999761581421,0.8999999761581421],3.269309672759846e-05
[-0.11957982182502747,-0.03718821704387665,-0.13634973764419556],[0.033704496920108795,0.03488852083683014,0.03477061912417412],[2.315771780558862e-06,0.00015874124073889107,0.0003748064918909222,1.0],[0.8999999761581421,0.8999999761581421,0.8999999761581421],1.1161228030687198e-05
[-0.19371479749679565,-0.11950845271348953,-0.05528796464204788],[0.03285915032029152,0.03295436501502991,0.03397037461400032],[-5.4626085329800844e-05,4.0105976495397044e-07,4.9613110604695976e-05,1.0],[0.8999999761581421,0.8999999761581421,0.8999999761581421],8.026009891182184e-05
[-0.177602618932724,-0.05098488926887512,0.011542745865881443],[0.03216066211462021,0.03409458324313164,0.033675145357847214],[-3.79967445951479e-07,-0.00020569577463902533,0.000899828621186316,1.0],[0.8999999761581421,0.8999999761581421,0.8999999761581421],7.198489765869454e-05
[-0.27413102984428406,0.0188584066927433,0.15685193240642548],[0.032109908759593964,0.03358803316950798,0.03300825133919716],[5.85243251407519e-05,4.961170270689763e-05,0.00013004142965655774,1.0],[0.8999999761581421,0.8999999761581421,0.8999999761581421],8.217032154789194e-05
[-0.2976406216621399,0.08831871300935745,0.12895335257053375],[0.02955474890768528,0.03354959189891815,0.03241639956831932],[1.1499794709379785e-05,1.178496313514188e-05,-0.0008959261467680335,1.0],[0.8999999761581421,0.8999999761581421,0.8999999761581421],8.089458424365148e-05
[-0.16349737346172333,-0.012580092996358871,0.17814645171165466],[0.03282161056995392,0.03153146058320999,0.03481614217162132],[-1.9901803170796484e-05,-0.0006938873557373881,-0.0007659834809601307,1.000000238418579],[0.8999999761581421,0.8999999761581421,0.8999999761581421],5.489659451995976e-05
[-0.34098315238952637,0.05762579292058945,0.1489257663488388],[0.03221045434474945,0.033886272460222244,0.03399176150560379],[1.3703843251278158e-05,6.568902608705685e-05,-6.177118484629318e-05,1.0],[0.8999999761581421,0.8999999761581421,0.8999999761581421],8.283057832159102e-05
[-0.17001399397850037,0.059272922575473785,0.23907367885112762],[0.03337467461824417,0.033255837857723236,0.03314555063843727],[-3.7352060644479934e-06,2.2723968868376687e-05,-4.020465712528676e-05,1.0],[0.8999999761581421,0.8999999761581421,0.8999999761581421],1.2278416761546396e-05
[-0.25044557452201843,0.22990085184574127,-0.1760195642709732],[0.03319337218999863,0.03408442810177803,0.03505474701523781],[-0.0005385898402892053,0.0001934671454364434,-0.00035839114570990205,1.0],[0.8999999761581421,0.8999999761581421,0.8999999761581421],2.0501838662312366e-06
[-0.20798158645629883,-0.016511648893356323,-0.017536234110593796],[0.03293672204017639,0.033914972096681595,0.03402317687869072],[-1.8574424757389352e-05,1.4822302546235733e-05,0.00039356847992166877,1.0],[0.8999999761581421,0.8999999761581421,0.8999999761581421],8.160182915162295e-05
[-0.24199548363685608,0.025068698450922966,0.19523249566555023],[0.032669104635715485,0.033683981746435165,0.03369075804948807],[-2.3308903109864332e-05,-0.0003832351940218359,0.0002965802850667387,1.0],[0.8999999761581421,0.8999999761581421,0.8999999761581421],7.898163312347606e-05
[-0.2799482047557831,0.11369068175554276,0.14126674830913544],[0.032406728714704514,0.033548127859830856,0.03300747275352478],[2.4504346583853476e-05,2.169200342905242e-05,-0.0002140838623745367,1.0],[0.8999999761581421,0.8999999761581421,0.8999999761581421],0.00010141894017579034
[-0.20748431980609894,0.01735704578459263,0.13735251128673553],[0.03405696153640747,0.03404323756694794,0.03243779391050339],[0.0003544861974660307,-4.925727262161672e-05,0.0003394107043277472,1.0],[0.8999999761581421,0.8999999761581421,0.8999999761581421],3.509563975967467e-05
[-0.038116853684186935,0.12595227360725403,0.15505880117416382],[0.0338309220969677,0.033871833235025406,0.03376554325222969],[9.406391654920299e-06,1.4530028238368686e-06,1.1022794751625042e-05,1.0],[0.8999999761581421,0.8999999761581421,0.8999999761581421],3.9000118704279885e-05
[-0.26805123686790466,0.20778866112232208,-0.06571348011493683],[0.034230127930641174,0.034477751702070236,0.03487329185009003],[-0.00014607273624278605,3.9066762838047e-05,8.810409053694457e-05,1.0],[0.8999999761581421,0.8999999761581421,0.8999999761581421],2.069218498945702e-05
[-0.315379798412323,0.27184775471687317,-0.11311367154121399],[0.03320646286010742,0.033893831074237823,0.033501897007226944],[2.6102650735992938e-05,-7.083493983373046e-06,9.530840179650113e-05,1.0],[0.8999999761581421,0.8999999761581421,0.8999999761581421],1.7937496750164428e-06
[-0.26369720697402954,0.19344808161258698,0.018620090559124947],[0.03255849331617355,0.03336097672581673,0.03288913145661354],[5.571625297307037e-05,-5.7743767683859915e-05,0.00015118051669560373,1.0],[0.8999999761581421,0.8999999761581421,0.8999999761581421],1.6539661373826675e-06
[-0.23591212928295135,0.24777181446552277,0.1659700721502304],[0.03484649211168289,0.032814398407936096,0.03421793505549431],[-0.0007441386114805937,5.7090535847237334e-05,-0.0008815092733129859,1.0],[0.8999999761581421,0.8999999761581421,0.8999999761581421],1.2620010238606483e-05
[-0.1311599612236023,0.23137478530406952,0.22091656923294067],[0.034779150038957596,0.0346074104309082,0.03402386233210564],[4.662166247726418e-05,-7.866636588005349e-05,-2.7411266273702495e-05,1.0],[0.8999999761581421,0.8999999761581421,0.8999999761581421],2.5638109946157783e-06
[-0.2550826668739319,0.17872226238250732,0.21942457556724548],[0.03175118565559387,0.033153824508190155,0.034040696918964386],[-0.00021136562281753868,0.00027612989651970565,2.2307060135062784e-05,1.0],[0.8999999761581421,0.8999999761581421,0.8999999761581421],1.3669924783243914e-06
[-0.13717162609100342,0.05049171671271324,0.20694847404956818],[0.03452254459261894,0.03488871827721596,0.033765796571969986],[0.00043670684681273997,0.0001343250769423321,8.786145190242678e-05,1.0],[0.8999999761581421,0.8999999761581421,0.8999999761581421],8.220658492064103e-05
[-0.21395717561244965,0.18787658214569092,0.21551954746246338],[0.033398449420928955,0.03386758640408516,0.03379810228943825],[-1.0499188647372648e-05,-3.1668449082644656e-05,3.10052273562178e-05,1.0],[0.8999999761581421,0.8999999761581421,0.8999999761581421],1.2795966313206009e-06
[-0.15812820196151733,0.3509696424007416,-0.18925265967845917],[0.033315859735012054,0.033226873725652695,0.03365195170044899],[-0.00018641736824065447,-9.13432304514572e-05,7.691767677897587e-06,1.0],[0.8999999761581421,0.8999999761581421,0.8999999761581421],4.357304987934185e-06
[-0.17768323421478271,0.18400247395038605,-0.18701821565628052],[0.03471246734261513,0.034727003425359726,0.03371473401784897],[0.0003590744163375348,2.5407778593944386e-05,-7.556891796411946e-05,1.0],[0.8999999761581421,0.8999999761581421,0.8999999761581421],1.19508231364307e-05
[-0.22379757463932037,0.2126559019088745,-0.02680480293929577],[0.034101806581020355,0.0350496880710125,0.034731674939394],[4.5914610382169485e-05,-7.553327304776758e-05,0.000562124652788043,1.0],[0.8999999761581421,0.8999999761581421,0.8999999761581421],3.931733772333246e-06
[-0.17195996642112732,0.3104846477508545,0.01798856444656849],[0.034606561064720154,0.03487526625394821,0.03456728532910347],[1.400983728672145e-05,-2.109399065375328e-05,5.7359461607120465e-06,1.0],[0.8999999761581421,0.8999999761581421,0.8999999761581421],1.218980514750001e-06
[-0.18596817553043365,0.28118613362312317,0.20646044611930847],[0.03464381396770477,0.034359827637672424,0.03488515689969063],[0.0001113203979912214,-7.321455632336438e-05,-1.7451653548050672e-05,1.0],[0.8999999761581421,0.8999999761581421,0.8999999761581421],3.5588445825851522e-06
[-0.09717350453138351,0.2575955092906952,0.23809774219989777],[0.03448888659477234,0.03486049547791481,0.034649260342121124],[4.3023239413741976e-05,-2.2062440621084534e-05,0.0001755185949150473,1.0],[0.8999999761581421,0.8999999761581421,0.8999999761581421],2.4104087060550228e-05
[-0.27305537462234497,0.37937480211257935,-0.28482410311698914],[0.032758358865976334,0.03302150219678879,0.032793883234262466],[3.1128347472986206e-05,-0.00014858361100777984,0.00037863737088628113,1.0],[0.8999999761581421,0.8999999761581421,0.8999999761581421],3.197904106855276e-06
[-0.20740148425102234,0.26573458313941956,-0.18804755806922913],[0.03476892411708832,0.03479589894413948,0.03450145572423935],[5.439214510261081e-05,5.297003735904582e-05,0.00015521454042755067,1.0],[0.8999999761581421,0.8999999761581421,0.8999999761581421],5.21475521964021e-06
[-0.39897486567497253,0.38759666681289673,-0.05280409753322601],[0.03371773287653923,0.03344959020614624,0.03419291600584984],[-0.0009896900737658143,0.00010644752182997763,0.0006119120516814291,1.000000238418579],[0.8999999761581421,0.8999999761581421,0.8999999761581421],3.883984754793346e-05
[-0.24792714416980743,0.5080289244651794,0.059389133006334305],[0.03310058265924454,0.03407662361860275,0.0338294692337513],[-2.3817128749215044e-05,-2.1205818484304473e-05,-4.4226759200682864e-05,1.0],[0.8999999761581421,0.8999999761581421,0.8999999761581421],4.5015614887233824e-05
[-0.21062502264976501,0.4906151592731476,-0.04457608237862587],[0.035295262932777405,0.03514639660716057,0.03464202582836151],[4.515376076597022e-06,1.1807403097918723e-05,-3.0409539249376394e-05,1.0],[0.8999999761581421,0.8999999761581421,0.8999999761581421],4.297886698623188e-05
[-0.05367263779044151,0.3167931139469147,0.01847090572118759],[0.035345327109098434,0.03536224737763405,0.03505877032876015],[5.6012871937127784e-05,-1.2063483154634014e-05,6.962513725738972e-05,1.0],[0.8999999761581421,0.8999999761581421,0.8999999761581421],2.512715036573354e-05
[-0.11319086700677872,0.5200029015541077,0.20391346514225006],[0.034855082631111145,0.03528112918138504,0.03502817451953888],[0.00012755909119732678,2.2903821445652284e-05,9.188595140585676e-05,1.0],[0.8999999761581421,0.8999999761581421,0.8999999761581421],4.987903594155796e-05
[-0.31573936343193054,0.4042191505432129,-0.246014803647995],[0.03468047454953194,0.034946322441101074,0.03443998470902443],[0.00012983295891899616,5.7484528952045366e-05,8.585298201069236e-05,1.0],[0.8999999761581421,0.8999999761581421,0.8999999761581421],4.6131663111737e-05
[-0.24144087731838226,0.4752463400363922,-0.22586946189403534],[0.034645967185497284,0.03513571619987488,0.034213919192552567],[6.68499487801455e-05,-1.945362782862503e-06,4.603710840456188e-05,1.0],[0.8999999761581421,0.8999999761581421,0.8999999761581421],4.1825966036412865e-05
[-0.3290599286556244,0.5823206305503845,-0.13676849007606506],[0.03451881930232048,0.0355740450322628,0.03477036580443382],[0.0002690970432013273,1.5217379768728279e-05,5.293276990414597e-05,1.0],[0.8999999761581421,0.8999999761581421,0.8999999761581421],4.2864940041908994e-05
[-0.29213064908981323,0.6424269080162048,0.10529610514640808],[0.03434622660279274,0.034892987459897995,0.03481286019086838],[-4.734588219434954e-05,-1.1974817425652873e-05,0.00017587598995305598,1.0],[0.8999999761581421,0.8999999761581421,0.8999999761581421],9.92319382930873e-06
[-0.16439872980117798,0.5533198714256287,0.09011063724756241],[0.03531642258167267,0.03527957573533058,0.03529055416584015],[-0.00010684146400308236,5.948872058070265e-06,1.6172134564840235e-05,1.0],[0.8999999761581421,0.8999999761581421,0.8999999761581421],5.334110392141156e-05
[-0.3810814321041107,0.5571789741516113,0.10571054369211197],[0.03485381603240967,0.03464512526988983,0.03506734222173691],[-0.0001743670436553657,-4.4491760490927845e-05,-0.00011173317034263164,1.0],[0.8999999761581421,0.8999999761581421,0.8999999761581421],1.7852873497758992e-05
[-0.10539747029542923,0.3394283950328827,0.1203479990363121],[0.03525184467434883,0.035462554544210434,0.035305168479681015],[0.0001398802996845916,-7.611677574459463e-06,0.0001275574031751603,1.0],[0.8999999761581421,0.8999999761581421,0.8999999761581421],6.580602075700881e-06
[-0.15028993785381317,0.41451460123062134,-0.2843141257762909],[0.03448265418410301,0.03529754653573036,0.0350191704928875],[3.3801137760747224e-05,-3.8730824599042535e-05,8.370446448680013e-05,1.0],[0.8999999761581421,0.8999999761581421,0.8999999761581421],6.128357654233696e-06
[-0.09669876098632812,0.5552708506584167,-0.2630248963832855],[0.035285260528326035,0.0351550467312336,0.035612933337688446],[-2.32201400649501e-05,-2.910047805926297e-05,-2.4908122213673778e-05,1.0],[0.8999999761581421,0.8999999761581421,0.8999999761581421],5.981265985610662e-06
[-0.26501014828681946,0.6723867058753967,-0.07219532132148743],[0.03396822139620781,0.034955691546201706,0.0348091684281826],[9.618340118322521e-05,-0.0001108733267756179,0.0002420755772618577,1.0],[0.8999999761581421,0.8999999761581421,0.8999999761581421],3.492834366625175e-06
[-0.3843149244785309,0.6871053576469421,-0.010966352187097073],[0.03377988934516907,0.034728724509477615,0.034968722611665726],[-0.0003217651101294905,-0.00013544777175411582,0.00011368853301974013,1.0],[0.8999999761581421,0.8999999761581421,0.8999999761581421],5.575511295319302e-06
[-0.1469011753797531,0.6551327109336853,0.005486386362463236],[0.03526490926742554,0.035298656672239304,0.03552427142858505],[-0.0002758038754109293,-2.076835880870931e-05,-4.1992512706201524e-05,1.0],[0.8999999761581421,0.8999999761581421,0.8999999761581421],3.292023393441923e-05
[-0.3283572494983673,0.7495221495628357,0.31745851039886475],[0.034700457006692886,0.03475409746170044,0.034826841205358505],[6.840101559646428e-05,1.4518092257276294e-06,5.061985211796127e-05,1.0],[0.8999999761581421,0.8999999761581421,0.8999999761581421],3.633782625911408e-06
[-0.27637797594070435,0.9508281946182251,-0.3265288174152374],[0.03460336849093437,0.0347062423825264,0.03490052372217178],[-6.248010322451591e-05,3.3803294741119316e-07,4.020064807264134e-05,1.0],[0.8999999761581421,0.8999999761581421,0.8999999761581421],8.431575406575575e-05
[-0.3135735094547272,0.7697007060050964,-0.28195327520370483],[0.0349452868103981,0.035232312977313995,0.03518146649003029],[-0.0001649568002903834,-7.765965165162925e-06,4.231648927088827e-05,1.0],[0.8999999761581421,0.8999999761581421,0.8999999761581421],1.443325686523167e-06
[-0.2819022536277771,0.8277558088302612,-0.06539830565452576],[0.035021934658288956,0.035154104232788086,0.03524382784962654],[-9.44958082982339e-05,-1.520695695944596e-05,0.00010823549382621422,1.0],[0.8999999761581421,0.8999999761581421,0.8999999761581421],8.479053940391168e-05
[-0.10159509629011154,0.6714116930961609,-0.11875182390213013],[0.03490012139081955,0.03501317277550697,0.035483669489622116],[-0.00019297115795779973,-6.045509144314565e-05,8.139921192196198e-06,1.0],[0.8999999761581421,0.8999999761581421,0.8999999761581421],4.258655826561153e-05
[-0.06665249168872833,0.6566221714019775,0.0030456427484750748],[0.03503160551190376,0.035055723041296005,0.034961968660354614],[0.000228033764869906,0.00011802896187873557,-7.630257459823042e-05,1.0],[0.8999999761581421,0.8999999761581421,0.8999999761581421],2.8520032628875924e-06
[-0.06817196309566498,0.675506591796875,0.4155329167842865],[0.03346438705921173,0.033702149987220764,0.03333717957139015],[2.843336005753372e-05,3.6446624562813668e-06,2.9298114895937033e-05,1.0],[0.8999999761581421,0.8999999761581421,0.8999999761581421],9.575755029800348e-06
[-0.18607063591480255,-0.4352605640888214,-0.031772077083587646],[0.028828414157032967,0.029037751257419586,0.03274301812052727],[0.002847066381946206,0.0031136779580265284,-0.00019851565593853593,1.000011920928955],[0.8999999761581421,0.8999999761581421,0.8999999761581421],0.00023932312615215778
[-0.05086512863636017,-0.3938099443912506,-0.13503867387771606],[0.030208883807063103,0.03048873320221901,0.031519386917352676],[-0.0008270216058008373,-7.037377508822829e-05,-0.0006326126749627292,1.0],[0.8999999761581421,0.8999999761581421,0.8999999761581421],0.00013061413483228534
[-0.10781694203615189,-0.4815203845500946,-0.03818275034427643],[0.03341788426041603,0.03237002342939377,0.03199929744005203],[-0.00038373610004782677,-0.000574679346755147,-0.001361238188110292,1.0],[0.8999999761581421,0.8999999761581421,0.8999999761581421],0.0002167426428059116
[-0.19313304126262665,-0.455183744430542,0.06309408694505692],[0.03114253282546997,0.031871404498815536,0.033778730779886246],[-0.0012267987476661801,0.0020495408680289984,0.002467242768034339,1.000008225440979],[0.8999999761581421,0.8999999761581421,0.8999999761581421],0.00035979863605462015
[-0.14615489542484283,-0.4294627606868744,0.11271659284830093],[0.03093559853732586,0.033428531140089035,0.03069637157022953],[0.00043361447751522064,-0.0012407059548422694,-0.0015721003292128444,1.000001311302185],[0.8999999761581421,0.8999999761581421,0.8999999761581421],0.0001711302320472896
[-0.1351117193698883,-0.45221251249313354,0.007630866952240467],[0.032326895743608475,0.03174574673175812,0.03317420184612274],[-0.00020921448594890535,1.778519435902126e-05,-0.000276703794952482,1.0],[0.8999999761581421,0.8999999761581421,0.8999999761581421],2.2286401872406714e-05
[-0.10781623423099518,-0.3671626150608063,-0.1604214459657669],[0.030880076810717583,0.032194241881370544,0.030395127832889557],[8.333469304488972e-05,0.000753512023948133,-6.43273233436048e-05,1.0],[0.8999999761581421,0.8999999761581421,0.8999999761581421],9.860975114861503e-05
[-0.11604015529155731,-0.3613490164279938,-0.0824875682592392],[0.03307155519723892,0.03228424862027168,0.03378760442137718],[0.00021474625100381672,2.5523081603751052e-06,-0.00030032670474611223,1.0],[0.8999999761581421,0.8999999761581421,0.8999999761581421],3.89964334317483e-05
[-0.1360723078250885,-0.49223077297210693,0.037504781037569046],[0.029610324651002884,0.033665865659713745,0.03542395308613777],[7.583454134874046e-06,0.003332169260829687,-0.0015367422020062804,1.0000097751617432],[0.8999999761581421,0.8999999761581421,0.8999999761581421],0.00024060501891653985
[-0.15602818131446838,-0.4460158348083496,0.1234808936715126],[0.031812142580747604,0.03141544386744499,0.03353347256779671],[0.0009774653008207679,0.0016982246888801455,0.00027143038460053504,1.0000003576278687],[0.8999999761581421,0.8999999761581421,0.8999999761581421],0.0001224082661792636
[-0.0670347511768341,-0.29306331276893616,0.19254711270332336],[0.03373323753476143,0.034246332943439484,0.033825356513261795],[-3.636471092249849e-06,-1.253940808965126e-05,4.8027643060777336e-05,1.0],[0.8999999761581421,0.8999999761581421,0.8999999761581421],6.920040323166177e-05
[-0.12741300463676453,-0.33205610513687134,-0.12075503170490265],[0.03213828057050705,0.03362554684281349,0.03139832243323326],[0.0009744389681145549,-0.00010880007175728679,0.00021504332835320383,1.0],[0.8999999761581421,0.8999999761581421,0.8999999761581421],0.00013455179578159004
[-0.12044590711593628,-0.2522040903568268,-0.12261052429676056],[0.03229004889726639,0.03339483216404915,0.029586801305413246],[0.0013805483467876911,0.0009212717413902283,-0.0005867833970114589,1.0000008344650269],[0.8999999761581421,0.8999999761581421,0.8999999761581421],8.34933525766246e-05
[-0.07949674129486084,-0.3794509768486023,0.04416501522064209],[0.032608456909656525,0.033102307468652725,0.03277521952986717],[6.416318501578644e-05,3.0536859412677586e-05,-0.00017451572057325393,1.0],[0.8999999761581421,0.8999999761581421,0.8999999761581421],4.8614529077894986e-05
[-0.08953827619552612,-0.35109955072402954,0.12437597662210464],[0.034242548048496246,0.0337664820253849,0.032958984375],[-0.000458283320767805,0.0012302703689783812,0.0004158044175710529,1.0],[0.8999999761581421,0.8999999761581421,0.8999999761581421],0.0001422745262971148
[0.058264926075935364,-0.007859171368181705,0.1424674540758133],[0.03486170247197151,0.03423422947525978,0.03441361337900162],[1.7501508409623057e-05,1.821929618017748e-05,-1.4533091416524258e-05,1.0],[0.8999999761581421,0.8999999761581421,0.8999999761581421],7.914824527688324e-05
[-0.13350233435630798,-0.18122002482414246,-0.17545823752880096],[0.027619164437055588,0.032298292964696884,0.03186662867665291],[0.0004859121982008219,-0.00206967000849545,-0.004205215256661177,1.0000208616256714],[0.8999999761581421,0.8999999761581421,0.8999999761581421],0.00016319111455231905
[-0.10125666856765747,-0.19194398820400238,-0.21055461466312408],[0.029100222513079643,0.03460422158241272,0.030331727117300034],[0.002583810593932867,-0.0003817437682300806,-0.0024112113751471043,1.0000121593475342],[0.8999999761581421,0.8999999761581421,0.8999999761581421],0.0002443779958412051
[-0.1954023391008377,-0.17501841485500336,-0.029586439952254295],[0.02703557163476944,0.030900893732905388,0.032516077160835266],[-0.00020597972616087645,-0.0006680047954432666,-0.0020448542200028896,1.0000020265579224],[0.8999999761581421,0.8999999761581421,0.8999999761581421],9.301784302806482e-05
[-0.09519347548484802,-0.1355382204055786,0.04084354266524315],[0.03269840404391289,0.03204599395394325,0.03291863575577736],[-0.0002357508201384917,-0.00010788219515234232,-0.00024269959249068052,1.0],[0.8999999761581421,0.8999999761581421,0.8999999761581421],5.121265348861925e-05
[-0.14257416129112244,-0.06756013631820679,0.060613710433244705],[0.03345329314470291,0.03342807665467262,0.03391216695308685],[-0.00014521107368636876,-3.8344471249729395e-05,-7.489778363378718e-05,1.0],[0.8999999761581421,0.8999999761581421,0.8999999761581421],0.00015673370216973126
[-0.22783929109573364,-0.012243242003023624,0.2623925507068634],[0.03403380885720253,0.029561100527644157,0.03276640921831131],[-0.0005457265651784837,-0.0002597948187030852,-0.002524801529943943,1.0000044107437134],[0.8999999761581421,0.8999999761581421,0.8999999761581421],0.000122853642096743
[-0.06483650207519531,-0.040342360734939575,0.316412091255188],[0.03485577926039696,0.032968200743198395,0.03444511070847511],[-0.00038843194488435984,1.9602879547164775e-05,-1.4492837181023788e-05,1.0],[0.8999999761581421,0.8999999761581421,0.8999999761581421],8.485706348437816e-05
[-0.009604879654943943,-0.027738520875573158,0.19720831513404846],[0.034491222351789474,0.033324528485536575,0.03428856283426285],[-0.0003098624583799392,5.263692219159566e-05,0.00016850652173161507,1.0],[0.8999999761581421,0.8999999761581421,0.8999999761581421],8.433042239630595e-05
[-0.05882800370454788,0.050973568111658096,-0.2190210074186325],[0.033804770559072495,0.034555286169052124,0.034183766692876816],[-1.8524497136240825e-05,9.064944606507197e-06,-0.00012635062739718705,1.0],[0.8999999761581421,0.8999999761581421,0.8999999761581421],8.681992039782926e-05
[-0.023342180997133255,-0.09150448441505432,-0.08550991863012314],[0.03417477011680603,0.03280249610543251,0.03336280211806297],[-0.000904460612218827,3.79486518795602e-05,-0.00012335198698565364,1.0],[0.8999999761581421,0.8999999761581421,0.8999999761581421],0.00010698493861127645
[-0.1561291217803955,-0.05024125054478645,0.06636008620262146],[0.032923974096775055,0.034039102494716644,0.03401193395256996],[-2.1815878426423296e-05,0.0001011079948511906,0.00021739097428508103,1.0],[0.8999999761581421,0.8999999761581421,0.8999999761581421],5.367294579627924e-05
[-0.11787428706884384,-0.027179483324289322,0.0959065854549408],[0.033293090760707855,0.03351523354649544,0.0330892950296402],[1.1146899851155467e-05,0.00020934811618644744,8.085066656349227e-05,1.0],[0.8999999761581421,0.8999999761581421,0.8999999761581421],9.77081072051078e-06
[-0.17268775403499603,-0.005081231705844402,0.1375020444393158],[0.03259230777621269,0.03339875489473343,0.03309585526585579],[2.982748264912516e-05,4.476415597309824e-06,0.0001671764039201662,1.0],[0.8999999761581421,0.8999999761581421,0.8999999761581421],8.315533341374248e-05
[-0.004866155795753002,0.0510503426194191,0.3390946686267853],[0.03375270217657089,0.03293555974960327,0.03176891803741455],[-0.00011153028026456013,-0.0005062736454419792,1.3205726645537652e-05,1.0],[0.8999999761581421,0.8999999761581421,0.8999999761581421],2.0665189367718995e-05
[-0.12256894260644913,-0.022287415340542793,0.3322273790836334],[0.033385612070560455,0.031510092318058014,0.03433642536401749],[-0.0006009990465827286,-8.622921450296417e-05,-9.505340858595446e-05,1.0],[0.8999999761581421,0.8999999761581421,0.8999999761581421],8.516978414263576e-05
[-0.1289881318807602,0.2726404666900635,-0.2821953296661377],[0.03424741327762604,0.03441944345831871,0.03470730409026146],[-5.010683526052162e-05,1.9764080207096413e-05,2.2583244572160766e-05,1.0],[0.8999999761581421,0.8999999761581421,0.8999999761581421],3.8477330235764384e-05
[-0.21702001988887787,0.510625422000885,-0.17007088661193848],[0.03467714786529541,0.03488583862781525,0.03511420637369156],[-0.00022579800861421973,-3.400651257834397e-05,2.6007357519119978e-05,1.0],[0.8999999761581421,0.8999999761581421,0.8999999761581421],4.176511356490664e-05
[-0.07053712755441666,0.16522903740406036,-0.14208804070949554],[0.03482544794678688,0.03347267955541611,0.034668877720832825],[-0.00012068015348631889,2.8563406431203475e-06,-0.0002191507228417322,1.0],[0.8999999761581421,0.8999999761581421,0.8999999761581421],1.67634916579118e-05
[-0.13486474752426147,0.04939451441168785,-0.045927561819553375],[0.03440609574317932,0.03416356444358826,0.03368675336241722],[8.624070324003696e-05,0.00012651328870560974,-5.5969227105379105e-05,1.0],[0.8999999761581421,0.8999999761581421,0.8999999761581421],8.57025443110615e-05
[-0.1757451444864273,0.20426708459854126,0.06106839329004288],[0.033321354538202286,0.03334180265665054,0.0333489254117012],[2.5188543077092618e-05,-3.142018977086991e-05,-0.0002177196292905137,1.0],[0.8999999761581421,0.8999999761581421,0.8999999761581421],1.639248694118578e-05
[-0.17291080951690674,0.0912865474820137,0.15816372632980347],[0.033290691673755646,0.03298197314143181,0.03336897864937782],[-0.00014220883895177394,-7.24985375200049e-06,-6.741820834577084e-05,1.0],[0.8999999761581421,0.8999999761581421,0.8999999761581421],8.029583841562271e-05
[-0.2546243667602539,0.19814516603946686,0.22941672801971436],[0.03281904011964798,0.0331902839243412,0.0332745797932148],[-7.137966167647392e-05,1.759932638378814e-05,-3.887576440320117e-06,1.0],[0.8999999761581421,0.8999999761581421,0.8999999761581421],2.0574692825903185e-05
[-0.21499688923358917,0.10180456936359406,0.21052241325378418],[0.0321616530418396,0.03362950310111046,0.03274792805314064],[7.384059426840395e-05,-0.0001571487809997052,0.0002507118333596736,1.0],[0.8999999761581421,0.8999999761581421,0.8999999761581421],8.22978763608262e-05
[-0.28012150526046753,0.17802861332893372,0.22185631096363068],[0.032759226858615875,0.033683836460113525,0.03316042199730873],[-2.136262810381595e-05,-2.1942769308225252e-05,5.95117817283608e-05,1.0],[0.8999999761581421,0.8999999761581421,0.8999999761581421],1.0057464123747195e-06
[-0.1373952180147171,0.2499164193868637,-0.4126605689525604],[0.03326614201068878,0.03356914594769478,0.032259393483400345],[6.659605423919857e-05,1.9770483049796894e-05,-5.848075943504227e-06,1.0],[0.8999999761581421,0.8999999761581421,0.8999999761581421],3.9434939935745206e-06
[-0.20501022040843964,0.1518634557723999,-0.22698552906513214],[0.03450001776218414,0.03530217707157135,0.035126738250255585],[2.494752152415458e-05,-2.733188921411056e-05,0.0007865494699217379,1.0],[0.8999999761581421,0.8999999761581421,0.8999999761581421],1.0792657121783122e-05
[-0.19724056124687195,0.10997940599918365,-0.211957648396492],[0.03378875553607941,0.03376706317067146,0.03487487882375717],[-0.00018680066568776965,0.0006339668179862201,3.483673572191037e-05,1.0],[0.8999999761581421,0.8999999761581421,0.8999999761581421],0.00010336616105632856
[-0.2373807728290558,0.12828712165355682,-0.0492512546479702],[0.03372044488787651,0.03232656419277191,0.03404510021209717],[0.0003101860929746181,3.0200846595107578e-05,-0.0001722091983538121,1.0],[0.8999999761581421,0.8999999761581421,0.8999999761581421],7.983484829310328e-05
[-0.25435304641723633,0.27921128273010254,0.11197207868099213],[0.0329243540763855,0.032250743359327316,0.033204201608896255],[0.0004098241915926337,-0.0001263245940208435,-0.00023877041530795395,1.0],[0.8999999761581421,0.8999999761581421,0.8999999761581421],1.6264323221548693e-06
[-0.2573409676551819,0.2258235216140747,0.14102016389369965],[0.03377745300531387,0.03210059925913811,0.031537383794784546],[4.312746023060754e-05,-0.0012714748736470938,0.0006265892297960818,1.0000014305114746],[0.8999999761581421,0.8999999761581421,0.8999999761581421],8.064279245445505e-05
[-0.18727830052375793,0.2144397348165512,0.2465856671333313],[0.032501526176929474,0.032541658729314804,0.028499213978648186],[-0.002555456245318055,-0.0017590008210390806,-0.00014618261775467545,1.000007152557373],[0.8999999761581421,0.8999999761581421,0.8999999761581421],2.091041642415803e-05
[-0.18319961428642273,0.13572955131530762,0.24040113389492035],[0.033783189952373505,0.03426484763622284,0.034166306257247925],[-1.9964680177508853e-05,-4.874821115663508e-06,4.077144694747403e-05,1.0],[0.8999999761581421,0.8999999761581421,0.8999999761581421],1.2929143849760294e-05
[-0.215863436460495,0.435407429933548,-0.27473416924476624],[0.03420934081077576,0.03319573774933815,0.03256935253739357],[0.00016837999282870442,0.0001603548153070733,-0.00039697549073025584,1.0],[0.8999999761581421,0.8999999761581421,0.8999999761581421],3.216621553292498e-05
[-0.1715388298034668,0.3736039400100708,-0.28066641092300415],[0.03359619155526161,0.03364944830536842,0.03362489119172096],[-5.297639745549532e-06,-2.0215697077219374e-05,-2.775822940748185e-05,1.0],[0.8999999761581421,0.8999999761581421,0.8999999761581421],6.754873538739048e-06
[-0.12164009362459183,0.36775651574134827,-0.14006571471691132],[0.03455285727977753,0.03446901589632034,0.034234993159770966],[-2.483389835106209e-05,4.095388430869207e-05,-8.68865245138295e-05,1.0],[0.8999999761581421,0.8999999761581421,0.8999999761581421],1.788124109225464e-06
[-0.07662498950958252,0.2465151846408844,-0.05681754648685455],[0.033961109817028046,0.0345521979033947,0.03392929956316948],[8.634979167254642e-05,-3.022295277332887e-05,0.0003416883118916303,1.0],[0.8999999761581421,0.8999999761581421,0.8999999761581421],2.2208612790564075e-05
[-0.08311889320611954,0.22239230573177338,-0.28136101365089417],[0.03267328441143036,0.03398206830024719,0.03401077538728714],[-0.0004079242644365877,0.00012189937115181237,0.0002015759382629767,1.0],[0.8999999761581421,0.8999999761581421,0.8999999761581421],3.2616932003293186e-05
[-0.16733860969543457,0.36840835213661194,0.0415058434009552],[0.03487702086567879,0.03412100672721863,0.035386137664318085],[-0.0005733767175115645,1.806398358894512e-05,-1.7875935327538173e-06,1.0],[0.8999999761581421,0.8999999761581421,0.8999999761581421],4.842691123485565e-05
[-0.10815877467393875,0.21871845424175262,0.12458226829767227],[0.03455697000026703,0.03477220609784126,0.03448803350329399],[7.540515525761293e-06,7.705505709054705e-07,1.893430635391269e-05,1.0],[0.8999999761581421,0.8999999761581421,0.8999999761581421],2.5870254830806516e-05
[-0.24314573407173157,0.15195204317569733,0.18762172758579254],[0.03386341407895088,0.03515932336449623,0.034738123416900635],[9.667943231761456e-05,-6.39690479147248e-05,0.000419148535002023,1.0],[0.8999999761581421,0.8999999761581421,0.8999999761581421],9.432006481802091e-05
[-0.079868383705616,0.14590027928352356,0.2542803883552551],[0.034218862652778625,0.034495312720537186,0.03388866409659386],[2.7756666895584203e-05,-3.6296019970905036e-05,0.00013777533604297787,1.0],[0.8999999761581421,0.8999999761581421,0.8999999761581421],1.1578271369216964e-05
[-0.0262761227786541,0.6466353535652161,-0.3982887864112854],[0.03424183651804924,0.03421028330922127,0.034077808260917664],[4.193311178823933e-05,9.233184528056881e-07,4.159313448326429e-06,1.0],[0.8999999761581421,0.8999999761581421,0.8999999761581421],2.7776611659646733e-06
[0.00651488546282053,0.2445717751979828,-0.28948867321014404],[0.03462325036525726,0.03463071212172508,0.03490586578845978],[-0.00026318043819628656,-1.3869410395273007e-05,-0.00019548360432963818,1.0],[0.8999999761581421,0.8999999761581421,0.8999999761581421],3.2435580124001717e-06
[0.00878054741770029,0.27902063727378845,-0.1654132753610611],[0.03392579033970833,0.03446939215064049,0.03396657481789589],[-2.0204966858727857e-05,6.411457434296608e-06,3.4563261579023674e-05,1.0],[0.8999999761581421,0.8999999761581421,0.8999999761581421],2.784239541142597e-06
[-0.17917084693908691,0.40992647409439087,-0.046980880200862885],[0.034545522183179855,0.03412630036473274,0.0346057154238224],[-0.0001329706283286214,-1.8732944226940162e-05,-7.815680874045938e-05,1.0],[0.8999999761581421,0.8999999761581421,0.8999999761581421],5.1436851208563894e-05
[-0.21696747839450836,0.2755184471607208,0.039000604301691055],[0.034532349556684494,0.03455258533358574,0.03459705784916878],[-4.626265581464395e-05,-8.984971645986661e-05,5.1318264013389125e-05,1.0],[0.8999999761581421,0.8999999761581421,0.8999999761581421],3.825960902759107e-06
[-0.12131661176681519,0.4488948881626129,-0.067973792552948],[0.03421289473772049,0.03508580103516579,0.03505413606762886],[3.136597297270782e-05,-0.00015678154886700213,0.00017921531980391592,1.0],[0.8999999761581421,0.8999999761581421,0.8999999761581421],5.5929871450643986e-05
[-0.2650962173938751,0.5217857360839844,0.2520553767681122],[0.034294214099645615,0.0349075123667717,0.03503839671611786],[0.00010242426651529968,-1.6500454876222648e-05,0.0001432074495824054,1.0],[0.8999999761581421,0.8999999761581421,0.8999999761581421],2.0556339222821407e-05
[-0.17773576080799103,0.635734498500824,-0.22280174493789673],[0.035466279834508896,0.03514482080936432,0.035253480076789856],[-2.9178804084040166e-07,-2.1681515136151575e-05,-0.00026536418590694666,1.0],[0.8999999761581421,0.8999999761581421,0.8999999761581421],4.472382352105342e-05
[-0.11565257608890533,0.34275761246681213,-0.1450331211090088],[0.03462102636694908,0.03523661941289902,0.034245651215314865],[0.0004236510139890015,4.294480459066108e-05,0.00010652899072738364,1.0],[0.8999999761581421,0.8999999761581421,0.8999999761581421],1.1686760217344272e-06
[-0.00546012818813324,0.45498913526535034,-0.03317294269800186],[0.03457023203372955,0.03451750800013542,0.03414459154009819],[-3.474271215964109e-05,-9.01417570275953e-06,-7.730470679234713e-05,1.0],[0.8999999761581421,0.8999999761581421,0.8999999761581421],3.837815256702015e-06
[-0.1383492797613144,0.6931767463684082,0.14199784398078918],[0.034840863198041916,0.03526338189840317,0.03485363349318504],[0.00033633605926297605,-5.021236120228423e-06,0.00019806163618341088,1.0],[0.8999999761581421,0.8999999761581421,0.8999999761581421],1.3407348887994885e-05
[-0.0023730844259262085,0.6113670468330383,0.11793044954538345],[0.034923698753118515,0.03506782278418541,0.03521664813160896],[-0.000324988883221522,-3.192842996213585e-05,-2.878326631616801e-05,1.0],[0.8999999761581421,0.8999999761581421,0.8999999761581421],3.515123171382584e-05
[0.062070246785879135,0.29878154397010803,0.1411672681570053],[0.034443698823451996,0.034249402582645416,0.0344465933740139],[-2.299964035046287e-05,-2.0473376935115084e-05,1.4287527847045567e-05,1.0],[0.8999999761581421,0.8999999761581421,0.8999999761581421],2.7851972390635638e-06
[-0.13186614215373993,0.5964764356613159,-0.183225616812706],[0.03526453301310539,0.034897107630968094,0.035683948546648026],[-0.00012945348862558603,-4.047651600558311e-05,-1.916291012094007e-06,1.0],[0.8999999761581421,0.8999999761581421,0.8999999761581421],2.5638568331487477e-05
[-0.28352731466293335,0.6892838478088379,-0.25586602091789246],[0.03465868905186653,0.0343647338449955,0.03368072956800461],[9.776819752005395e-06,1.4036099855729844e-05,-0.00016669739852659404,1.0],[0.8999999761581421,0.8999999761581421,0.8999999761581421],4.297191117075272e-05
[-0.2270948439836502,0.7420173287391663,-0.08264718949794769],[0.03458244353532791,0.034509867429733276,0.03478778153657913],[-0.0002555490646045655,8.488809726259205e-06,-0.0001352707331534475,1.0],[0.8999999761581421,0.8999999761581421,0.8999999761581421],7.935211215226445e-06
[-0.34888312220573425,0.6789339184761047,-0.04003841429948807],[0.03539455309510231,0.035136837512254715,0.035044047981500626],[-0.00022876363073009998,-1.860664997366257e-05,-0.00020095396030228585,1.0],[0.8999999761581421,0.8999999761581421,0.8999999761581421],7.753159479761962e-06
[-0.23378531634807587,0.6561957001686096,0.23710772395133972],[0.0351649671792984,0.03468744084239006,0.035152506083250046],[-0.0008011768804863095,1.644633630348835e-05,-0.0004550510784611106,1.0],[0.8999999761581421,0.8999999761581421,0.8999999761581421],0.0001040155766531825
[-0.08861872553825378,0.5962900519371033,-0.029002834111452103],[0.035310808569192886,0.03502821922302246,0.0350547656416893],[-8.814952889224514e-05,1.833894566516392e-05,-7.119718793546781e-05,1.0],[0.8999999761581421,0.8999999761581421,0.8999999761581421],5.296523158904165e-05
[-0.017285790294408798,0.5957503914833069,0.17892004549503326],[0.034942902624607086,0.035717710852622986,0.03547021001577377],[0.00013724472955800593,-1.1488549716887064e-05,6.838470289949328e-05,1.0],[0.8999999761581421,0.8999999761581421,0.8999999761581421],5.209370556258364e-06
[-0.18472641706466675,0.5711414813995361,0.32320764660835266],[0.0343349315226078,0.03480357676744461,0.03461936116218567],[5.754435551352799e-05,5.523514118976891e-06,2.6556028387858532e-05,1.0],[0.8999999761581421,0.8999999761581421,0.8999999761581421],6.292344096436864e-06
[-0.009116421453654766,0.6415722370147705,-0.44445210695266724],[0.032971542328596115,0.03306439146399498,0.0331912636756897],[-1.0140083759324625e-05,-9.270440415320991e-08,-1.6558143443035078e-06,1.0],[0.8999999761581421,0.8999999761581421,0.8999999761581421],1.555615881443373e-06
[-0.19495010375976562,0.5806170701980591,-0.2117527276277542],[0.03543512150645256,0.03570820018649101,0.03573458269238472],[-7.40737741580233e-05,-3.9097787521313876e-05,1.4513530913973227e-05,1.0],[0.8999999761581421,0.8999999761581421,0.8999999761581421],3.396915053599514e-05
[-0.00880412943661213,0.7199978232383728,-0.028205284848809242],[0.03475606068968773,0.03497350960969925,0.035060491412878036],[-0.00011409586295485497,8.117447578115389e-06,9.241176485375036e-06,1.0],[0.8999999761581421,0.8999999761581421,0.8999999761581421],2.495610942787607e-06
[-0.035945139825344086,0.8364605903625488,0.14248773455619812],[0.03494162857532501,0.034613337367773056,0.035594962537288666],[-0.000343771418556571,-2.2401713067665696e-05,5.057886301074177e-05,1.0],[0.8999999761581421,0.8999999761581421,0.8999999761581421],0.00010079065395984799
[-0.16535069048404694,0.8542278409004211,0.17753319442272186],[0.03421054035425186,0.03445487841963768,0.03450454771518707],[-0.00011082399578299373,-6.855809715489158e-06,-1.9287568647996522e-05,1.0],[0.8999999761581421,0.8999999761581421,0.8999999761581421],8.95154971658485e-06
[-0.12144752591848373,0.926630973815918,0.20822478830814362],[0.03521985560655594,0.03497772663831711,0.0350189246237278],[5.427433643490076e-05,3.9555230614496395e-05,-2.5430510504520498e-05,1.0],[0.8999999761581421,0.8999999761581421,0.8999999761581421],4.460678610485047e-06
[-0.1078723669052124,0.6259142160415649,0.2729607820510864],[0.035121504217386246,0.03502330183982849,0.03501515090465546],[2.9994680517120287e-05,2.526483149267733e-05,4.833285856875591e-06,1.0],[0.8999999761581421,0.8999999761581421,0.8999999761581421],8.822964446153492e-06
[0.07499994337558746,-0.7880287766456604,-0.13231408596038818],[0.02883836440742016,0.0331118181347847,0.028371667489409447],[-0.004504977725446224,0.0031426448840647936,0.003104344243183732,1.0000954866409302],[0.8999999761581421,0.8999999761581421,0.8999999761581421],0.0006543482886627316
[-0.024536242708563805,-0.7398893237113953,-0.043362222611904144],[0.027016161009669304,0.032570235431194305,0.03197174891829491],[0.00023528568272013217,-0.0037240677047520876,0.004052900243550539,1.0000666379928589],[0.8999999761581421,0.8999999761581421,0.8999999761581421],0.0004780939198099077
[0.11658255755901337,-0.833793580532074,-0.10727595537900925],[0.02970227599143982,0.03209296241402626,0.03136584907770157],[0.0002632792165968567,-0.0025008830707520247,0.0008516295929439366,1.0000025033950806],[0.8999999761581421,0.8999999761581421,0.8999999761581421],0.0003431097720749676
[0.01641000434756279,-0.7941300272941589,0.024669788777828217],[0.029239695519208908,0.0321362130343914,0.03425123915076256],[1.0079018011310836e-06,-0.0039040178526192904,0.0010297625558450818,1.0000121593475342],[0.8999999761581421,0.8999999761581421,0.8999999761581421],0.00027968783979304135
[0.047009728848934174,-0.794119656085968,-0.044621292501688004],[0.03159642219543457,0.03211726248264313,0.032419268041849136],[0.00015594498836435378,0.0007044026860967278,-0.0014361358480527997,1.0],[0.8999999761581421,0.8999999761581421,0.8999999761581421],0.00012397259706631303
[0.07190429419279099,-0.849500834941864,-0.07494858652353287],[0.029709752649068832,0.03269841521978378,0.030297700315713882],[-0.002781605115160346,-0.0005472773918882012,0.0031390490476042032,1.0000160932540894],[0.8999999761581421,0.8999999761581421,0.8999999761581421],3.07287773466669e-05
[0.037354204803705215,-0.5709326863288879,0.03570742905139923],[0.033196985721588135,0.03240513429045677,0.03218981251120567],[2.027868504228536e-05,0.00036855542566627264,-0.0005948077887296677,1.0],[0.8999999761581421,0.8999999761581421,0.8999999761581421],0.00016845496429596096
[-0.0005603648023679852,-0.7600166201591492,0.04745564982295036],[0.030685584992170334,0.03394602611660957,0.033073462545871735],[0.00043841940350830555,-0.0007324093021452427,0.001357169938273728,1.0000004768371582],[0.8999999761581421,0.8999999761581421,0.8999999761581421],0.00023573111684527248
[-0.008399277925491333,-0.5849342942237854,0.15890656411647797],[0.030999191105365753,0.03169111907482147,0.029571978375315666],[-0.00036716368049383163,-0.00031187920831143856,5.450096068670973e-05,1.0],[0.8999999761581421,0.8999999761581421,0.8999999761581421],3.950758036808111e-05
[0.025668563321232796,-0.4880891442298889,-0.20741809904575348],[0.03123873844742775,0.03290222957730293,0.032548688352108],[8.653822760607e-07,0.0003300036769360304,-1.3473576473188587e-05,1.0],[0.8999999761581421,0.8999999761581421,0.8999999761581421],3.1596184271620587e-05
[0.025415891781449318,-0.5313795804977417,-0.12900851666927338],[0.028651343658566475,0.03273402154445648,0.032571014016866684],[-0.00048303190851584077,5.052144479122944e-05,0.004101602826267481,1.000016689300537],[0.8999999761581421,0.8999999761581421,0.8999999761581421],0.00033061072463169694
[0.0017266373615711927,-0.5312973260879517,-0.0333353690803051],[0.03351772204041481,0.03410865366458893,0.03330877050757408],[0.00023844344832468778,0.0005562338628806174,-0.00015795101353432983,1.0],[0.8999999761581421,0.8999999761581421,0.8999999761581421],4.8035875806817785e-05
[-0.04434103146195412,-0.5436286926269531,-0.05328771471977234],[0.03307390213012695,0.03266270458698273,0.033049773424863815],[2.950177076854743e-05,0.0002460713731124997,-0.001145455869846046,1.0],[0.8999999761581421,0.8999999761581421,0.8999999761581421],2.7752072128350846e-05
[-0.08876154571771622,-0.5652863383293152,0.058379750698804855],[0.0319841131567955,0.03333636373281479,0.03349706158041954],[0.00023378041805699468,0.0027548163197934628,-0.000790475110989064,1.000005841255188],[0.8999999761581421,0.8999999761581421,0.8999999761581421],0.00021077280689496547
[0.02644219622015953,-0.5490366816520691,0.16986976563930511],[0.030099431052803993,0.03375943377614021,0.033813249319791794],[-1.1123507647425868e-05,0.0018986400682479143,-0.0019498491892591119,1.0000041723251343],[0.8999999761581421,0.8999999761581421,0.8999999761581421],0.00024263864906970412
[-0.044788602739572525,-0.36269280314445496,-0.0614720918238163],[0.032552119344472885,0.031781215220689774,0.03169303014874458],[-0.0001594079949427396,-2.9255466870381497e-05,0.00021156440197955817,1.0],[0.8999999761581421,0.8999999761581421,0.8999999761581421],0.0002697679155971855
[-0.03237993270158768,-0.45440390706062317,-0.09456302225589752],[0.0312877856194973,0.033325985074043274,0.03363640233874321],[0.0005101790884509683,0.000738769129384309,-0.0006418446428142488,0.9999998807907104],[0.8999999761581421,0.8999999761581421,0.8999999761581421],0.0002523097500670701
[-0.07110618054866791,-0.5622207522392273,-0.019749045372009277],[0.032481543719768524,0.032474592328071594,0.033568259328603745],[0.00045391908497549593,0.00025486244703643024,0.00016843731282278895,1.0],[0.8999999761581421,0.8999999761581421,0.8999999761581421],0.000560359621886164
[-0.09003221243619919,-0.49267953634262085,0.09145507961511612],[0.03299851715564728,0.03286714479327202,0.03199312090873718],[0.00039879526593722403,-0.0024778374936431646,0.0015931474044919014,1.0000028610229492],[0.8999999761581421,0.8999999761581421,0.8999999761581421],0.0003051081148441881
[0.011723257601261139,-0.5816715955734253,0.03393295779824257],[0.030689716339111328,0.03321707993745804,0.032180581241846085],[-0.0007347370265051723,-6.438079435611144e-05,-0.00023409574350807816,1.0],[0.8999999761581421,0.8999999761581421,0.8999999761581421],0.00030663932557217777
[-0.10903527587652206,-0.25558602809906006,-0.21388503909111023],[0.030805254355072975,0.031546078622341156,0.03086763620376587],[5.6752265663817525e-05,0.0002659940510056913,-3.933450352633372e-05,1.0],[0.8999999761581421,0.8999999761581421,0.8999999761581421],0.0001305139303440228
[-0.061111994087696075,-0.36187344789505005,-0.22385193407535553],[0.03214329853653908,0.03248722851276398,0.03235482797026634],[-1.3433973435894586e-05,0.0002285073569510132,0.0003397329128347337,1.0],[0.8999999761581421,0.8999999761581421,0.8999999761581421],6.688681605737656e-05
[-0.07034314423799515,-0.36830833554267883,-0.1673004925251007],[0.03337782621383667,0.031632158905267715,0.03347592055797577],[0.0009943520417436957,-0.0003277182695455849,-0.0013545716647058725,1.0000011920928955],[0.8999999761581421,0.8999999761581421,0.8999999761581421],0.00019103358499705791
[-0.030786899849772453,-0.4607709050178528,-0.1638626903295517],[0.030917637050151825,0.03314153105020523,0.032644182443618774],[5.8540477766655385e-05,0.0005264084902592003,0.0006783215212635696,1.0],[0.8999999761581421,0.8999999761581421,0.8999999761581421],0.00018844284932129085
[-0.1275353729724884,-0.3738819658756256,0.1341431438922882],[0.03351271525025368,0.032952986657619476,0.03292665630578995],[0.00020846183178946376,-0.00046846154145896435,4.8254518333124e-05,1.0],[0.8999999761581421,0.8999999761581421,0.8999999761581421],0.00022919413459021598
[-0.03972429037094116,-0.25003382563591003,0.059080660343170166],[0.03291045129299164,0.03331783041357994,0.03289089351892471],[0.0002518751425668597,-2.1311490854714066e-05,9.786914597498253e-05,1.0],[0.8999999761581421,0.8999999761581421,0.8999999761581421],6.366014713421464e-05
[-0.03144771233201027,-0.47290077805519104,0.1604139357805252],[0.03185473382472992,0.03287345916032791,0.033202435821294785],[-9.206159302266315e-05,0.000571880373172462,1.1954145520576276e-05,1.0],[0.8999999761581421,0.8999999761581421,0.8999999761581421],8.392923336941749e-05
[0.007019640412181616,-0.23542748391628265,-0.20602600276470184],[0.031217403709888458,0.03231206163764,0.030281124636530876],[8.851208258420229e-05,5.9001711633754894e-05,4.787017587659648e-06,1.0],[0.8999999761581421,0.8999999761581421,0.8999999761581421],0.00019590694864746183
[-0.06893350929021835,-0.2258189171552658,-0.2692687213420868],[0.03071773611009121,0.033392567187547684,0.03130406513810158],[-9.051572851603851e-05,-0.004100631922483444,-0.0007540668593719602,1.000014305114746],[0.8999999761581421,0.8999999761581421,0.8999999761581421],0.00021270567958708853
[-0.06407569348812103,-0.287635862827301,-0.1874581277370453],[0.03258894011378288,0.032584354281425476,0.03276864066720009],[-0.0006987913511693478,0.00026957070804201066,-7.840511534595862e-05,1.0],[0.8999999761581421,0.8999999761581421,0.8999999761581421],0.00023581918503623456
[-0.16392500698566437,-0.28016239404678345,-0.026246238499879837],[0.0351683683693409,0.033239785581827164,0.03360818326473236],[0.0010397981386631727,0.0007717410917393863,0.0050906045362353325,1.0000343322753906],[0.8999999761581421,0.8999999761581421,0.8999999761581421],0.00027986252098344266
[-0.11052539944648743,-0.2397545576095581,0.10835185647010803],[0.03273817151784897,0.032680049538612366,0.03285125270485878],[1.2855929526267573e-05,0.0007994209881871939,-4.216880915919319e-05,1.0],[0.8999999761581421,0.8999999761581421,0.8999999761581421],0.0002268985117552802
[-0.09632372856140137,-0.3059057593345642,0.19874539971351624],[0.03286953270435333,0.03278820961713791,0.033061571419239044],[1.5953160982462578e-05,-0.00011822686064988375,5.702833368559368e-05,1.0],[0.8999999761581421,0.8999999761581421,0.8999999761581421],9.106198558583856e-05
[-0.06300056725740433,-0.23186258971691132,0.25858014822006226],[0.033317096531391144,0.02938041277229786,0.03325055167078972],[0.0025257072411477566,-9.749439777806401e-05,0.002931548049673438,1.0000096559524536],[0.8999999761581421,0.8999999761581421,0.8999999761581421],8.975541277322918e-05
[-0.022624200209975243,-0.27828162908554077,0.30515995621681213],[0.03264334052801132,0.033778417855501175,0.031738437712192535],[-0.00036654932773672044,4.646557863452472e-05,0.00022497176541946828,1.0],[0.8999999761581421,0.8999999761581421,0.8999999761581421],5.2895113185513765e-05
[-0.02572738006711006,-0.19916674494743347,-0.268149733543396],[0.033128771930933,0.031003931537270546,0.02959868684411049],[-4.7819430619711056e-05,-0.0005685646901838481,-0.0003354421351104975,1.0],[0.8999999761581421,0.8999999761581421,0.8999999761581421],8.947197056841105e-05
[-0.08100659400224686,-0.13486340641975403,-0.1804063618183136],[0.029732272028923035,0.03171610087156296,0.0328572615981102],[0.00034792348742485046,-0.0026978447567671537,-0.00513111287727952,1.0000423192977905],[0.8999999761581421,0.8999999761581421,0.8999999761581421],0.00026278742006979883
[-0.10344678908586502,-0.13705985248088837,-0.10641508549451828],[0.03123505786061287,0.03158208727836609,0.033940061926841736],[-0.0018573954002931714,-0.0005966108292341232,0.0005751399439759552,1.0000016689300537],[0.8999999761581421,0.8999999761581421,0.8999999761581421],0.0002018123195739463
[-0.11572562158107758,-0.1303059458732605,-0.033119648694992065],[0.032604511827230453,0.03280720114707947,0.03293871879577637],[-0.00015622923092450947,0.0001421820925315842,2.746188511082437e-05,1.0],[0.8999999761581421,0.8999999761581421,0.8999999761581421],6.821938586654142e-05
[-0.07653064280748367,-0.18313007056713104,0.007205395959317684],[0.03276430070400238,0.03315819427371025,0.03344752639532089],[4.854134749621153e-05,-0.0008270104299299419,-0.00022720858396496624,1.0],[0.8999999761581421,0.8999999761581421,0.8999999761581421],8.957867976278067e-05
[-0.12834030389785767,-0.15888407826423645,0.1838187724351883],[0.03258468210697174,0.033399343490600586,0.03284047916531563],[-2.243766539322678e-05,-0.0001203496431116946,0.00013123439566697925,1.0],[0.8999999761581421,0.8999999761581421,0.8999999761581421],4.324995097704232e-05
[-0.10524196922779083,-0.12566539645195007,0.1220855638384819],[0.03167115896940231,0.03416119143366814,0.03310970216989517],[-1.3132284038874786e-05,0.0001654391671763733,0.0008455982315354049,1.0],[0.8999999761581421,0.8999999761581421,0.8999999761581421],5.95234268985223e-05
[-0.0008543615695089102,-0.23556219041347504,0.27054503560066223],[0.03228207305073738,0.03171800822019577,0.032546330243349075],[0.00012039591820212081,-9.359935211250558e-05,1.6211892216233537e-05,1.0],[0.8999999761581421,0.8999999761581421,0.8999999761581421],5.344286182662472e-05
[0.02787519060075283,-0.1621904820203781,-0.131270170211792],[0.032989416271448135,0.03359038382768631,0.034178003668785095],[-5.648417936754413e-05,-2.7719954232452437e-05,-5.598947609541938e-05,1.0],[0.8999999761581421,0.8999999761581421,0.8999999761581421],9.049990330822766e-05
[-0.05339447408914566,-0.12762141227722168,-0.2365999072790146],[0.030954517424106598,0.030022043734788895,0.027874555438756943],[0.002916791709139943,0.002019679406657815,0.0018137444276362658,1.000008225440979],[0.8999999761581421,0.8999999761581421,0.8999999761581421],0.00010810040112119168
[0.01974470727145672,-0.0795215517282486,-0.17907431721687317],[0.031988475471735,0.03280467167496681,0.032365988940000534],[0.0004631933115888387,-7.250717317219824e-05,-0.0003567171806935221,1.0],[0.8999999761581421,0.8999999761581421,0.8999999761581421],0.00011922568955924362
[-0.11493922024965286,-0.07336937636137009,0.17415852844715118],[0.033118732273578644,0.03301594778895378,0.03308740630745888],[0.00012465487816371024,1.0162129001400899e-05,0.00018063094466924667,1.0],[0.8999999761581421,0.8999999761581421,0.8999999761581421],8.841865928843617e-05
[-0.10549383610486984,-0.00817237701267004,0.14327068626880646],[0.03420481085777283,0.03347889333963394,0.033645812422037125],[3.9189202652778476e-05,-9.683547250460833e-05,-9.965236677089706e-05,1.0],[0.8999999761581421,0.8999999761581421,0.8999999761581421],8.827493729768321e-05
[-0.0009844705928117037,-0.06059585511684418,0.2933347821235657],[0.033764246851205826,0.034063346683979034,0.03432310372591019],[2.5212436867150245e-06,6.787918391637504e-05,4.856652958551422e-05,1.0],[0.8999999761581421,0.8999999761581421,0.8999999761581421],3.067473699047696e-06
[-0.023692937567830086,-0.07991775125265121,0.2819094657897949],[0.03343914821743965,0.033287182450294495,0.033723603934049606],[-0.00013989389117341489,-4.455104772205232e-06,-0.00012400960258673877,1.0],[0.8999999761581421,0.8999999761581421,0.8999999761581421],7.864539657020941e-05
[-0.1265527307987213,0.020065760239958763,0.27186495065689087],[0.032764606177806854,0.0327848382294178,0.03323930874466896],[7.6003848334949e-06,-2.3719079763395712e-05,7.168807314883452e-06,1.0],[0.8999999761581421,0.8999999761581421,0.8999999761581421],8.444822742603719e-05
[0.040251389145851135,0.05744393542408943,-0.10166607052087784],[0.03388483449816704,0.03444906324148178,0.03453025966882706],[1.7750409142536228e-06,1.792580951587297e-05,-2.286844846821623e-06,1.0],[0.8999999761581421,0.8999999761581421,0.8999999761581421],3.402965148779913e-06
[-0.11388134211301804,0.11969155818223953,-0.0588870570063591],[0.03159794211387634,0.03401453047990799,0.034384507685899734],[-0.0008205207996070385,-0.0003517812874633819,0.0002484832366462797,1.0],[0.8999999761581421,0.8999999761581421,0.8999999761581421],2.2154585167299956e-05
[-0.10801497101783752,0.018608111888170242,-0.021193813532590866],[0.033666472882032394,0.032762158662080765,0.03360257297754288],[-0.0003259254153817892,-4.86168974020984e-05,-0.0006631757132709026,1.0],[0.8999999761581421,0.8999999761581421,0.8999999761581421],8.633523248136044e-05
[-0.10587064176797867,0.0645354762673378,0.19059085845947266],[0.032821837812662125,0.033777058124542236,0.03332585468888283],[0.00012634908489417285,7.380148599622771e-05,0.00016227127343881875,1.0],[0.8999999761581421,0.8999999761581421,0.8999999761581421],9.491161472396925e-05
[-0.1071934849023819,0.08241939544677734,0.18882960081100464],[0.03369276225566864,0.0329551175236702,0.032811522483825684],[5.7728993851924315e-05,6.918659346411005e-05,-0.0002666987420525402,1.0],[0.8999999761581421,0.8999999761581421,0.8999999761581421],8.013232582015917e-05
[-0.10149139165878296,0.11079052835702896,0.13601668179035187],[0.033104583621025085,0.03248288482427597,0.03422266244888306],[0.00028093098080717027,-9.811035852180794e-05,-0.00028173383907414973,1.0],[0.8999999761581421,0.8999999761581421,0.8999999761581421],7.926172838779166e-05
[-0.14541591703891754,0.06185894086956978,0.3139552175998688],[0.03373146057128906,0.03391655907034874,0.03288279101252556],[-4.842862472287379e-05,-5.0614671636139974e-05,7.486959020752693e-06,1.0],[0.8999999761581421,0.8999999761581421,0.8999999761581421],1.2705063454632182e-05
[0.012617547065019608,0.423682302236557,-0.31503793597221375],[0.03382725641131401,0.034597452729940414,0.03433118388056755],[1.4228341569832992e-05,-5.033542402088642e-05,8.965973393060267e-05,1.0],[0.8999999761581421,0.8999999761581421,0.8999999761581421],4.174593777861446e-05
[-0.08668112009763718,0.17719171941280365,-0.3114580512046814],[0.03476294130086899,0.03507489338517189,0.03496839478611946],[5.7744342484511435e-05,-3.455779733485542e-05,3.167995237163268e-05,1.0],[0.8999999761581421,0.8999999761581421,0.8999999761581421],1.2166527085355483e-05
[-0.2295079231262207,0.18854770064353943,-0.3198825418949127],[0.03471594676375389,0.03360165283083916,0.03403813764452934],[-2.85740643448662e-05,-2.6209452698822133e-05,-0.00016712391516193748,1.0],[0.8999999761581421,0.8999999761581421,0.8999999761581421],3.865678536385531e-06
[-0.13948872685432434,0.2732393443584442,0.0033977439161390066],[0.0343354158103466,0.03394582122564316,0.03171684965491295],[0.0007693578372709453,0.0007652610656805336,-0.0002644207561388612,1.0000001192092896],[0.8999999761581421,0.8999999761581421,0.8999999761581421],8.584639726905152e-05
[-0.16112366318702698,0.157535582780838,0.1470371037721634],[0.0338871143758297,0.032827746123075485,0.034108102321624756],[0.0003862150479108095,-0.0005267536034807563,-0.0002031779586104676,1.0],[0.8999999761581421,0.8999999761581421,0.8999999761581421],7.99226327217184e-05
[-0.13889794051647186,0.24589699506759644,0.20062877237796783],[0.03333495557308197,0.032247502356767654,0.03361691161990166],[0.0007375659188255668,1.047028763423441e-05,-0.000844474183395505,1.000000238418579],[0.8999999761581421,0.8999999761581421,0.8999999761581421],2.2145597540657036e-05
[0.049353472888469696,0.12570424377918243,0.20985470712184906],[0.03238832950592041,0.03370925784111023,0.03225260227918625],[3.2598607504041865e-05,4.052456915815128e-06,6.690912414342165e-05,1.0],[0.8999999761581421,0.8999999761581421,0.8999999761581421],9.20455131563358e-05
[-0.06811995804309845,0.09337712079286575,0.28632938861846924],[0.0340440534055233,0.03463923931121826,0.03173225373029709],[0.00023911212338134646,0.00021727124112658203,0.0001015737434499897,1.0],[0.8999999761581421,0.8999999761581421,0.8999999761581421],7.916543836472556e-05
[0.10315999388694763,0.09322033822536469,0.32739248871803284],[0.03326485678553581,0.03309587016701698,0.03322415053844452],[-3.5280015708849533e-06,5.897171831747983e-06,-1.6707403119653463e-05,1.0],[0.8999999761581421,0.8999999761581421,0.8999999761581421],0.00010561581439105794
[-0.21680180728435516,0.32657989859580994,-0.30174556374549866],[0.03428912162780762,0.035262580960989,0.03514716029167175],[-8.618363790446892e-05,2.1059362552477978e-05,0.00016609622980467975,1.0],[0.8999999761581421,0.8999999761581421,0.8999999761581421],4.374919444671832e-05
[-0.13315919041633606,0.3179703652858734,-0.1705646961927414],[0.03444347158074379,0.03431404381990433,0.033910736441612244],[5.977707769488916e-05,-3.369540718267672e-05,-5.855312701896764e-05,1.0],[0.8999999761581421,0.8999999761581421,0.8999999761581421],7.564752195321489e-06
[-0.031693603843450546,0.4099560081958771,0.12251295149326324],[0.034204304218292236,0.03406307101249695,0.03473956882953644],[-0.00040551330312155187,3.712338366312906e-05,1.5987305232556537e-05,1.0],[0.8999999761581421,0.8999999761581421,0.8999999761581421],3.980671681347303e-05
[-0.0237099751830101,0.18189094960689545,0.033306702971458435],[0.03401881456375122,0.03450398147106171,0.03423093631863594],[0.00010577488865237683,-3.734381607500836e-05,9.708670404506847e-05,1.0],[0.8999999761581421,0.8999999761581421,0.8999999761581421],6.93586252964451e-06
[-0.050160862505435944,0.30486682057380676,0.11404886841773987],[0.0347343347966671,0.03417128697037697,0.03373941779136658],[-1.56412224896485e-05,-2.8766698960680515e-05,4.364240521681495e-05,1.0],[0.8999999761581421,0.8999999761581421,0.8999999761581421],2.8094866593164625e-06
[-0.10170958191156387,0.38524943590164185,0.13836556673049927],[0.03390464931726456,0.034146811813116074,0.03504665568470955],[-9.337817755294964e-05,-0.00017334941367153078,0.00017286969523411244,1.0],[0.8999999761581421,0.8999999761581421,0.8999999761581421],5.300967677612789e-05
[0.06641075015068054,0.5169134140014648,-0.3288887143135071],[0.033680614084005356,0.03460026532411575,0.034303076565265656],[4.35283945989795e-05,-2.253456386824837e-06,5.314086956786923e-05,1.0],[0.8999999761581421,0.8999999761581421,0.8999999761581421],3.184766910635517e-06
[-0.04139544069766998,0.42253798246383667,-0.20811912417411804],[0.03467093035578728,0.034283507615327835,0.03463606536388397],[-0.00014106841990724206,4.3815409298986197e-05,-0.00021581770852208138,1.0],[0.8999999761581421,0.8999999761581421,0.8999999761581421],4.116216587135568e-05
[-0.24847829341888428,0.4348275065422058,-0.12487201392650604],[0.03472603112459183,0.03200986608862877,0.03374257683753967],[-5.3980944358045235e-05,0.00010381668107584119,0.0002775828761514276,1.0],[0.8999999761581421,0.8999999761581421,0.8999999761581421],1.6692960116415634e-06
[-0.12318255007266998,0.3678426742553711,-0.10949842631816864],[0.034157924354076385,0.033949706703424454,0.033889465034008026],[-0.00032085293787531555,-1.482734387536766e-05,-1.5034473108244129e-05,1.0],[0.8999999761581421,0.8999999761581421,0.8999999761581421],2.8299476980464533e-05
[-0.09736350178718567,0.25249043107032776,-0.01035270281136036],[0.034156668931245804,0.03463951498270035,0.03442588821053505],[-0.00017538330575916916,6.67706444801297e-07,2.6479106963961385e-05,1.0],[0.8999999761581421,0.8999999761581421,0.8999999761581421],2.6011618956545135e-06
[0.1107359305024147,0.30044686794281006,-0.12163759768009186],[0.03557032346725464,0.03540226072072983,0.03494115173816681],[0.00018413799989502877,1.3748220908382791e-06,1.4888392797729466e-05,1.0],[0.8999999761581421,0.8999999761581421,0.8999999761581421],1.1911218280147295e-05
[-0.10409388691186905,0.765263557434082,0.29115667939186096],[0.03536516800522804,0.035008274018764496,0.03498820960521698],[-5.719535693060607e-06,2.8154388928669505e-05,-0.00015023745072539896,1.0],[0.8999999761581421,0.8999999761581421,0.8999999761581421],1.1192195415787864e-05
[-0.1581297516822815,0.32528695464134216,0.30602890253067017],[0.033372662961483,0.033360373228788376,0.03338055685162544],[-7.481248758267611e-06,4.289180196792586e-06,-1.454164976166794e-05,1.0],[0.8999999761581421,0.8999999761581421,0.8999999761581421],3.796918008447392e-06
[-0.07766203582286835,0.5540207028388977,-0.10150071978569031],[0.03545466065406799,0.035258449614048004,0.035565584897994995],[-0.0001908061240101233,3.25497894664295e-05,-9.011676593217999e-05,1.0],[0.8999999761581421,0.8999999761581421,0.8999999761581421],3.540277975844219e-05
[-0.07723619788885117,0.4508391320705414,-0.2462824583053589],[0.034530214965343475,0.03423245996236801,0.03437548875808716],[-4.7615721996407956e-05,-1.8811166228260845e-05,-6.275866326177493e-05,1.0],[0.8999999761581421,0.8999999761581421,0.8999999761581421],1.6567799320910126e-05
[-0.21998293697834015,0.6005482077598572,-0.1556614488363266],[0.034207526594400406,0.03475817292928696,0.03426121547818184],[9.534519631415606e-05,7.4957711149181705e-06,6.739612581441179e-05,1.0],[0.8999999761581421,0.8999999761581421,0.8999999761581421],3.4292403142899275e-05
[-0.09879405051469803,0.6035447120666504,-0.0696868821978569],[0.03540642559528351,0.035380177199840546,0.035076938569545746],[7.315215043490753e-05,-2.8516651582322083e-05,-2.1557289073825814e-06,1.0],[0.8999999761581421,0.8999999761581421,0.8999999761581421],5.4691492550773546e-05
[-0.008252994157373905,0.44262006878852844,-0.1367533653974533],[0.035108111798763275,0.03466875106096268,0.034658417105674744],[-0.00011856114724650979,2.046143708867021e-05,-0.00011847243149532005,1.0],[0.8999999761581421,0.8999999761581421,0.8999999761581421],4.296468432585243e-06
[0.010011596605181694,0.44280073046684265,-0.04635041952133179],[0.035268064588308334,0.035302840173244476,0.03548739477992058],[-0.00023629299539607018,6.816668474129983e-07,-0.00013448134995996952,1.0],[0.8999999761581421,0.8999999761581421,0.8999999761581421],4.171865839452948e-06
[-0.1856270581483841,0.7656213045120239,0.304172158241272],[0.03468644246459007,0.03481380641460419,0.03536843881011009],[-0.00023860466899350286,-0.0001692629448371008,4.573342448566109e-05,1.0],[0.8999999761581421,0.8999999761581421,0.8999999761581421],7.92283481132472e-06
[0.030759865418076515,0.45774784684181213,0.25420963764190674],[0.03483433648943901,0.03471642732620239,0.03473300114274025],[-4.126154453842901e-05,-3.020933263542247e-06,-5.2776002121390775e-05,1.0],[0.8999999761581421,0.8999999761581421,0.8999999761581421],4.1560535464668646e-05
[-0.08446631580591202,0.4338604807853699,-0.25539854168891907],[0.03432264178991318,0.03502945229411125,0.034359097480773926],[0.00021770969033241272,-4.923617325403029e-06,1.7343743820674717e-05,1.0],[0.8999999761581421,0.8999999761581421,0.8999999761581421],6.686422238999512e-06
[-0.07727385312318802,0.6054065823554993,-0.042898938059806824],[0.03457869216799736,0.03488437831401825,0.0345960333943367],[-9.58368673309451e-06,-1.2846606296079699e-05,3.395065141376108e-05,1.0],[0.8999999761581421,0.8999999761581421,0.8999999761581421],5.6205823057098314e-05
[-0.012018474750220776,0.9187015295028687,0.18237422406673431],[0.034603867679834366,0.03461556136608124,0.034286096692085266],[7.460932829417288e-05,5.77235987293534e-05,-0.00010213051427854225,1.0],[0.8999999761581421,0.8999999761581421,0.8999999761581421],8.136740507325158e-05
[-0.04592093452811241,0.6009211540222168,-0.001762946369126439],[0.03428381681442261,0.03485908359289169,0.034321609884500504],[0.00015430411440320313,9.22450180951273e-06,2.0581206626957282e-05,1.0],[0.8999999761581421,0.8999999761581421,0.8999999761581421],5.782083826488815e-05
[-0.06748197972774506,0.6157483458518982,0.12045448273420334],[0.034504786133766174,0.03475789725780487,0.034921348094940186],[-0.00019081389473285526,7.772579010634217e-06,6.029959877196234e-06,1.0],[0.8999999761581421,0.8999999761581421,0.8999999761581421],3.811267379205674e-05
[0.11314650624990463,0.43238165974617004,0.0030506367329508066],[0.03548336401581764,0.03514477238059044,0.035071033984422684],[-1.4008843209012412e-05,5.446820432553068e-05,-8.793326560407877e-05,1.0],[0.8999999761581421,0.8999999761581421,0.8999999761581421],2.971907861137879e-06
[0.03377668187022209,0.5735960602760315,0.30331334471702576],[0.034279171377420425,0.034329429268836975,0.034558575600385666],[-1.5402730468849768e-06,5.658606096403673e-05,-9.62383855949156e-05,1.0],[0.8999999761581421,0.8999999761581421,0.8999999761581421],2.5394108433829388e-06
[0.03940562903881073,0.6645880937576294,-0.3675675094127655],[0.03367653861641884,0.033865801990032196,0.033845119178295135],[-2.8356246275507146e-06,8.081156920525245e-06,-2.2458285457105376e-05,1.0],[0.8999999761581421,0.8999999761581421,0.8999999761581421],2.0370789570733905e-06
[-0.11348394304513931,0.682009220123291,-0.1266373246908188],[0.0346774160861969,0.03439125791192055,0.03510504588484764],[-0.00037263944977894425,4.727548912342172e-06,-0.00011096164962509647,1.0],[0.8999999761581421,0.8999999761581421,0.8999999761581421],3.891637970809825e-05
[-0.17766666412353516,0.8886628150939941,0.18977545201778412],[0.03433442860841751,0.034395016729831696,0.034470073878765106],[1.4123833352641668e-05,-1.5723002434242517e-05,5.377970228437334e-05,1.0],[0.8999999761581421,0.8999999761581421,0.8999999761581421],1.0747592568804976e-05
[-0.017223291099071503,0.9269886016845703,0.3072218894958496],[0.03503575921058655,0.033905286341905594,0.03482354059815407],[-0.0002826141135301441,0.00011114123481092975,-0.0009944119956344366,1.0],[0.8999999761581421,0.8999999761581421,0.8999999761581421],2.7653172764985356e-06
[-0.12687046825885773,0.8430019021034241,0.3057410717010498],[0.03515639156103134,0.034654900431632996,0.034620001912117004],[3.7260000681271777e-05,-2.3419319404638372e-05,-1.966228637684253e-07,1.0],[0.8999999761581421,0.8999999761581421,0.8999999761581421],2.09648305826704e-06
[0.024202171713113785,0.8082385063171387,0.36632275581359863],[0.03323572874069214,0.03326340764760971,0.03322548419237137],[-7.330340395128587e-06,2.176373072870774e-06,-8.290950972877908e-06,1.0],[0.8999999761581421,0.8999999761581421,0.8999999761581421],2.3541151676909067e-06
[0.16787898540496826,-0.8148363828659058,-0.0036628858651965857],[0.03213026002049446,0.028569893911480904,0.03144345432519913],[0.0006769481697119772,0.0012942065950483084,-0.0022312875371426344,1.000003695487976],[0.8999999761581421,0.8999999761581421,0.8999999761581421],0.00046249767183326185
[0.1234307736158371,-0.7999961376190186,-0.011166310869157314],[0.03313499316573143,0.03246121481060982,0.03230883181095123],[-0.00017533979553263634,0.00047682595322839916,-0.0010340085718780756,1.0],[0.8999999761581421,0.8999999761581421,0.8999999761581421],9.775907528819516e-05
[0.010448379442095757,-0.7941120862960815,-0.02800334244966507],[0.03153230994939804,0.03143101930618286,0.03317463397979736],[-0.00016782135935500264,-0.00048325397074222565,-0.0012641350040212274,0.9999991059303284],[0.8999999761581421,0.8999999761581421,0.8999999761581421],0.00024246108660008758
[0.024371007457375526,-0.8210822939872742,-0.05666464939713478],[0.027847930788993835,0.0330364853143692,0.03142102435231209],[-0.0005701621994376183,-0.0038530274759978056,0.005131518002599478,1.0001925230026245],[0.8999999761581421,0.8999999761581421,0.8999999761581421],0.0007509624119848013
[0.13513106107711792,-0.7997447848320007,0.01769915036857128],[0.03099491260945797,0.032125383615493774,0.03234133496880531],[0.0006819990812800825,-0.002098886761814356,0.0005648520309478045,1.0000014305114746],[0.8999999761581421,0.8999999761581421,0.8999999761581421],0.0003712262259796262
[0.1438753455877304,-0.82518070936203,0.12179547548294067],[0.03281755372881889,0.03187273442745209,0.03162366896867752],[-0.0006523930933326483,0.0004054765740875155,-0.001990881748497486,1.0000015497207642],[0.8999999761581421,0.8999999761581421,0.8999999761581421],0.00034818879794329405
[0.041950441896915436,-0.7369774580001831,-0.08746466785669327],[0.032464783638715744,0.032387521117925644,0.03316768258810043],[0.0004964540130458772,-0.000768797064665705,-0.00042215484427288175,1.0],[0.8999999761581421,0.8999999761581421,0.8999999761581421],0.0003839156124740839
[0.13411667943000793,-0.7518913745880127,-0.09773928672075272],[0.032060351222753525,0.032122574746608734,0.03300604969263077],[0.0007316894480027258,-0.002599448664113879,0.001249251770786941,1.000003695487976],[0.8999999761581421,0.8999999761581421,0.8999999761581421],0.000525012263096869
[-0.009670299477875233,-0.6889163851737976,-0.041559893637895584],[0.03140559047460556,0.03277313709259033,0.0326140932738781],[0.00040232253377325833,-0.0009576980955898762,-0.0007810909301042557,0.9999988079071045],[0.8999999761581421,0.8999999761581421,0.8999999761581421],0.0005983571754768491
[0.0659102275967598,-0.7138230204582214,0.0027148211374878883],[0.03149491921067238,0.0315142460167408,0.03272804990410805],[0.0014219754375517368,-0.0025878697633743286,-0.0009615157614462078,1.0000046491622925],[0.8999999761581421,0.8999999761581421,0.8999999761581421],0.0007058621849864721
[-0.02562657929956913,-0.6703168153762817,-0.014460097067058086],[0.03125545755028725,0.0334494411945343,0.03327164426445961],[-7.320041913772002e-05,-0.00033458677353337407,0.0003725858696270734,1.0],[0.8999999761581421,0.8999999761581421,0.8999999761581421],7.287413609446958e-05
[-0.05756854638457298,-0.6278325319290161,0.005583363585174084],[0.031134940683841705,0.03343304246664047,0.03181684762239456],[-0.0021704486571252346,-0.0027881283313035965,0.0024211632553488016,1.0000256299972534],[0.8999999761581421,0.8999999761581421,0.8999999761581421],0.0005735601298511028
[-0.013333982788026333,-0.707207441329956,0.03819658234715462],[0.02990514598786831,0.031579092144966125,0.034182243049144745],[0.0016741700237616897,6.749483873136342e-05,-0.0008129259222187102,0.9999969005584717],[0.8999999761581421,0.8999999761581421,0.8999999761581421],0.0007314234389923513
[0.011582715436816216,-0.6471697688102722,0.06641983240842819],[0.030463658273220062,0.03108280897140503,0.02976822294294834],[-0.0011477298103272915,0.0008330558775924146,0.002718626754358411,1.0000091791152954],[0.8999999761581421,0.8999999761581421,0.8999999761581421],0.0009690251317806542
[0.10932441800832748,-0.5087690353393555,0.13978487253189087],[0.03139263764023781,0.03053947165608406,0.03305482491850853],[-0.00023444458201993257,0.00032881589140743017,-0.0015789768658578396,0.9999973773956299],[0.8999999761581421,0.8999999761581421,0.8999999761581421],7.498271588701755e-05
[0.0065033454447984695,-0.3427671790122986,-0.16056951880455017],[0.02874494157731533,0.03227218613028526,0.034504927694797516],[-0.000501705682836473,-0.0003105128707829863,0.000247314281295985,1.0],[0.8999999761581421,0.8999999761581421,0.8999999761581421],0.00015848370094317943
[0.08179156482219696,-0.395844042301178,-0.11570905148983002],[0.032487139105796814,0.03124731220304966,0.034112825989723206],[0.00022032804554328322,0.0015235892497003078,0.0009594506118446589,0.9999984502792358],[0.8999999761581421,0.8999999761581421,0.8999999761581421],0.00031331038917414844
[0.04581480845808983,-0.5431337952613831,-0.04755231738090515],[0.03130444884300232,0.03421231731772423,0.03553766384720802],[-0.002697702730074525,0.0025024833157658577,6.915234553162009e-05,1.0000052452087402],[0.8999999761581421,0.8999999761581421,0.8999999761581421],0.0004609964962583035
[0.09198262542486191,-0.5196996927261353,0.027295324951410294],[0.03402671217918396,0.03301859274506569,0.03416712209582329],[0.0006750829634256661,-0.000903746928088367,0.0002975255192723125,0.9999988675117493],[0.8999999761581421,0.8999999761581421,0.8999999761581421],0.0006550992256961763
[0.09019917994737625,-0.6090261936187744,0.05647621676325798],[0.032097864896059036,0.0334920734167099,0.033544544130563736],[7.405917858704925e-05,-0.0028614108450710773,0.0014986514579504728,1.000015377998352],[0.8999999761581421,0.8999999761581421,0.8999999761581421],0.0007174193160608411
[-0.012718033976852894,-0.6151589751243591,0.15600793063640594],[0.03215087205171585,0.03258967399597168,0.03165622428059578],[0.0008007879951037467,-8.099813567241654e-05,0.0006799826514907181,1.0],[0.8999999761581421,0.8999999761581421,0.8999999761581421],0.00021284891408868134
[0.05096432566642761,-0.34889817237854004,0.19013762474060059],[0.030436579138040543,0.03178085386753082,0.03359982371330261],[-0.0011065102880820632,-0.001846029656007886,0.0007181195542216301,1.0000022649765015],[0.8999999761581421,0.8999999761581421,0.8999999761581421],7.913258014013991e-05
[0.06073160097002983,-0.3898678719997406,0.2230900675058365],[0.03369938209652901,0.030028806999325752,0.03242368996143341],[0.0014469022862613201,-0.00014434100012294948,-0.0004505647229962051,1.0000007152557373],[0.8999999761581421,0.8999999761581421,0.8999999761581421],6.41564474790357e-05
[0.07057902961969376,-0.27722376585006714,-0.29170680046081543],[0.03296443819999695,0.03133408725261688,0.028646277263760567],[0.00016496569151058793,-0.00018272337911184877,0.00020620564464479685,1.0],[0.8999999761581421,0.8999999761581421,0.8999999761581421],9.412777581019327e-05
[0.018182404339313507,-0.38684433698654175,-0.22927570343017578],[0.028650211170315742,0.03209582716226578,0.03140478953719139],[0.00037241968675516546,-0.0004613932687789202,0.002817726694047451,1.000007152557373],[0.8999999761581421,0.8999999761581421,0.8999999761581421],0.00041439032065682113
[-0.007994918152689934,-0.3880400061607361,-0.1231948584318161],[0.03431994095444679,0.03344635292887688,0.033581268042325974],[0.0012226830003783107,-0.0005530170747078955,0.0011458288645371795,0.9999998211860657],[0.8999999761581421,0.8999999761581421,0.8999999761581421],0.0002578606945462525
[0.026832813397049904,-0.46213287115097046,-0.07473475486040115],[0.03352239727973938,0.0320361889898777,0.033484071493148804],[0.0013703443109989166,1.1916430594283156e-05,0.0010953134624287486,1.0000004768371582],[0.8999999761581421,0.8999999761581421,0.8999999761581421],0.0006619793130084872
[0.005052211228758097,-0.49563145637512207,0.11148879677057266],[0.031867071986198425,0.03328465297818184,0.033267077058553696],[-0.0008733046124689281,0.0007996280328370631,0.0008947718306444585,1.0],[0.8999999761581421,0.8999999761581421,0.8999999761581421],7.969691068865359e-05
[0.027364153414964676,-0.2866353392601013,0.05505046993494034],[0.03297923505306244,0.032670021057128906,0.033242519944906235],[-0.00018518771685194224,0.00041528456495143473,-0.0002641010214574635,1.0],[0.8999999761581421,0.8999999761581421,0.8999999761581421],5.060729381511919e-05
[0.10862035304307938,-0.5934125185012817,0.11433595418930054],[0.028893452137708664,0.034242138266563416,0.03471292555332184],[0.0009501393069513142,-0.0009646317339502275,0.0008014903287403286,1.0000008344650269],[0.8999999761581421,0.8999999761581421,0.8999999761581421],0.00040459484443999827
[0.0240616612136364,-0.3119164705276489,-0.2109859138727188],[0.03221842646598816,0.03365630283951759,0.029760921373963356],[0.00045323901576921344,-0.0008696845616213977,0.00026123193674720824,1.0],[0.8999999761581421,0.8999999761581421,0.8999999761581421],0.00026382337091490626
[-0.0005366860423237085,-0.29814448952674866,-0.2581027150154114],[0.031477585434913635,0.03429895266890526,0.0339868925511837],[-0.0009528935188427567,0.0017458031652495265,0.0005501134437508881,1.0000008344650269],[0.8999999761581421,0.8999999761581421,0.8999999761581421],0.00022498876205645502
[-0.016925713047385216,-0.29181796312332153,-0.13680750131607056],[0.03249046579003334,0.03370674327015877,0.03162412345409393],[0.00019332363444846123,0.000613280339166522,0.00100728461984545,0.9999987483024597],[0.8999999761581421,0.8999999761581421,0.8999999761581421],0.0003257365897297859
[-0.035546209663152695,-0.3011545240879059,-0.03508874028921127],[0.03333863243460655,0.03296157345175743,0.030631374567747116],[0.0019444017671048641,-0.0008169413777068257,-0.0004848113458137959,1.0000020265579224],[0.8999999761581421,0.8999999761581421,0.8999999761581421],0.0001551054447190836
[-0.02392418123781681,-0.2635718584060669,0.0408247672021389],[0.0318119116127491,0.03228894993662834,0.03194570913910866],[0.001583642209880054,0.002189655788242817,0.0028441306203603745,1.0000100135803223],[0.8999999761581421,0.8999999761581421,0.8999999761581421],0.000286642462015152
[-0.032517727464437485,-0.2254682183265686,0.15602782368659973],[0.03304247558116913,0.03232055529952049,0.033543672412633896],[0.0009378007962368429,-0.0011386817786842585,2.1900648789596744e-05,1.000000238418579],[0.8999999761581421,0.8999999761581421,0.8999999761581421],0.0002383318351348862
[-0.06463773548603058,-0.1849057972431183,0.22415368258953094],[0.033107127994298935,0.03201005607843399,0.03132864832878113],[0.0001899940543808043,4.252347571309656e-05,-0.0005461892578750849,1.0],[0.8999999761581421,0.8999999761581421,0.8999999761581421],2.3708395019639283e-05
[0.025794411078095436,-0.239558145403862,0.16528525948524475],[0.032410699874162674,0.03332045301795006,0.03412490338087082],[-0.0002788516867440194,0.0002171090745832771,-3.9768366377757047e-07,1.0],[0.8999999761581421,0.8999999761581421,0.8999999761581421],3.259322693338618e-05
[0.07819449156522751,-0.2472669780254364,-0.28365209698677063],[0.032689087092876434,0.03326704725623131,0.03310411050915718],[9.654560017224867e-06,4.9993872380582616e-05,1.3697368558496237e-05,1.0],[0.8999999761581421,0.8999999761581421,0.8999999761581421],0.00011317333701299503
[-0.10857797414064407,-0.2658047676086426,-0.22345104813575745],[0.032525572925806046,0.03279855102300644,0.03249508887529373],[-5.9334099205443636e-05,-3.3298198104603216e-05,-0.00020070045138709247,1.0],[0.8999999761581421,0.8999999761581421,0.8999999761581421],2.37831973208813e-05
[0.016313651576638222,-0.15805913507938385,-0.26107966899871826],[0.034730322659015656,0.03321480378508568,0.02891254983842373],[0.005102215800434351,-0.0017841431545093656,-0.00017494794155936688,1.0000483989715576],[0.8999999761581421,0.8999999761581421,0.8999999761581421],0.00020590348867699504
[-0.033027563244104385,-0.09538786858320236,-0.1692458838224411],[0.03175514191389084,0.0316062830388546,0.03383111208677292],[-7.102181825757725e-06,-0.0005064677679911256,0.0009152821148745716,1.0],[0.8999999761581421,0.8999999761581421,0.8999999761581421],0.0002705478109419346
[-0.0074659911915659904,-0.08572699874639511,-0.08085951209068298],[0.03306182846426964,0.033741120249032974,0.033032000064849854],[0.00095753074856475,-6.860666326247156e-05,0.0009254905162379146,0.9999996423721313],[0.8999999761581421,0.8999999761581421,0.8999999761581421],7.109199214028195e-05
[-0.05552440136671066,-0.09635896235704422,0.007410961668938398],[0.03276596590876579,0.0322408452630043,0.03452576324343681],[0.0030320007354021072,0.0015272513264790177,0.00032626991742290556,1.000007152557373],[0.8999999761581421,0.8999999761581421,0.8999999761581421],0.00013979706272948533
[0.08242762088775635,-0.27352774143218994,0.10849272459745407],[0.03338378667831421,0.03290674462914467,0.03286246582865715],[-0.0001336950226686895,8.294163853861392e-05,6.158558244351298e-05,1.0],[0.8999999761581421,0.8999999761581421,0.8999999761581421],6.662494797637919e-06
[0.07063440978527069,-0.1842842400074005,0.1842791587114334],[0.03197025507688522,0.03375609591603279,0.034235671162605286],[9.352831693831831e-05,0.0005246872315183282,7.55817600293085e-05,1.0],[0.8999999761581421,0.8999999761581421,0.8999999761581421],6.817294342909008e-05
[-0.09800101071596146,-0.307621031999588,0.28320425748825073],[0.03231486678123474,0.03280108794569969,0.0315280482172966],[1.152836557594128e-05,-1.8616312445374206e-05,-1.9101898942608386e-05,1.0],[0.8999999761581421,0.8999999761581421,0.8999999761581421],2.75468009931501e-05
[0.041700657457113266,-0.13873933255672455,-0.24463827908039093],[0.03254733607172966,0.030646560713648796,0.029002506285905838],[0.0009737817454151809,0.0003081033064518124,5.031353430240415e-05,1.0],[0.8999999761581421,0.8999999761581421,0.8999999761581421],6.830831262050197e-05
[0.018778905272483826,-0.1569846123456955,-0.25656309723854065],[0.03349108248949051,0.03338542953133583,0.03294183313846588],[7.220757834147662e-05,-5.112113285576925e-05,-0.00017127831233665347,1.0],[0.8999999761581421,0.8999999761581421,0.8999999761581421],8.435710333287716e-05
[0.061745382845401764,-0.1087675541639328,-0.19948501884937286],[0.032584093511104584,0.03240811824798584,0.03434376046061516],[-0.0010186238214373589,0.0008289865800179541,0.00049299601232633,1.000000238418579],[0.8999999761581421,0.8999999761581421,0.8999999761581421],0.00016752943338360637
[0.009237272664904594,-0.06926001608371735,-0.018636014312505722],[0.033228565007448196,0.03174397349357605,0.03354961425065994],[0.00011588966299314052,-6.150588887976483e-05,-2.4286457119160332e-05,1.0],[0.8999999761581421,0.8999999761581421,0.8999999761581421],7.673850632272661e-05
[0.052494633942842484,0.027624940499663353,0.073049396276474],[0.03352512791752815,0.033017296344041824,0.0339050218462944],[-0.0009162044152617455,0.0002329995622858405,-0.0008634260157123208,1.0000003576278687],[0.8999999761581421,0.8999999761581421,0.8999999761581421],1.144780617323704e-05
[0.0049247099086642265,0.042903900146484375,0.16447438299655914],[0.03290869668126106,0.03208459913730621,0.033627789467573166],[-0.0005110328202135861,1.9612034520832822e-05,0.00025518154143355787,1.0],[0.8999999761581421,0.8999999761581421,0.8999999761581421],0.0001247970649274066
[-0.0438559353351593,-0.01205113623291254,0.2511107921600342],[0.033630263060331345,0.03295117989182472,0.03357402980327606],[-0.00017616678087506443,-4.56562775070779e-05,-0.0001248408225364983,1.0],[0.8999999761581421,0.8999999761581421,0.8999999761581421],5.168851203052327e-05
[0.032465122640132904,-0.11370204389095306,0.16223691403865814],[0.03341980651021004,0.03393814340233803,0.033472996205091476],[0.00011735682346625254,-2.221366776211653e-05,2.57200167652627e-06,1.0],[0.8999999761581421,0.8999999761581421,0.8999999761581421],8.436730422545224e-05
[-0.0810309574007988,-0.004924838896840811,0.36673659086227417],[0.03365864232182503,0.033243078738451004,0.03400793671607971],[2.3006303308648057e-05,-3.51719390891958e-05,-3.7847377143407357e-07,1.0],[0.8999999761581421,0.8999999761581421,0.8999999761581421],2.8874997951788828e-05
[-0.010173376649618149,-0.10043521225452423,-0.2721335291862488],[0.03434611111879349,0.03435629606246948,0.03535228222608566],[-0.00013155881606508046,-3.2449886930407956e-05,-5.469536336022429e-05,1.0],[0.8999999761581421,0.8999999761581421,0.8999999761581421],8.052647899603471e-05
[-0.04131051525473595,-0.08014552295207977,-0.05420033633708954],[0.033886995166540146,0.03367570787668228,0.03408533334732056],[3.296936847618781e-05,-4.7454017476411536e-05,-1.9017341401195154e-05,1.0],[0.8999999761581421,0.8999999761581421,0.8999999761581421],2.329486233065836e-05
[-0.04897375777363777,-0.10255011171102524,-0.003561660647392273],[0.0329296849668026,0.034084901213645935,0.033913277089595795],[-1.858658106357325e-05,-3.1914201827021316e-05,-2.2961636204854585e-05,1.0],[0.8999999761581421,0.8999999761581421,0.8999999761581421],2.6859808713197708e-05
[0.042092908173799515,0.14277273416519165,0.08334699273109436],[0.034323010593652725,0.034119438380002975,0.034364234656095505],[-0.0003267862484790385,-1.3975378351460677e-05,-0.0002842834801413119,1.0],[0.8999999761581421,0.8999999761581421,0.8999999761581421],3.578869609555113e-06
[-0.007165708113461733,0.23262369632720947,0.14069941639900208],[0.033012133091688156,0.03364633768796921,0.033596429973840714],[2.4272922019008547e-05,-1.3610258065455128e-05,-1.8486265616957098e-05,1.0],[0.8999999761581421,0.8999999761581421,0.8999999761581421],4.557002102956176e-05
[0.04131424054503441,0.0905647724866867,0.20050542056560516],[0.0325208380818367,0.03308650851249695,0.03228452056646347],[0.00014167414337862283,4.8726265958976e-05,-1.88914782484062e-05,1.0],[0.8999999761581421,0.8999999761581421,0.8999999761581421],8.480923861498013e-05
[0.07413128763437271,0.05163924768567085,0.24846962094306946],[0.033055681735277176,0.032967615872621536,0.03444521129131317],[-0.0006129507091827691,0.0001792084367480129,1.825432809710037e-05,1.0],[0.8999999761581421,0.8999999761581421,0.8999999761581421],8.431232708971947e-05
[0.11709561198949814,-0.00548172602429986,0.1477525234222412],[0.03508681803941727,0.033670127391815186,0.03478188067674637],[-9.77364688878879e-05,2.9413527954602614e-05,-0.00010015997395385057,1.0],[0.8999999761581421,0.8999999761581421,0.8999999761581421],9.464246249990538e-05
[-0.10652656108140945,0.22081990540027618,-0.2201206386089325],[0.034501105546951294,0.03484398499131203,0.034487370401620865],[0.0001482101361034438,9.243293607141823e-05,5.940299161011353e-05,1.0],[0.8999999761581421,0.8999999761581421,0.8999999761581421],8.866119060257915e-06
[-0.0784190446138382,0.14753229916095734,-0.094475157558918],[0.033065199851989746,0.03389971703290939,0.032026875764131546],[0.00036339188227429986,0.0001790280221030116,0.0001339480804745108,1.0],[0.8999999761581421,0.8999999761581421,0.8999999761581421],3.2586444831395056e-06
[-0.1572244018316269,0.24593444168567657,0.10647718608379364],[0.03430931270122528,0.0336642824113369,0.03417489305138588],[-0.00014063894923310727,3.553025453584269e-05,-0.00010455284791532904,1.0],[0.8999999761581421,0.8999999761581421,0.8999999761581421],8.308582619065419e-05
[0.012189379893243313,0.20304228365421295,0.09054554998874664],[0.03363063558936119,0.03371734544634819,0.03291412070393562],[0.00012420890561770648,6.803035648772493e-05,2.3797916583134793e-05,1.0],[0.8999999761581421,0.8999999761581421,0.8999999761581421],7.90895865065977e-06
[-0.13195058703422546,0.14867433905601501,0.14812041819095612],[0.03365696594119072,0.033437807112932205,0.03377474844455719],[2.3047638023854233e-05,2.208572914241813e-05,-9.36739452299662e-05,1.0],[0.8999999761581421,0.8999999761581421,0.8999999761581421],8.053053170442581e-05
[0.0357605405151844,0.10784407705068588,0.25692906975746155],[0.033451009541749954,0.03376099839806557,0.033901140093803406],[-0.00010596024367259815,-0.0001824752107495442,1.208319008583203e-05,1.0],[0.8999999761581421,0.8999999761581421,0.8999999761581421],8.205533231375739e-05
[0.10140133649110794,0.39690205454826355,-0.28332167863845825],[0.03426527976989746,0.03502858430147171,0.03488693758845329],[3.0694012821186334e-05,-4.76380082545802e-05,1.8225669919047505e-05,1.0],[0.8999999761581421,0.8999999761581421,0.8999999761581421],7.897745490481611e-06
[0.07737627625465393,0.3520280718803406,-0.27740180492401123],[0.03430333733558655,0.034985702484846115,0.03385911136865616],[0.000156702590174973,5.0032074796035886e-05,7.361835287156282e-06,1.0],[0.8999999761581421,0.8999999761581421,0.8999999761581421],1.1598311175475828e-05
[0.06309057772159576,0.3041781187057495,-0.1666981726884842],[0.03254149481654167,0.034493282437324524,0.034134361892938614],[-9.894131653709337e-05,-0.0004004482179880142,0.000290808966383338,1.0],[0.8999999761581421,0.8999999761581421,0.8999999761581421],4.472086857276736e-06
[-0.008706369437277317,0.3943537175655365,-0.07931341230869293],[0.032125238329172134,0.03362469747662544,0.032532885670661926],[0.0003405249444767833,-0.00011089171312050894,0.00025987462140619755,1.0],[0.8999999761581421,0.8999999761581421,0.8999999761581421],6.517127076222096e-06
[0.022236110642552376,0.21724450588226318,-0.016708362847566605],[0.034234803169965744,0.03409809246659279,0.033536359667778015],[-8.82330205058679e-05,-4.910533789370675e-06,-6.870619108667597e-05,1.0],[0.8999999761581421,0.8999999761581421,0.8999999761581421],7.892402209108695e-05
[-0.021160900592803955,0.3124559819698334,0.09658488631248474],[0.03328540176153183,0.0330166332423687,0.032900676131248474],[-0.00028118700720369816,0.00018505800107959658,-0.0002866555005311966,1.0],[0.8999999761581421,0.8999999761581421,0.8999999761581421],1.1757649645005586e-06
[0.051626261323690414,0.14152266085147858,0.01701202802360058],[0.033879704773426056,0.03499717637896538,0.03384685888886452],[0.0003113785933237523,-3.0565930501325056e-05,0.0005349128041416407,1.0],[0.8999999761581421,0.8999999761581421,0.8999999761581421],1.1267635272815824e-05
[-0.06470932811498642,0.1413375437259674,0.037083785980939865],[0.033840980380773544,0.03481762483716011,0.03414323925971985],[0.00013951958680991083,-1.9970697394455783e-05,0.00014981887943577021,1.0],[0.8999999761581421,0.8999999761581421,0.8999999761581421],7.934936002129689e-05
[0.03285140544176102,0.20230495929718018,0.26396802067756653],[0.03529313951730728,0.033975761383771896,0.032856814563274384],[8.685476132086478e-06,0.0002720640040934086,0.00011164961324539036,1.0],[0.8999999761581421,0.8999999761581421,0.8999999761581421],2.195421802753117e-05
[-0.07153025269508362,0.42659685015678406,0.3799680173397064],[0.033412542194128036,0.03310083597898483,0.03322705253958702],[-7.425408057315508e-07,1.7356427633785643e-05,-1.643545510887634e-05,1.0],[0.8999999761581421,0.8999999761581421,0.8999999761581421],1.173876898974413e-05
[-0.04178978502750397,0.2851469814777374,-0.4142672121524811],[0.03364858031272888,0.034436170011758804,0.03468390181660652],[-2.9327244192245416e-05,-7.964915130287409e-05,8.507080201525241e-05,1.0],[0.8999999761581421,0.8999999761581421,0.8999999761581421],1.058808538800804e-05
[-0.152560293674469,0.39118701219558716,-0.21975959837436676],[0.03330179676413536,0.035100653767585754,0.034929677844047546],[-5.3561980166705325e-05,-0.0004380249883979559,0.00041466299444437027,1.0],[0.8999999761581421,0.8999999761581421,0.8999999761581421],6.931094048923114e-06
[-0.008439254015684128,0.46258994936943054,-0.16618338227272034],[0.03429846093058586,0.03419984132051468,0.03287239372730255],[0.0001490787835791707,9.657407645136118e-05,-0.00022805097978562117,1.0],[0.8999999761581421,0.8999999761581421,0.8999999761581421],4.32720526077901e-06
[0.04970845952630043,0.45256364345550537,-0.0771886482834816],[0.035314250737428665,0.03444194048643112,0.03455774858593941],[-0.00012124330532969907,0.00028108461992815137,-0.0005985104944556952,1.0],[0.8999999761581421,0.8999999761581421,0.8999999761581421],2.869852505682502e-05
[0.05974626541137695,0.29947879910469055,0.0019532812293618917],[0.03407903388142586,0.03300090879201889,0.03346538543701172],[-0.00024014533846639097,6.793819920858368e-05,-0.00010249851766275242,1.0],[0.8999999761581421,0.8999999761581421,0.8999999761581421],1.0345619557483587e-05
[0.10388830304145813,0.4039287269115448,0.089460089802742],[0.03533584624528885,0.035249173641204834,0.03458172827959061],[-1.719380816211924e-05,-1.3311484508449212e-05,-0.0001256649848073721,1.0],[0.8999999761581421,0.8999999761581421,0.8999999761581421],7.14328007234144e-06
[-0.014327673241496086,0.34582269191741943,0.16354826092720032],[0.03528232499957085,0.035114917904138565,0.034939903765916824],[4.343381442595273e-05,6.535577267641202e-05,-6.727011350449175e-05,1.0],[0.8999999761581421,0.8999999761581421,0.8999999761581421],5.964030151517363e-06
[-0.0025085315573960543,0.29065269231796265,0.20341947674751282],[0.03455357253551483,0.034261882305145264,0.034090183675289154],[1.2270105798961595e-05,2.919983489846345e-05,-4.1891649743774906e-05,1.0],[0.8999999761581421,0.8999999761581421,0.8999999761581421],4.0828035707818344e-06
[-0.08060178905725479,0.663658857345581,-0.028654050081968307],[0.034463945776224136,0.03480309993028641,0.03496859222650528],[-8.799261559033766e-05,-2.3261537762664375e-07,5.513497308129445e-05,1.0],[0.8999999761581421,0.8999999761581421,0.8999999761581421],4.494067616178654e-05
[0.247144877910614,0.3753519356250763,-0.13952553272247314],[0.035219479352235794,0.035078443586826324,0.034942686557769775],[-0.00010417696466902271,-9.665535571912187e-07,-0.00021075534459669143,1.0],[0.8999999761581421,0.8999999761581421,0.8999999761581421],5.091093044029549e-06
[0.20860475301742554,0.33619627356529236,-0.22462667524814606],[0.03442801162600517,0.033951833844184875,0.034220222383737564],[-0.00011026736319763586,-1.0722642400651239e-05,-0.00014503805141430348,1.0],[0.8999999761581421,0.8999999761581421,0.8999999761581421],1.335066099272808e-05
[0.020883671939373016,0.4704807698726654,-0.09227024763822556],[0.034558989107608795,0.03434768691658974,0.03427472338080406],[-5.532170689548366e-05,-3.954953172069509e-06,3.6420435208128765e-05,1.0],[0.8999999761581421,0.8999999761581421,0.8999999761581421],8.247992809629068e-06
[0.015783661976456642,0.3977726697921753,-0.061452191323041916],[0.03564457967877388,0.03526555001735687,0.03528532013297081],[-4.124454062548466e-05,-1.8784839994623326e-05,-8.148728375090286e-05,1.0],[0.8999999761581421,0.8999999761581421,0.8999999761581421],5.591832632489968e-06
[0.03608446568250656,0.6046961545944214,0.23950503766536713],[0.03591927886009216,0.03478660434484482,0.035095542669296265],[-6.038423816789873e-05,4.585052374750376e-05,-9.570089605404064e-05,1.0],[0.8999999761581421,0.8999999761581421,0.8999999761581421],3.1261884032574017e-06
[-0.09415362030267715,0.5830102562904358,0.18464814126491547],[0.03504495695233345,0.035002969205379486,0.034938208758831024],[-0.00010731042857514694,-1.4753065443073865e-05,-0.00013308109191711992,1.0],[0.8999999761581421,0.8999999761581421,0.8999999761581421],2.6985619115293957e-05
[0.13038207590579987,0.49133744835853577,0.2806428372859955],[0.03379170596599579,0.033498365432024,0.03350284695625305],[-1.9683075151988305e-05,3.0488210541079752e-05,-3.702452522702515e-05,1.0],[0.8999999761581421,0.8999999761581421,0.8999999761581421],2.804507312248461e-05
[0.08232368528842926,0.4628731608390808,-0.12984704971313477],[0.03468021750450134,0.034800928086042404,0.03457597643136978],[2.7430041882325895e-05,8.853467647895741e-07,-6.995943749643629e-06,1.0],[0.8999999761581421,0.8999999761581421,0.8999999761581421],5.57548992219381e-06
[-0.062364961951971054,0.5101478695869446,-0.20005863904953003],[0.035092152655124664,0.03500228375196457,0.03510090708732605],[-0.0001310073712375015,2.7104422770207748e-05,-0.0001015676389215514,1.0],[0.8999999761581421,0.8999999761581421,0.8999999761581421],3.621260111685842e-05
[-0.16207754611968994,0.734515368938446,0.059577733278274536],[0.03514761105179787,0.034722354263067245,0.035284336656332016],[-0.0002120391436619684,3.893863322446123e-05,-5.659148519043811e-05,1.0],[0.8999999761581421,0.8999999761581421,0.8999999761581421],9.925488120643422e-05
[0.0013989782892167568,0.6925766468048096,0.07646145671606064],[0.035716425627470016,0.03565952181816101,0.03562100976705551],[-3.4546235838206485e-05,2.5210831154254265e-05,-3.373234721948393e-05,1.0],[0.8999999761581421,0.8999999761581421,0.8999999761581421],9.903924365062267e-06
[-0.05301494523882866,0.8507171869277954,0.3549054265022278],[0.035292137414216995,0.034036293625831604,0.03519023582339287],[-0.0004099392390344292,5.8381800045026466e-05,-0.00041758199222385883,1.0],[0.8999999761581421,0.8999999761581421,0.8999999761581421],9.925745871441904e-06
[0.14553076028823853,0.6873306035995483,0.12883858382701874],[0.034943580627441406,0.03469416871666908,0.03498920053243637],[-0.00012291717575863004,2.0311328626121394e-05,-1.8339603684580652e-06,1.0],[0.8999999761581421,0.8999999761581421,0.8999999761581421],5.293610684020678e-06
[-0.08334668725728989,0.8053666949272156,0.42306339740753174],[0.03306945413351059,0.03304976969957352,0.032962579280138016],[1.4259275076256017e-06,4.228569650877034e-06,-7.238565103762085e-06,1.0],[0.8999999761581421,0.8999999761581421,0.8999999761581421],8.458610682282597e-05
[-0.01347925141453743,0.6558859348297119,-0.22950379550457],[0.03417442366480827,0.0339907668530941,0.034096308052539825],[-2.3937560399645008e-05,-4.7518315682282264e-07,-1.992933903238736e-05,1.0],[0.8999999761581421,0.8999999761581421,0.8999999761581421],4.395174528326606e-06
[-0.019132129848003387,0.8361831307411194,-0.05911761149764061],[0.035441409796476364,0.0351303331553936,0.035409484058618546],[-0.00019633423653431237,1.4399642168427818e-05,-0.00010110317089129239,1.0],[0.8999999761581421,0.8999999761581421,0.8999999761581421],8.522836651536636e-06
[0.18754997849464417,0.6721871495246887,-0.015862859785556793],[0.0351015105843544,0.03465575352311134,0.035024259239435196],[-0.0002820124209392816,-4.801056093128864e-06,-0.0001450474956072867,1.0],[0.8999999761581421,0.8999999761581421,0.8999999761581421],1.2435334610927384e-05
[0.006081712432205677,0.8275637626647949,0.03474190831184387],[0.03480003401637077,0.034984976053237915,0.03452758491039276],[-1.5626226741005667e-05,2.888431481551379e-05,-0.0001316994457738474,1.0],[0.8999999761581421,0.8999999761581421,0.8999999761581421],1.2765210158249829e-05
[0.08130712062120438,0.8118759393692017,0.1490902304649353],[0.03498953953385353,0.03459267318248749,0.03490413352847099],[-0.00021841783018317074,2.8068190658814274e-05,-0.00026178944972343743,1.0],[0.8999999761581421,0.8999999761581421,0.8999999761581421],9.606608728063293e-06
[-0.015381327830255032,0.8376467227935791,0.22962652146816254],[0.03491929918527603,0.03457210958003998,0.03533903509378433],[-0.00025618879590183496,-4.824031930183992e-05,-3.7262955174810486e-06,1.0],[0.8999999761581421,0.8999999761581421,0.8999999761581421],8.15742532722652e-05
[-0.07004734873771667,0.9310352802276611,0.2565532624721527],[0.03450779616832733,0.034302085638046265,0.03378462418913841],[-1.5840470950934105e-05,5.3879110055277124e-05,-1.4822278899373487e-05,1.0],[0.8999999761581421,0.8999999761581421,0.8999999761581421],2.4322143872268498e-05
[0.2931504547595978,-0.7772945761680603,0.08329256623983383],[0.031182175502181053,0.03110317885875702,0.03196360915899277],[-0.0007697659311816096,-0.0003026897902600467,0.0005951229250058532,1.0],[0.8999999761581421,0.8999999761581421,0.8999999761581421],5.2060673624509946e-05
[0.29850196838378906,-0.7801645994186401,0.04769139364361763],[0.031210431829094887,0.03155575320124626,0.031099645420908928],[0.00036131887463852763,0.0005311993299983442,0.00012217508628964424,1.0],[0.8999999761581421,0.8999999761581421,0.8999999761581421],3.149057738482952e-05
[0.12423034757375717,-0.7654004693031311,0.137562096118927],[0.030881468206644058,0.03427577391266823,0.02974708378314972],[0.0019445960642769933,0.0020799676422029734,-0.0012595345033332705,1.0000053644180298],[0.8999999761581421,0.8999999761581421,0.8999999761581421],0.0005128104821778834
[0.2198086380958557,-0.8358545303344727,-0.09789629280567169],[0.03102847747504711,0.03192506730556488,0.033199526369571686],[0.0030190586112439632,0.0017119934782385826,0.001981844427064061,1.0000118017196655],[0.8999999761581421,0.8999999761581421,0.8999999761581421],0.00032735939021222293
[0.04798059165477753,-0.855436384677887,-0.03804858773946762],[0.0318811759352684,0.0318092480301857,0.03144991025328636],[-0.003980627749115229,0.002385621890425682,-0.0014637010172009468,1.0000228881835938],[0.8999999761581421,0.8999999761581421,0.8999999761581421],0.0004373839183244854
[0.1548810452222824,-0.8940333724021912,0.011393971741199493],[0.03377971053123474,0.026101216673851013,0.034432269632816315],[-0.005465649999678135,-0.0003574269940145314,-0.0030842579435557127,1.0003670454025269],[0.8999999761581421,0.8999999761581421,0.8999999761581421],0.0008414995390921831
[0.09057687222957611,-0.8789360523223877,0.011269062757492065],[0.03203456103801727,0.02895386703312397,0.034049782902002335],[-0.005517773330211639,0.003301032120361924,-0.004551462363451719,1.0002422332763672],[0.8999999761581421,0.8999999761581421,0.8999999761581421],0.0006321847904473543
[0.16636860370635986,-0.8099011778831482,-0.006248911377042532],[0.03293789178133011,0.031161349266767502,0.03287886455655098],[0.00040454298141412437,0.0001826069928938523,-0.0007487400434911251,1.0],[0.8999999761581421,0.8999999761581421,0.8999999761581421],0.00018197984900325537
[0.20548740029335022,-0.8588675856590271,-0.09383179992437363],[0.03160453587770462,0.0318954773247242,0.03359949588775635],[0.0016914968146011233,0.00012839757255278528,-0.0009452240192331374,1.0000048875808716],[0.8999999761581421,0.8999999761581421,0.8999999761581421],4.4799744500778615e-05
[-0.00263898354023695,-0.7630870342254639,-0.06450942158699036],[0.02956354431807995,0.03363446518778801,0.02939203940331936],[-0.004269981756806374,-0.0026598318945616484,0.0036062838044017553,1.0000873804092407],[0.8999999761581421,0.8999999761581421,0.8999999761581421],0.000756838358938694
[0.06512764096260071,-0.8202055096626282,0.08553841710090637],[0.03352206572890282,0.03288516774773598,0.032465655356645584],[-0.0008432224858552217,0.00018275489856023341,0.0007508466369472444,0.9999997019767761],[0.8999999761581421,0.8999999761581421,0.8999999761581421],0.0007306307670660317
[0.057035233825445175,-0.7365343570709229,0.10049641132354736],[0.03067072480916977,0.032571230083703995,0.03239484131336212],[0.0006629799026995897,8.677559526404366e-05,0.002520651323720813,1.0000028610229492],[0.8999999761581421,0.8999999761581421,0.8999999761581421],0.0007170863100327551
[0.22486798465251923,-0.7780971527099609,0.12581583857536316],[0.03094489313662052,0.03240213543176651,0.03270445391535759],[-0.0003973030543420464,-0.0027989400550723076,-0.0017042193794623017,1.0000072717666626],[0.8999999761581421,0.8999999761581421,0.8999999761581421],0.00023026790586300194
[-0.025492068380117416,-0.43023982644081116,-0.10702720284461975],[0.03120545856654644,0.03236907348036766,0.03465557098388672],[-7.101766823325306e-05,0.0012202687794342637,-0.00028116069734096527,1.0],[0.8999999761581421,0.8999999761581421,0.8999999761581421],9.803006832953542e-05
[0.1998368352651596,-0.6749765872955322,-0.14781180024147034],[0.03166588395833969,0.03394879400730133,0.03332850709557533],[0.0007297777920030057,0.000238816806813702,0.0001342178147751838,0.9999987483024597],[0.8999999761581421,0.8999999761581421,0.8999999761581421],0.0003058874572161585
[0.04983595386147499,-0.6803167462348938,-0.11708616465330124],[0.02955460362136364,0.03362694010138512,0.03256838768720627],[0.0018775013741105795,-0.005043210461735725,-0.0046628545969724655,1.0001145601272583],[0.8999999761581421,0.8999999761581421,0.8999999761581421],0.000614204618614167
[0.05587184429168701,-0.657434344291687,-0.02222537063062191],[0.030549656599760056,0.03332079201936722,0.02937026508152485],[-0.00337520451284945,0.0023710099048912525,0.0018210115376859903,1.0000299215316772],[0.8999999761581421,0.8999999761581421,0.8999999761581421],0.0007453174912370741
[0.1207430437207222,-0.6688010692596436,0.16152149438858032],[0.032331351190805435,0.03366657719016075,0.028185121715068817],[-0.0004744701145682484,-0.001455825287848711,-0.0017435670597478747,0.9999979138374329],[0.8999999761581421,0.8999999761581421,0.8999999761581421],0.0008901382680051029
[0.15706217288970947,-0.6897850632667542,0.049662452191114426],[0.0323290079832077,0.032993026077747345,0.03363578021526337],[-0.0004717483534477651,0.0006833336083218455,-0.0005581971490755677,1.0],[0.8999999761581421,0.8999999761581421,0.8999999761581421],7.446412200806662e-05
[0.1629127860069275,-0.5257317423820496,-0.17801648378372192],[0.03068302571773529,0.032932307571172714,0.03493821248412132],[0.00018080772133544087,-0.0004268324701115489,0.0005876055220142007,1.0],[0.8999999761581421,0.8999999761581421,0.8999999761581421],0.00012905936455354095
[0.17036636173725128,-0.43368905782699585,-0.17711561918258667],[0.03031063638627529,0.033331483602523804,0.03317529335618019],[0.0008906013099476695,-0.0022092058788985014,-0.003263148246333003,1.000015377998352],[0.8999999761581421,0.8999999761581421,0.8999999761581421],0.00029149666079320014
[0.11831329017877579,-0.5128070116043091,-0.06172138452529907],[0.033273227512836456,0.0332866907119751,0.03486653044819832],[-0.00020780356135219336,-0.0005156968836672604,0.0007249740883708,0.9999984502792358],[0.8999999761581421,0.8999999761581421,0.8999999761581421],0.0004507121630012989
[0.06053007394075394,-0.6121954321861267,-0.08220802992582321],[0.033691566437482834,0.03280042111873627,0.033725935965776443],[0.0005091730854474008,0.0006747395382262766,-0.0013437839224934578,0.9999996423721313],[0.8999999761581421,0.8999999761581421,0.8999999761581421],0.0007178091327659786
[0.1662096083164215,-0.5958130955696106,0.13855907320976257],[0.033579062670469284,0.033951226621866226,0.03412633016705513],[-0.0003759186656679958,-0.002810972509905696,0.0010279098059982061,1.0000072717666626],[0.8999999761581421,0.8999999761581421,0.8999999761581421],0.0006491502863354981
[-0.04674366116523743,-0.45932331681251526,0.07980769127607346],[0.031023738905787468,0.03145824745297432,0.03278438374400139],[9.305837738793343e-05,6.54321484034881e-05,0.00018768660083878785,1.0],[0.8999999761581421,0.8999999761581421,0.8999999761581421],6.157666211947799e-05
[0.14696118235588074,-0.40410715341567993,0.2536192536354065],[0.028058959171175957,0.031628575176000595,0.027499409392476082],[-0.0017885157139971852,0.00030276982579380274,-0.001811063615605235,1.0000027418136597],[0.8999999761581421,0.8999999761581421,0.8999999761581421],2.3621962100150995e-05
[0.13957397639751434,-0.3260699212551117,-0.20340292155742645],[0.03251047804951668,0.03247303515672684,0.0323653481900692],[-9.07173307496123e-05,3.92604160879273e-05,5.241154212853871e-05,1.0],[0.8999999761581421,0.8999999761581421,0.8999999761581421],3.117926826234907e-05
[0.11970116943120956,-0.3434542119503021,-0.1852259784936905],[0.03395889326930046,0.032959599047899246,0.031971678137779236],[-0.0008950180490501225,0.0018895320827141404,0.0013607097789645195,1.0000020265579224],[0.8999999761581421,0.8999999761581421,0.8999999761581421],0.00018775351054500788
[0.10579394549131393,-0.37619268894195557,-0.05862488970160484],[0.03131835535168648,0.032499611377716064,0.029812678694725037],[0.0008360701031051576,0.0008847332210280001,-0.0005078857066109776,0.999998152256012],[0.8999999761581421,0.8999999761581421,0.8999999761581421],0.0005965971504338086
[0.05568002909421921,-0.44536828994750977,0.02241731621325016],[0.03217829391360283,0.02933705784380436,0.03371863439679146],[0.0018839571857824922,-0.00016510266868863255,0.001718088868074119,1.0000056028366089],[0.8999999761581421,0.8999999761581421,0.8999999761581421],0.0006598003092221916
[0.08873623609542847,-0.45550477504730225,0.08617516607046127],[0.03318817913532257,0.027403227984905243,0.033234864473342896],[0.005825635511428118,-0.0002859195810742676,0.0034974555019289255,1.00018310546875],[0.8999999761581421,0.8999999761581421,0.8999999761581421],0.0006129630492068827
[0.006869723554700613,-0.49178579449653625,0.058209773153066635],[0.032039958983659744,0.031070707365870476,0.03431164100766182],[0.0004828334494959563,0.0005074290675111115,-0.001097825006581843,1.0],[0.8999999761581421,0.8999999761581421,0.8999999761581421],0.0002162241580663249
[0.09499657899141312,-0.1686525046825409,-0.27846065163612366],[0.03260302171111107,0.033956121653318405,0.033115606755018234],[2.277370549563784e-05,-5.3801982176082674e-06,7.353357068495825e-05,1.0],[0.8999999761581421,0.8999999761581421,0.8999999761581421],7.566887506982312e-05
[0.1514938324689865,-0.27110275626182556,-0.2834770679473877],[0.03207738324999809,0.03282436355948448,0.033031124621629715],[-0.00024846274754963815,0.00027483623125590384,0.0020040208473801613,1.0000004768371582],[0.8999999761581421,0.8999999761581421,0.8999999761581421],0.00018543895566836
[0.051673438400030136,-0.2914380133152008,-0.17927314341068268],[0.03311930596828461,0.0328788235783577,0.03312494605779648],[-0.0001371788530377671,-0.00033109838841482997,0.0004233973450027406,1.0],[0.8999999761581421,0.8999999761581421,0.8999999761581421],0.00016539082571398467
[0.01063920184969902,-0.22033452987670898,-0.12161345779895782],[0.03374050557613373,0.03318595141172409,0.032831501215696335],[-0.0004852372803725302,0.00019115585018880665,0.00028766915784217417,1.0],[0.8999999761581421,0.8999999761581421,0.8999999761581421],0.00024753951583988965
[0.10791102796792984,-0.1967533528804779,-0.05160186439752579],[0.03263651952147484,0.033624064177274704,0.03316423296928406],[0.0010332888923585415,-6.637145270360634e-05,-0.00016044963558670133,1.0],[0.8999999761581421,0.8999999761581421,0.8999999761581421],0.00016187730943784118
[-0.0128866508603096,-0.3542179763317108,0.11843784153461456],[0.03379695117473602,0.032563649117946625,0.03414921090006828],[0.00012119221355533227,0.0001660380803514272,-0.00010547572310315445,1.0],[0.8999999761581421,0.8999999761581421,0.8999999761581421],0.00013533230230677873
[0.20549723505973816,-0.1655299961566925,0.07513143867254257],[0.03300397843122482,0.03400842845439911,0.03289548680186272],[-0.00027328167925588787,-0.0003656477201730013,0.00010082186781801283,1.0],[0.8999999761581421,0.8999999761581421,0.8999999761581421],2.7294048777548596e-05
[0.12673763930797577,-0.3392300605773926,0.11753255128860474],[0.03114902228116989,0.032432422041893005,0.03310520946979523],[0.00016228754248004407,-0.0014225621707737446,0.000922952953260392,1.0],[0.8999999761581421,0.8999999761581421,0.8999999761581421],8.071993943303823e-05
[0.1829947978258133,-0.2875824570655823,0.3005024790763855],[0.032910093665122986,0.03303713724017143,0.03169655054807663],[-0.00011165250180056319,0.00013518671039491892,-0.00013856503937859088,1.0],[0.8999999761581421,0.8999999761581421,0.8999999761581421],1.2153538591519464e-05
[0.06393074989318848,-0.07930170744657516,-0.36103036999702454],[0.0306873619556427,0.03390885517001152,0.033406954258680344],[0.0009805014124140143,-5.107537435833365e-05,-0.00011989557242486626,1.0],[0.8999999761581421,0.8999999761581421,0.8999999761581421],1.465384502807865e-05
[0.09981689602136612,-0.10391540825366974,-0.1383177936077118],[0.032976966351270676,0.03431623801589012,0.03417941555380821],[-3.530147751007462e-06,7.870111585361883e-05,0.000175402412423864,1.0],[0.8999999761581421,0.8999999761581421,0.8999999761581421],8.602674643043429e-05
[0.09019967168569565,-0.21662619709968567,-0.18638338148593903],[0.03331045061349869,0.03379182144999504,0.03130262717604637],[0.001713508041575551,0.0021062581799924374,-0.0003624301461968571,1.0000035762786865],[0.8999999761581421,0.8999999761581421,0.8999999761581421],0.00025137673947028816
[0.04785335808992386,-0.17318668961524963,-0.17165426909923553],[0.033852480351924896,0.03305358067154884,0.032373517751693726],[0.0009497096762061119,0.001163913169875741,-0.00010226153244730085,0.9999999403953552],[0.8999999761581421,0.8999999761581421,0.8999999761581421],0.00024227515677921474
[0.04160085320472717,-0.12433871626853943,-0.09010915458202362],[0.03183086961507797,0.031922198832035065,0.033230703324079514],[-0.0009055163245648146,-0.0008911304175853729,-0.0001003191719064489,1.0],[0.8999999761581421,0.8999999761581421,0.8999999761581421],0.00024054232926573604
[-0.013723274692893028,-0.10171240568161011,0.0737188383936882],[0.03346242383122444,0.032855693250894547,0.03262731060385704],[-4.666669337893836e-05,-4.2536128603387624e-05,9.403940453012183e-07,1.0],[0.8999999761581421,0.8999999761581421,0.8999999761581421],0.0001403252244926989
[0.08624408394098282,-0.07653288543224335,0.058339495211839676],[0.03354984149336815,0.033210497349500656,0.033634357154369354],[0.00015817125677131116,-2.050422153843101e-05,5.7810564612736925e-05,1.0],[0.8999999761581421,0.8999999761581421,0.8999999761581421],7.90298217907548e-05
[0.13144691288471222,-0.1366957128047943,0.11090180277824402],[0.03246578946709633,0.034057654440402985,0.03478167578577995],[4.0773879845801275e-06,0.001488023204728961,0.0004943939275108278,1.0],[0.8999999761581421,0.8999999761581421,0.8999999761581421],8.387085108552128e-05
[0.08652545511722565,-0.17401835322380066,0.11892490833997726],[0.03413153067231178,0.034465644508600235,0.03444182500243187],[-6.019004104018677e-06,0.0001518909411970526,1.2819347830372863e-05,1.0],[0.8999999761581421,0.8999999761581421,0.8999999761581421],9.622221841709688e-05
[0.1059466004371643,-0.222303107380867,-0.25112220644950867],[0.03238225728273392,0.03254745155572891,0.03264482319355011],[-6.25897746431292e-06,4.767798600369133e-06,2.4618333554826677e-05,1.0],[0.8999999761581421,0.8999999761581421,0.8999999761581421],8.486097794957459e-05
[0.12898609042167664,-0.17706355452537537,-0.1801740527153015],[0.033437762409448624,0.031252190470695496,0.032154276967048645],[-0.0002984472084790468,0.00020233436953276396,-5.354961467674002e-05,1.0],[0.8999999761581421,0.8999999761581421,0.8999999761581421],8.501984848408028e-05
[0.1109452098608017,-0.09675081074237823,-0.14534233510494232],[0.032489798963069916,0.03199528902769089,0.03271520137786865],[0.00010617486987030134,-6.16146280663088e-05,5.353691449272446e-05,1.0],[0.8999999761581421,0.8999999761581421,0.8999999761581421],0.00011690591782098636
[0.14326879382133484,-0.014098767191171646,-0.112022764980793],[0.034262385219335556,0.029205763712525368,0.03333810344338417],[0.0037154240999370813,-0.00027172290720045567,0.0034006850328296423,1.000033974647522],[0.8999999761581421,0.8999999761581421,0.8999999761581421],0.00025037804152816534
[0.05392840877175331,-0.060657817870378494,0.000548533396795392],[0.03367777168750763,0.03260413557291031,0.03167279064655304],[0.0014335752930492163,0.0015790978213772178,0.0003880291769746691,1.000001072883606],[0.8999999761581421,0.8999999761581421,0.8999999761581421],8.91873860382475e-05
[0.03675262629985809,-0.0515655092895031,0.16547644138336182],[0.033004652708768845,0.0327330157160759,0.0329192616045475],[-3.083449701080099e-05,5.252446862868965e-05,3.816394746536389e-05,1.0],[0.8999999761581421,0.8999999761581421,0.8999999761581421],8.897863881429657e-05
[0.03972306102514267,-0.059153418987989426,0.18031300604343414],[0.033423639833927155,0.03302986919879913,0.033129654824733734],[-1.804816201911308e-05,-0.00010486991959623992,0.00011926036677323282,1.0],[0.8999999761581421,0.8999999761581421,0.8999999761581421],9.07333378563635e-05
[0.057912565767765045,-0.10154751688241959,0.12301105260848999],[0.033626802265644073,0.03378598764538765,0.03414836898446083],[-4.418487515067682e-05,3.7476282159332186e-05,2.9742617698502727e-05,1.0],[0.8999999761581421,0.8999999761581421,0.8999999761581421],9.466491610510275e-05
[0.07896070182323456,0.10646871477365494,0.271468847990036],[0.03468526527285576,0.0343986339867115,0.034326158463954926],[8.136607357300818e-05,-9.035868424689397e-05,-7.911874854471534e-05,1.0],[0.8999999761581421,0.8999999761581421,0.8999999761581421],3.970993930124678e-05
[0.017206748947501183,0.1262560486793518,0.3753739893436432],[0.03346806764602661,0.03404482454061508,0.03394179046154022],[1.1877218639710918e-05,1.8256419934914447e-05,0.0002163033204851672,1.0],[0.8999999761581421,0.8999999761581421,0.8999999761581421],1.1212880963284988e-05
[0.1088511273264885,-0.06131657585501671,-0.19418255984783173],[0.031519245356321335,0.03420502692461014,0.03456389531493187],[7.297290721908212e-06,0.0002857209474314004,0.00046620608191005886,1.0],[0.8999999761581421,0.8999999761581421,0.8999999761581421],5.8864359743893147e-05
[-0.03436709940433502,-0.10665366798639297,-0.21199464797973633],[0.032098788768053055,0.030650978907942772,0.030973348766565323],[0.0008391636656597257,-0.0005118927219882607,0.0002955154050141573,1.0],[0.8999999761581421,0.8999999761581421,0.8999999761581421],9.829633927438408e-05
[0.11863525211811066,0.11021406203508377,-0.145223930478096],[0.03404546156525612,0.0340975821018219,0.03410385921597481],[1.5370891560451128e-05,-0.00013460552145261317,1.5766374417580664e-05,1.0],[0.8999999761581421,0.8999999761581421,0.8999999761581421],9.478011634200811e-05
[0.0780055969953537,-0.002184990094974637,-0.015603525564074516],[0.03295532613992691,0.03312390670180321,0.0341959185898304],[0.00011664244084386155,-4.3188396375626326e-05,0.00012839052942581475,1.0],[0.8999999761581421,0.8999999761581421,0.8999999761581421],4.0782302676234394e-05
[0.05920771136879921,0.006831871811300516,0.07920091599225998],[0.03388148918747902,0.03326244652271271,0.0341925323009491],[-0.00044194611837156117,-3.6282486689742655e-05,-0.00015060145233292133,1.0],[0.8999999761581421,0.8999999761581421,0.8999999761581421],5.509916809387505e-05
[0.07871415466070175,-0.049238353967666626,0.14699621498584747],[0.034331317991018295,0.03351067751646042,0.033237483352422714],[6.953043225621514e-07,-3.154025398544036e-05,-0.0001863348443293944,1.0],[0.8999999761581421,0.8999999761581421,0.8999999761581421],7.41194817237556e-05
[0.0620906688272953,-0.06079874187707901,0.26903265714645386],[0.03336871415376663,0.033547576516866684,0.033781200647354126],[-0.00019732538203243166,-2.9178481781855226e-05,-0.00010689599002944306,1.0],[0.8999999761581421,0.8999999761581421,0.8999999761581421],2.2699380224366905e-06
[0.008625772781670094,0.1899118423461914,0.24457472562789917],[0.03332687169313431,0.03334841877222061,0.03382166102528572],[-7.621131226187572e-05,-7.552267925348133e-05,-9.671972520663985e-07,1.0],[0.8999999761581421,0.8999999761581421,0.8999999761581421],7.615277718286961e-05
[0.07750282436609268,0.05636242404580116,0.2701149582862854],[0.03356869891285896,0.034185558557510376,0.03447072580456734],[-5.39242937520612e-05,9.014785609906539e-05,-6.934926204849035e-05,1.0],[0.8999999761581421,0.8999999761581421,0.8999999761581421],7.983782415976748e-05
[0.20459777116775513,0.17031872272491455,-0.2372521162033081],[0.03441786766052246,0.03505099564790726,0.03484044596552849],[-6.210533229022985e-06,-1.604875251359772e-05,-2.847581072273897e-06,1.0],[0.8999999761581421,0.8999999761581421,0.8999999761581421],8.130985224852338e-05
[0.08645026385784149,0.23358987271785736,-0.235807865858078],[0.03544830530881882,0.03516089916229248,0.0346255898475647],[4.71676466986537e-05,-2.2822394385002553e-05,-1.4563250260835048e-05,1.0],[0.8999999761581421,0.8999999761581421,0.8999999761581421],4.0734066715231165e-06
[0.026007305830717087,0.3602225184440613,0.08915535360574722],[0.034049589186906815,0.03410133346915245,0.03427152335643768],[-0.0002016046637436375,2.1866582756047137e-05,-2.6870364308706485e-05,1.0],[0.8999999761581421,0.8999999761581421,0.8999999761581421],2.1796646251459606e-05
[-0.08589902520179749,0.2860988974571228,0.056664127856492996],[0.033740054816007614,0.03411693498492241,0.03453507274389267],[-0.0003416309191379696,-7.55532382754609e-05,5.4299562179949135e-05,1.0],[0.8999999761581421,0.8999999761581421,0.8999999761581421],5.2652761951321736e-05
[0.0789492279291153,0.22180567681789398,0.023870762437582016],[0.03491981700062752,0.0348958745598793,0.03471222519874573],[1.5365530998678878e-05,9.851327922660857e-05,-8.154518582159653e-05,1.0],[0.8999999761581421,0.8999999761581421,0.8999999761581421],3.09223787553492e-06
[0.08819937705993652,0.18115729093551636,0.059676699340343475],[0.03403963893651962,0.03429930657148361,0.034890756011009216],[-0.00013739314454142004,6.8036442826269194e-06,-7.694714440731332e-05,1.0],[0.8999999761581421,0.8999999761581421,0.8999999761581421],0.00010767798812594265
[-0.028341900557279587,0.22141817212104797,0.2785881459712982],[0.033599816262722015,0.030901575461030006,0.028469864279031754],[-0.00042326987022534013,-0.0008684595231898129,6.809883052483201e-05,1.0000001192092896],[0.8999999761581421,0.8999999761581421,0.8999999761581421],1.0892507816606667e-05
[0.08272458612918854,0.12624071538448334,0.1420697569847107],[0.034980081021785736,0.03472243621945381,0.03279753401875496],[4.647074456443079e-05,-5.0644415750866756e-05,2.025375943048857e-05,1.0],[0.8999999761581421,0.8999999761581421,0.8999999761581421],8.403538231505081e-05
[0.16417302191257477,0.33256587386131287,-0.2521528899669647],[0.034626517444849014,0.0352078340947628,0.03499562665820122],[-5.0359161832602695e-05,-9.081318421522155e-05,0.00013261566346045583,1.0],[0.8999999761581421,0.8999999761581421,0.8999999761581421],6.982083505135961e-06
[0.09466429054737091,0.5176840424537659,-0.16711536049842834],[0.0334247425198555,0.034607332199811935,0.034471601247787476],[0.0001715126563794911,-4.7688099584775046e-05,0.00037630650331266224,1.0],[0.8999999761581421,0.8999999761581421,0.8999999761581421],2.3109134872356663e-06
[0.12469170242547989,0.39003199338912964,-0.02723846770823002],[0.0333055779337883,0.033507850021123886,0.03306204825639725],[-9.768154995981604e-06,4.479591370909475e-05,1.1100107258243952e-05,1.0],[0.8999999761581421,0.8999999761581421,0.8999999761581421],8.946788511821069e-06
[-0.01224913727492094,0.3591162860393524,0.08963024616241455],[0.03329557552933693,0.033438652753829956,0.03358029946684837],[-0.0007046291138976812,-4.8832538595888764e-05,-0.0002567918854765594,1.0],[0.8999999761581421,0.8999999761581421,0.8999999761581421],4.197206362732686e-05
[-0.0958854928612709,0.2939895987510681,0.1660148799419403],[0.03413204103708267,0.03312796354293823,0.033119864761829376],[-4.913759767077863e-06,2.3958202291396447e-05,-1.2715458069578744e-05,1.0],[0.8999999761581421,0.8999999761581421,0.8999999761581421],1.3956674592918716e-05
[0.14687426388263702,0.026958348229527473,0.20089632272720337],[0.03495560958981514,0.0345914252102375,0.033501382917165756],[0.0002242320915684104,-3.9120481233112514e-05,-4.750566586153582e-05,1.0],[0.8999999761581421,0.8999999761581421,0.8999999761581421],1.8530843590269797e-05
[0.05247718468308449,0.4867861568927765,-0.23985831439495087],[0.03480224311351776,0.03480048477649689,0.03358310088515282],[0.0005786861293017864,0.00021122941689100116,2.691852205316536e-05,1.0],[0.8999999761581421,0.8999999761581421,0.8999999761581421],4.2946623580064625e-05
[-0.09341204166412354,0.46402668952941895,-0.14524227380752563],[0.0348682664334774,0.03448522463440895,0.03351011872291565],[0.00022222800180315971,0.00014140518032945693,-0.0003403676673769951,1.0],[0.8999999761581421,0.8999999761581421,0.8999999761581421],3.1684263376519084e-05
[-0.10866012424230576,0.504150927066803,-0.003415257204324007],[0.03416963666677475,0.03444432467222214,0.034788377583026886],[-0.0003005252801813185,-4.29134706791956e-05,2.2424648705055006e-05,1.0],[0.8999999761581421,0.8999999761581421,0.8999999761581421],5.3954674513079226e-05
[0.1669066697359085,0.31204313039779663,-0.09441515803337097],[0.03223472088575363,0.03395479544997215,0.03360304608941078],[0.0001028647820930928,-0.0002231420367024839,0.0003117488231509924,1.0],[0.8999999761581421,0.8999999761581421,0.8999999761581421],3.324537146909279e-06
[-0.0012076622806489468,0.37340182065963745,0.12700128555297852],[0.034036729484796524,0.03422701731324196,0.03413563221693039],[-9.163637150777504e-05,-3.5633180232252926e-05,-1.1654386071313638e-05,1.0],[0.8999999761581421,0.8999999761581421,0.8999999761581421],4.077230914845131e-05
[0.028888676315546036,0.3837188184261322,0.09074815362691879],[0.03485528752207756,0.034588273614645004,0.03510800004005432],[-0.0001211069175042212,1.0116581506736111e-05,-5.175549813429825e-05,1.0],[0.8999999761581421,0.8999999761581421,0.8999999761581421],3.1107811082620174e-05
[-0.011896062642335892,0.3361213207244873,0.18578091263771057],[0.03505449742078781,0.03528689220547676,0.035024285316467285],[-4.041329520987347e-05,5.08977018398582e-06,-1.9956210962845944e-05,1.0],[0.8999999761581421,0.8999999761581421,0.8999999761581421],2.8184192615299253e-06
[0.12468168884515762,0.2976488769054413,0.19322633743286133],[0.034699585288763046,0.035008370876312256,0.03411675617098808],[0.00014404069224838167,2.461515941831749e-05,6.022367415425833e-06,1.0],[0.8999999761581421,0.8999999761581421,0.8999999761581421],1.816861731640529e-05
[0.13648806512355804,0.46960118412971497,-0.23652857542037964],[0.03467780724167824,0.03540416806936264,0.03480151668190956],[0.00019448879174888134,5.873217560292687e-06,9.772449266165495e-05,1.0],[0.8999999761581421,0.8999999761581421,0.8999999761581421],3.610661678976612e-06
[-0.03087613545358181,0.6385365724563599,-0.13464750349521637],[0.034850820899009705,0.034438904374837875,0.03457018360495567],[-9.415412932867184e-05,1.4497396477963775e-05,-0.00013331590162124485,1.0],[0.8999999761581421,0.8999999761581421,0.8999999761581421],3.762193591683172e-05
[0.11624468117952347,0.444491982460022,-0.10372854024171829],[0.03475427255034447,0.03193925693631172,0.03472569212317467],[-0.0003986997180618346,6.647886038990691e-06,-0.0007606662693433464,1.0],[0.8999999761581421,0.8999999761581421,0.8999999761581421],6.497447884612484e-06
[0.03482989966869354,0.398548424243927,-0.17489637434482574],[0.034488312900066376,0.035212766379117966,0.03476893901824951],[7.75158332544379e-05,-3.2604122679913417e-05,0.0001349824742646888,1.0],[0.8999999761581421,0.8999999761581421,0.8999999761581421],2.443780886096647e-06
[0.08043202012777328,0.3150358200073242,-0.05377552658319473],[0.03484422340989113,0.035331133753061295,0.034537918865680695],[0.00033535913098603487,-3.0063880330999382e-05,2.2872043700772338e-05,1.0],[0.8999999761581421,0.8999999761581421,0.8999999761581421],1.9373152099433355e-05
[0.0031819178257137537,0.5415018200874329,0.1681683510541916],[0.03474012017250061,0.03513102978467941,0.0350886769592762],[2.9204906240920536e-05,-6.1910745898785535e-06,3.84931372536812e-05,1.0],[0.8999999761581421,0.8999999761581421,0.8999999761581421],5.0568949518492445e-05
[-0.022811150178313255,0.5108823180198669,0.33004051446914673],[0.03477649763226509,0.03496590256690979,0.03462035208940506],[3.8421512726927176e-05,3.303207267890684e-05,-2.0901939933537506e-05,1.0],[0.8999999761581421,0.8999999761581421,0.8999999761581421],2.655297976161819e-05
[0.13102449476718903,0.5573612451553345,-0.13123585283756256],[0.03529853746294975,0.03412071615457535,0.03494537994265556],[-2.8578431283676764e-06,1.0197631127084605e-05,-1.5665207683923654e-05,1.0],[0.8999999761581421,0.8999999761581421,0.8999999761581421],5.570273788180202e-05
[0.2090485841035843,0.37924808263778687,-0.07075898349285126],[0.03509130701422691,0.03514181450009346,0.0353841558098793],[-0.0001379166351398453,-4.526488919509575e-05,-5.126010728417896e-05,1.0],[0.8999999761581421,0.8999999761581421,0.8999999761581421],8.8433240307495e-05
[0.24662959575653076,0.503443717956543,-0.14472313225269318],[0.03510043025016785,0.03485530987381935,0.03469124808907509],[-2.53884463745635e-05,2.6185420210822485e-05,-5.70868760405574e-05,1.0],[0.8999999761581421,0.8999999761581421,0.8999999761581421],1.376581053591508e-06
[0.0914423018693924,0.6055386662483215,0.04067087918519974],[0.035630516707897186,0.03550843521952629,0.03471679985523224],[0.00021306519920472056,0.0001342300820397213,-0.00012492781388573349,1.0],[0.8999999761581421,0.8999999761581421,0.8999999761581421],4.586313298204914e-05
[0.06805796921253204,0.7571732401847839,0.2360161989927292],[0.035335175693035126,0.03480909392237663,0.03477447107434273],[7.072352309478447e-05,0.00010372249380452558,-0.00012016559048788622,1.0],[0.8999999761581421,0.8999999761581421,0.8999999761581421],9.816055535338819e-05
[0.11661376059055328,0.5333906412124634,0.20420248806476593],[0.03397352620959282,0.033966854214668274,0.03386645391583443],[8.17297950561624e-06,3.923301846953109e-06,-1.1957869901380036e-05,1.0],[0.8999999761581421,0.8999999761581421,0.8999999761581421],3.8873964513186365e-05
[0.14619401097297668,0.6954829096794128,-0.01064026914536953],[0.03499620780348778,0.03490405157208443,0.035007379949092865],[-0.0001699219283182174,1.2204303857288323e-05,-4.420182449393906e-05,1.0],[0.8999999761581421,0.8999999761581421,0.8999999761581421],1.108364995161537e-05
[0.0749552845954895,0.6579620838165283,-0.056666627526283264],[0.03513370454311371,0.03499225527048111,0.034706972539424896],[5.8581845223670825e-05,2.4219483748311177e-05,-6.689538713544607e-05,1.0],[0.8999999761581421,0.8999999761581421,0.8999999761581421],3.796456439886242e-05
[-0.05855303630232811,0.7095084190368652,0.20081375539302826],[0.034941595047712326,0.03489314764738083,0.03441358730196953],[2.3453080757462885e-06,2.8390968509484082e-05,-1.4469934285443742e-05,1.0],[0.8999999761581421,0.8999999761581421,0.8999999761581421],0.00010039475455414504
[0.1033703088760376,-0.8262473344802856,-0.11079148948192596],[0.028922855854034424,0.030567102134227753,0.03090209886431694],[0.0014308164827525616,-0.002551841549575329,0.0016649503959342837,1.000006079673767],[0.8999999761581421,0.8999999761581421,0.8999999761581421],0.00035105718416161835
[0.10017289966344833,-0.6963343024253845,0.14741112291812897],[0.033166591078042984,0.03161989524960518,0.031887877732515335],[-3.7685134884668514e-05,0.00024551627575419843,-0.0007379200542345643,1.0],[0.8999999761581421,0.8999999761581421,0.8999999761581421],0.0001175623619928956
[0.1253451704978943,-0.7290698289871216,-0.0033735139295458794],[0.031912386417388916,0.03101576305925846,0.0293248500674963],[-0.0006474707624875009,0.001909203128889203,0.00016601840616203845,1.0000016689300537],[0.8999999761581421,0.8999999761581421,0.8999999761581421],0.0003484420303720981
[0.13189242780208588,-0.8597472906112671,0.07169720530509949],[0.03240050747990608,0.03135035187005997,0.03290961682796478],[-0.0028547728434205055,0.0019997619092464447,-0.0018327607540413737,1.0000125169754028],[0.8999999761581421,0.8999999761581421,0.8999999761581421],0.000449923041742295
[0.194869726896286,-0.8896138668060303,-0.04539698734879494],[0.03125439211726189,0.025630727410316467,0.036331988871097565],[0.002992908703163266,0.0027440099511295557,0.004868668504059315,1.0001006126403809],[0.8999999761581421,0.8999999761581421,0.8999999761581421],0.0002615702396724373
[0.09701523184776306,-0.8760494589805603,-0.057679738849401474],[0.032033246010541916,0.029136840254068375,0.031806111335754395],[0.005842134356498718,-0.0028398928698152304,-0.004316362552344799,1.0002332925796509],[0.8999999761581421,0.8999999761581421,0.8999999761581421],0.0005789813585579395
[0.23707088828086853,-0.870161771774292,0.006764278747141361],[0.03238343074917793,0.029205597937107086,0.033012762665748596],[0.00037598656490445137,0.0013215544167906046,0.006148581393063068,1.0003666877746582],[0.8999999761581421,0.8999999761581421,0.8999999761581421],0.0006895073456689715
[0.2388133406639099,-0.8544713258743286,0.05523550137877464],[0.03200001269578934,0.031202441081404686,0.03302643448114395],[-0.002870092401280999,-6.912778917467222e-05,0.004999083932489157,1.0000627040863037],[0.8999999761581421,0.8999999761581421,0.8999999761581421],0.00040836824337020516
[0.1996733546257019,-0.8029213547706604,0.09941425919532776],[0.030638378113508224,0.031017128378152847,0.033933188766241074],[-0.00039092652150429785,-0.001615648390725255,-0.0004666961613111198,1.0],[0.8999999761581421,0.8999999761581421,0.8999999761581421],8.772426554060075e-06
[0.13711968064308167,-0.6935102939605713,0.15905101597309113],[0.02986965700984001,0.0325663760304451,0.03333667665719986],[-0.00013228849275037646,-0.0004194493521936238,-0.0001770575763657689,1.0],[0.8999999761581421,0.8999999761581421,0.8999999761581421],3.5260811273474246e-05
[0.27839863300323486,-0.6450586915016174,-0.09423194825649261],[0.03284969925880432,0.03219868615269661,0.03349955007433891],[0.00021148283849470317,0.0006834924570284784,0.00020126502204220742,1.0],[0.8999999761581421,0.8999999761581421,0.8999999761581421],5.7731635024538264e-05
[0.1874578893184662,-0.8572136163711548,-0.10619548708200455],[0.031673166900873184,0.03135256469249725,0.030183831229805946],[-0.0024178139865398407,-0.0029747223015874624,0.001993547659367323,1.0000146627426147],[0.8999999761581421,0.8999999761581421,0.8999999761581421],0.0007032983121462166
[0.28919148445129395,-0.8025675415992737,0.052054569125175476],[0.029726648703217506,0.03251103311777115,0.03321518748998642],[-0.002370763337239623,-0.004244083072990179,-0.004483997821807861,1.0000981092453003],[0.8999999761581421,0.8999999761581421,0.8999999761581421],0.0006492122774943709
[0.262482225894928,-0.7314772009849548,0.14209109544754028],[0.03318147733807564,0.03234993666410446,0.03319563716650009],[0.003589148633182049,-0.00033493409864604473,0.0009498659055680037,1.0000076293945312],[0.8999999761581421,0.8999999761581421,0.8999999761581421],0.0007161225657910109
[0.22880803048610687,-0.6951367855072021,0.11395851522684097],[0.030735809355974197,0.03225924074649811,0.033259227871894836],[-0.0012659135973080993,-0.002567213261500001,0.0007407855591736734,1.000008463859558],[0.8999999761581421,0.8999999761581421,0.8999999761581421],0.00035896763438358903
[0.3034221827983856,-0.5757631659507751,0.19016899168491364],[0.029299238696694374,0.028609927743673325,0.03167436271905899],[0.00035675245453603566,-0.0009330140892416239,-0.00045652707922272384,1.0],[0.8999999761581421,0.8999999761581421,0.8999999761581421],9.127176599577069e-05
[0.4093690812587738,-0.4992526173591614,-0.165655717253685],[0.034894656389951706,0.03395332023501396,0.03528067469596863],[3.5748274967772886e-05,-0.0003307043225504458,-7.25486534065567e-05,1.0],[0.8999999761581421,0.8999999761581421,0.8999999761581421],3.535938958521001e-06
[0.17841961979866028,-0.6740111112594604,-0.09999443590641022],[0.03153083845973015,0.03245936334133148,0.03344862163066864],[0.0019040204351767898,-0.004453746601939201,-0.0012722181854769588,1.0000226497650146],[0.8999999761581421,0.8999999761581421,0.8999999761581421],0.0003911708190571517
[0.25405028462409973,-0.6756900548934937,-0.06893634051084518],[0.03305366262793541,0.033651694655418396,0.03380868583917618],[-0.0009918505093082786,-0.0002642755280248821,0.0002998505369760096,1.0],[0.8999999761581421,0.8999999761581421,0.8999999761581421],0.00021136323630344123
[0.2332676649093628,-0.6136032342910767,-0.04662080109119415],[0.03239117190241814,0.033023178577423096,0.032113026827573776],[-0.003244105726480484,0.002710757777094841,9.157327440334484e-05,1.0000108480453491],[0.8999999761581421,0.8999999761581421,0.8999999761581421],0.0007335849804803729
[0.2858506739139557,-0.6464781761169434,0.1290307492017746],[0.03240250423550606,0.03403550758957863,0.03341207653284073],[-0.0011091245105490088,-0.0008836627239361405,0.0016903113573789597,1.0000019073486328],[0.8999999761581421,0.8999999761581421,0.8999999761581421],0.0006992811686359346
[0.2227637767791748,-0.635341465473175,0.1572437286376953],[0.03190918639302254,0.03237561136484146,0.032346460968256],[-8.830722799757496e-05,0.0005214457050897181,-0.0006881955778226256,0.9999988079071045],[0.8999999761581421,0.8999999761581421,0.8999999761581421],0.00032701672171242535
[0.2779690623283386,-0.5965215563774109,0.16924697160720825],[0.02927400916814804,0.031576115638017654,0.03297112137079239],[-6.914659024914727e-05,-0.00010806704813148826,-0.000817111402284354,1.0],[0.8999999761581421,0.8999999761581421,0.8999999761581421],2.010625939874444e-05
[0.18390361964702606,-0.4441244900226593,-0.17561474442481995],[0.032403379678726196,0.03282392397522926,0.03305661305785179],[-0.00016782936290837824,-0.0004220816772431135,-3.354041837155819e-05,1.0],[0.8999999761581421,0.8999999761581421,0.8999999761581421],6.8143657699693e-05
[0.11406704783439636,-0.49221622943878174,-0.20463502407073975],[0.032540805637836456,0.03301858901977539,0.033313360065221786],[0.00012288920697756112,-0.0003620473144110292,-6.428507185773924e-05,1.0],[0.8999999761581421,0.8999999761581421,0.8999999761581421],5.322218203218654e-05
[0.1900223344564438,-0.5029655694961548,-0.026991616934537888],[0.032118044793605804,0.03269141539931297,0.032999586313962936],[-0.001587158301845193,-0.0020999591797590256,-0.0025089168921113014,1.000008225440979],[0.8999999761581421,0.8999999761581421,0.8999999761581421],0.00043088223901577294
[0.21079584956169128,-0.5614181756973267,0.025465594604611397],[0.03384152427315712,0.032963842153549194,0.03407052159309387],[0.0028630425222218037,-0.0009703117539174855,-0.0033672358840703964,1.0000156164169312],[0.8999999761581421,0.8999999761581421,0.8999999761581421],0.0005979478592053056
[0.1784863919019699,-0.5261613130569458,0.12119071930646896],[0.03274238482117653,0.03327781334519386,0.03301707282662392],[-0.0005779488710686564,-0.00024276897602248937,-0.0010630706092342734,0.9999999403953552],[0.8999999761581421,0.8999999761581421,0.8999999761581421],0.00039994801045395434
[0.12334218621253967,-0.5484452843666077,0.0807606652379036],[0.03164592757821083,0.03321893885731697,0.033103689551353455],[-0.0005267696105875075,-0.0006034239195287228,-0.00025151585577987134,1.0],[0.8999999761581421,0.8999999761581421,0.8999999761581421],0.0002223280316684395
[0.20177914202213287,-0.6630678176879883,0.06531405448913574],[0.03186796233057976,0.032598141580820084,0.03307151049375534],[-0.00017262711480725557,-0.00043604077654890716,-2.0109240722376853e-05,1.0],[0.8999999761581421,0.8999999761581421,0.8999999761581421],3.906410711351782e-05
[0.20433416962623596,-0.4344772398471832,-0.3062817454338074],[0.03209730237722397,0.03223500773310661,0.03003811649978161],[0.0006153227877803147,-0.0002944099251180887,0.00013067488907836378,1.0],[0.8999999761581421,0.8999999761581421,0.8999999761581421],7.861452468205243e-05
[0.1233927384018898,-0.4614142179489136,-0.27577415108680725],[0.03044765256345272,0.032556694000959396,0.032862190157175064],[0.0018396112136542797,0.0003254679904785007,0.000361434678779915,0.9999989867210388],[0.8999999761581421,0.8999999761581421,0.8999999761581421],0.00027601097826845944
[0.2058807760477066,-0.3559759855270386,-0.2014366239309311],[0.03283463791012764,0.032428640872240067,0.033538512885570526],[0.0005713717546314001,0.00017658348951954395,-0.0014126506866887212,1.0],[0.8999999761581421,0.8999999761581421,0.8999999761581421],9.651790605857968e-05
[0.12241668999195099,-0.42775705456733704,-0.10022461414337158],[0.03283179551362991,0.03348217159509659,0.032275717705488205],[0.00023546388547401875,0.0003569649707060307,-0.0004884083173237741,1.0],[0.8999999761581421,0.8999999761581421,0.8999999761581421],4.113440081709996e-05
[0.19299854338169098,-0.4444361627101898,0.016541190445423126],[0.0346178337931633,0.028652742505073547,0.033748578280210495],[0.0046785143204033375,0.0006772027118131518,-0.004535449668765068,1.000129222869873],[0.8999999761581421,0.8999999761581421,0.8999999761581421],0.0004781400493811816
[0.15186695754528046,-0.4434175193309784,-0.06927984952926636],[0.0317290723323822,0.031589142978191376,0.03410058468580246],[-0.0006511592073366046,0.00024590399698354304,-0.00017798948101699352,1.0],[0.8999999761581421,0.8999999761581421,0.8999999761581421],0.0003578953037504107
[0.24228984117507935,-0.2832973599433899,0.015480689704418182],[0.030056005343794823,0.03341439738869667,0.03226534649729729],[0.00028299211408011615,0.0003892776439897716,-0.0007942658849060535,0.9999998211860657],[0.8999999761581421,0.8999999761581421,0.8999999761581421],2.950721318484284e-05
[0.12137021869421005,-0.20007720589637756,-0.2710008919239044],[0.03364737704396248,0.0327913723886013,0.032604560256004333],[0.00034893216798081994,-0.001004877150990069,-0.0004307427443563938,1.0],[0.8999999761581421,0.8999999761581421,0.8999999761581421],3.593818473746069e-05
[0.17927412688732147,-0.3199819326400757,-0.12877729535102844],[0.03149045258760452,0.031088003888726234,0.029478605836629868],[-0.0028501302003860474,0.001825895393267274,0.002704022452235222,1.000011682510376],[0.8999999761581421,0.8999999761581421,0.8999999761581421],0.00036219265894033015
[0.23924562335014343,-0.27256691455841064,0.11738114804029465],[0.03346642106771469,0.03313813358545303,0.03352053835988045],[0.00012583429634105414,-0.00010973583994200453,-3.411026773392223e-05,1.0],[0.8999999761581421,0.8999999761581421,0.8999999761581421],9.84345479082549e-06
[0.23332089185714722,-0.24915042519569397,-0.02860560081899166],[0.03326767683029175,0.032014936208724976,0.031153563410043716],[-0.0006062040920369327,-6.728513994858076e-07,0.0008342661894857883,1.0],[0.8999999761581421,0.8999999761581421,0.8999999761581421],5.9965430409647524e-05
[0.15894047915935516,-0.3729626536369324,0.023236148059368134],[0.03268832713365555,0.03297813609242439,0.03479645028710365],[-0.0002976403629872948,0.00028749360353685915,0.00023498135851696134,1.0],[0.8999999761581421,0.8999999761581421,0.8999999761581421],3.641107105067931e-05
[0.1865486055612564,-0.213882714509964,0.24912422895431519],[0.033139411360025406,0.03355319797992706,0.03350713104009628],[5.152678568265401e-06,0.000201748960535042,0.0002936031378339976,1.0],[0.8999999761581421,0.8999999761581421,0.8999999761581421],4.208563768770546e-05
[0.24617557227611542,-0.3061372637748718,0.2614562213420868],[0.033639539033174515,0.03360746055841446,0.03482316434383392],[-9.795470396056771e-05,0.00020652473904192448,6.542520713992417e-05,1.0],[0.8999999761581421,0.8999999761581421,0.8999999761581421],1.783711377356667e-05
[0.06819126754999161,-0.25709283351898193,-0.1514587551355362],[0.03262215480208397,0.0326358787715435,0.03244787082076073],[-0.0002499789115972817,0.00013083174417261034,2.483145726728253e-05,1.0],[0.8999999761581421,0.8999999761581421,0.8999999761581421],7.844090578146279e-05
[0.2382822334766388,-0.14322860538959503,-0.0626506581902504],[0.032955195754766464,0.033353373408317566,0.03284869343042374],[2.2169693693285808e-05,6.597203901037574e-05,0.00017089360335376114,1.0],[0.8999999761581421,0.8999999761581421,0.8999999761581421],3.683434988488443e-05
[0.2160474956035614,-0.13542406260967255,-0.054417312145233154],[0.0325469933450222,0.03289370983839035,0.03205477073788643],[-0.00017897468933369964,-2.862256224034354e-05,9.632211003918201e-05,1.0],[0.8999999761581421,0.8999999761581421,0.8999999761581421],7.718149572610855e-05
[0.03635389730334282,-0.10186906158924103,-0.08778174221515656],[0.03341411054134369,0.034289438277482986,0.03342272341251373],[-4.387811350170523e-05,0.00010212176857749,-7.352275133598596e-06,1.0],[0.8999999761581421,0.8999999761581421,0.8999999761581421],1.802391852834262e-05
[0.13641224801540375,-0.17312581837177277,-0.010528674349188805],[0.031307153403759,0.033315859735012054,0.03345254436135292],[-6.609671254409477e-05,-0.00015890742361079901,0.00019712673383764923,1.0],[0.8999999761581421,0.8999999761581421,0.8999999761581421],3.278133590356447e-05
[0.11839095503091812,-0.19180437922477722,0.02990676462650299],[0.03367197513580322,0.032913342118263245,0.03353460133075714],[-3.765248038689606e-05,-3.956217915401794e-05,-1.90177761396626e-05,1.0],[0.8999999761581421,0.8999999761581421,0.8999999761581421],7.921522774267942e-05
[0.19923700392246246,0.05477849766612053,0.26131755113601685],[0.033547546714544296,0.03411904722452164,0.03344052657485008],[2.6533462005318142e-05,0.0001389578392263502,-1.2843035619880538e-05,1.0],[0.8999999761581421,0.8999999761581421,0.8999999761581421],8.01905698608607e-05
[0.05596163868904114,-0.1294737309217453,-0.16969561576843262],[0.03298009932041168,0.033552851527929306,0.03346330672502518],[-6.98586381986388e-06,-4.936901314067654e-05,-7.767825991322752e-06,1.0],[0.8999999761581421,0.8999999761581421,0.8999999761581421],0.00010953132004942745
[0.16987882554531097,-0.12281614542007446,-0.2434888333082199],[0.031322553753852844,0.03234587982296944,0.030961649492383003],[-0.0006102391635067761,-0.0006188080878928304,0.0004595833597704768,0.9999992847442627],[0.8999999761581421,0.8999999761581421,0.8999999761581421],0.00011102861753897741
[0.19672803580760956,-0.04431948810815811,-0.1584080308675766],[0.028222564607858658,0.0312802828848362,0.028114689514040947],[0.005033719819039106,5.7448742154520005e-05,0.004507826175540686,1.0000606775283813],[0.8999999761581421,0.8999999761581421,0.8999999761581421],0.00012516920105554163
[0.1277366578578949,-0.08591759949922562,-0.062497276812791824],[0.03204105421900749,0.033049117773771286,0.033556289970874786],[-0.00010600714449537918,0.0004452804278116673,5.5303960834862664e-05,1.0],[0.8999999761581421,0.8999999761581421,0.8999999761581421],0.00016836488794069737
[0.19068829715251923,-0.05797388032078743,-0.02329961396753788],[0.031706176698207855,0.032981663942337036,0.03168463334441185],[0.000155498186359182,1.7308431779383682e-05,0.000251306890277192,1.0],[0.8999999761581421,0.8999999761581421,0.8999999761581421],8.190767402993515e-05
[0.053480733186006546,0.024335576221346855,0.07659798860549927],[0.034044377505779266,0.033083342015743256,0.033724188804626465],[-0.00015915307449176908,6.351748743327335e-05,-6.403867882909253e-05,1.0],[0.8999999761581421,0.8999999761581421,0.8999999761581421],9.60424731601961e-05
[0.21875126659870148,0.11639660596847534,0.2264256626367569],[0.031215963885188103,0.032227423042058945,0.032835908234119415],[0.00011873640323756263,-4.993026959709823e-05,0.0002129385684384033,1.0],[0.8999999761581421,0.8999999761581421,0.8999999761581421],0.00010524826939217746
[0.16353772580623627,-0.0028635384514927864,0.3282526135444641],[0.03450758010149002,0.034624066203832626,0.03343338146805763],[-2.4313647372764535e-05,0.0001430814591003582,-4.5511707867262885e-05,1.0],[0.8999999761581421,0.8999999761581421,0.8999999761581421],0.00018712159362621605
[0.16027605533599854,0.029978791251778603,0.25506502389907837],[0.03442104905843735,0.03385211154818535,0.034056369215250015],[-7.726715557510033e-05,1.448978082407848e-06,-1.3550503354053944e-05,1.0],[0.8999999761581421,0.8999999761581421,0.8999999761581421],7.944017124827951e-05
[0.08036090433597565,0.12591643631458282,-0.14455561339855194],[0.034141894429922104,0.03511679917573929,0.03505576774477959],[0.0001448011607863009,-1.4418174941965844e-05,2.4765282432781532e-05,1.0],[0.8999999761581421,0.8999999761581421,0.8999999761581421],8.009364682948217e-05
[0.15204064548015594,-0.08594328910112381,-0.19357401132583618],[0.032637350261211395,0.03419176861643791,0.03339170292019844],[0.0001715985854389146,-0.0002802259987220168,5.142705049365759e-05,1.0],[0.8999999761581421,0.8999999761581421,0.8999999761581421],6.0916376241948456e-05
[0.13445596396923065,0.2724246382713318,-0.08917992562055588],[0.034542012959718704,0.03438693284988403,0.03436605632305145],[-0.00033686860115267336,-0.00010946512338705361,-2.499723450455349e-05,1.0],[0.8999999761581421,0.8999999761581421,0.8999999761581421],7.539771559095243e-06
[0.023724867030978203,-0.02701270580291748,0.023799290880560875],[0.03398236632347107,0.03475223109126091,0.03303776681423187],[-4.275713217793964e-05,-0.00024020321143325418,4.8861102186492644e-06,1.0],[0.8999999761581421,0.8999999761581421,0.8999999761581421],0.00017666438361629844
[0.03209422528743744,-0.0025926546659320593,0.0704057514667511],[0.03385254740715027,0.03363927826285362,0.033676691353321075],[-0.0001041673676809296,6.1496439229813404e-06,4.331467789597809e-05,1.0],[0.8999999761581421,0.8999999761581421,0.8999999761581421],8.017403888516128e-05
[0.22572709619998932,0.09896614402532578,0.08390031009912491],[0.03420216217637062,0.03365407884120941,0.03248019143939018],[0.0005400199443101883,0.0001822343037929386,-2.431873872410506e-05,1.0],[0.8999999761581421,0.8999999761581421,0.8999999761581421],9.893441892927513e-05
[0.10147756338119507,-0.013440964743494987,0.05538263916969299],[0.03492363914847374,0.03433040529489517,0.03534077852964401],[-0.000376611395040527,5.513788710231893e-05,-0.0002379669458605349,1.0],[0.8999999761581421,0.8999999761581421,0.8999999761581421],8.370427531190217e-05
[0.10174696147441864,-0.09914938360452652,0.21224835515022278],[0.03457304835319519,0.03501392900943756,0.03399459645152092],[0.00016123031673487276,-2.184623372158967e-05,0.00014009102596901357,1.0],[0.8999999761581421,0.8999999761581421,0.8999999761581421],3.054656554013491e-05
[0.10668053478002548,0.5062679648399353,-0.1941942721605301],[0.03394756466150284,0.034428782761096954,0.03460148349404335],[-0.0002033394412137568,-7.302437006728724e-05,7.855438889237121e-05,1.0],[0.8999999761581421,0.8999999761581421,0.8999999761581421],4.87668439745903e-05
[0.21029914915561676,0.202035591006279,-0.32684996724128723],[0.03439181298017502,0.034610532224178314,0.03470097482204437],[-3.193513839505613e-05,-3.160228152410127e-05,1.6108857380459085e-05,1.0],[0.8999999761581421,0.8999999761581421,0.8999999761581421],7.999766239663586e-05
[-0.047031015157699585,0.3345240652561188,-0.1918114870786667],[0.034115515649318695,0.03504298999905586,0.03450502082705498],[2.7402247724239714e-05,-9.452127414988354e-06,3.315835419925861e-05,1.0],[0.8999999761581421,0.8999999761581421,0.8999999761581421],1.3572119996752008e-06
[0.10229738056659698,0.36287692189216614,0.04118196293711662],[0.03487900644540787,0.034487929195165634,0.0332663357257843],[7.452421414200217e-05,7.607169391121715e-05,-3.4874447010224685e-05,1.0],[0.8999999761581421,0.8999999761581421,0.8999999761581421],1.7449876395403408e-05
[-0.09350645542144775,0.17336323857307434,-0.02900424599647522],[0.03415641188621521,0.03438883647322655,0.034043166786432266],[7.430577534250915e-05,-1.7406337065040134e-05,4.592149707605131e-05,1.0],[0.8999999761581421,0.8999999761581421,0.8999999761581421],2.1709365682909265e-05
[-0.029827682301402092,0.04297852888703346,0.12615306675434113],[0.03497963771224022,0.03446927294135094,0.03437713906168938],[-0.00015588656242471188,-1.3097922419547103e-05,-5.973798033664934e-05,1.0],[0.8999999761581421,0.8999999761581421,0.8999999761581421],2.84586403722642e-05
[0.07269000262022018,0.20742939412593842,0.1962086409330368],[0.03453431278467178,0.03366396948695183,0.03413449600338936],[3.221844235667959e-05,2.5985829779529013e-05,-7.085994730005041e-05,1.0],[0.8999999761581421,0.8999999761581421,0.8999999761581421],2.1666270185960457e-05
[-0.0367429293692112,0.32389333844184875,-0.27105310559272766],[0.03496289625763893,0.03513447940349579,0.03488849475979805],[-5.4050255130277947e-05,3.9264570659724995e-05,-8.309868280775845e-05,1.0],[0.8999999761581421,0.8999999761581421,0.8999999761581421],2.3072876501828432e-05
[0.11798462271690369,0.4512895345687866,-0.08923721313476562],[0.0335884727537632,0.0336502380669117,0.03301512822508812],[8.740754856262356e-05,0.0002882162225432694,-0.0002847827272489667,1.0],[0.8999999761581421,0.8999999761581421,0.8999999761581421],3.5639602629089495e-06
[0.09528950601816177,0.13585279881954193,-0.08010256290435791],[0.03467121347784996,0.03501752018928528,0.03410409763455391],[1.0165605999645777e-05,2.656037759152241e-05,-7.653565990040079e-05,1.0],[0.8999999761581421,0.8999999761581421,0.8999999761581421],8.898579835658893e-06
[0.05702783167362213,0.4012024700641632,0.10176284611225128],[0.033780425786972046,0.0351094976067543,0.034252189099788666],[0.0001266142207896337,-7.12171895429492e-05,0.00020458924700506032,1.0],[0.8999999761581421,0.8999999761581421,0.8999999761581421],4.749505387735553e-05
[0.19738145172595978,0.30148234963417053,0.013803040608763695],[0.03499565273523331,0.034404125064611435,0.034355659037828445],[-6.642462722084019e-06,7.885709237598348e-06,-3.76538337150123e-05,1.0],[0.8999999761581421,0.8999999761581421,0.8999999761581421],8.514876390108839e-05
[0.024794643744826317,0.28527939319610596,0.26082491874694824],[0.034571122378110886,0.03499412164092064,0.03350961208343506],[-0.00030912552028894424,0.00012447072367649525,-6.915775156812742e-05,1.0],[0.8999999761581421,0.8999999761581421,0.8999999761581421],1.62571195687633e-05
[0.035184454172849655,0.4127354025840759,-0.20758381485939026],[0.03491843119263649,0.03542981669306755,0.03408987447619438],[0.00013613600458484143,7.480851490981877e-05,7.80901827965863e-05,1.0],[0.8999999761581421,0.8999999761581421,0.8999999761581421],3.114429773631855e-06
[0.14477497339248657,0.33436307311058044,-0.3067155182361603],[0.03448133170604706,0.03477775678038597,0.03448805212974548],[0.00019450589024927467,0.00022774019453208894,-5.2088933443883434e-05,1.0],[0.8999999761581421,0.8999999761581421,0.8999999761581421],1.7116142316808691e-06
[0.18244606256484985,0.38270455598831177,-0.2106713056564331],[0.03543457016348839,0.03509936109185219,0.03485732153058052],[6.717330688843504e-05,7.4657509685494e-05,-0.00018982417532242835,1.0],[0.8999999761581421,0.8999999761581421,0.8999999761581421],5.623191100312397e-06
[0.07242357730865479,0.34333911538124084,0.00724351080134511],[0.035151753574609756,0.0349360927939415,0.034573398530483246],[0.00010960229701595381,4.007836469099857e-05,-2.494139607733814e-06,1.0],[0.8999999761581421,0.8999999761581421,0.8999999761581421],2.5723653379827738e-05
[0.014164386317133904,0.3006465435028076,0.09866467863321304],[0.03548353537917137,0.03480719402432442,0.03512775897979736],[-3.993396967416629e-05,-8.142745173245203e-06,-0.00017697355360724032,1.0],[0.8999999761581421,0.8999999761581421,0.8999999761581421],2.8819461022067117e-06
[-0.021899284794926643,0.5304856896400452,0.09380945563316345],[0.03492381423711777,0.03501037135720253,0.034892160445451736],[9.962856711354107e-05,1.1837600141006988e-05,1.3821846550854389e-05,1.0],[0.8999999761581421,0.8999999761581421,0.8999999761581421],5.8090969105251133e-05
[0.29852646589279175,0.3328187167644501,-0.34126368165016174],[0.03446104750037193,0.03453769534826279,0.034261204302310944],[1.2363198038656265e-05,4.30409698992662e-07,1.2309221801842796e-06,1.0],[0.8999999761581421,0.8999999761581421,0.8999999761581421],2.764248893072363e-05
[0.14837194979190826,0.39469248056411743,-0.17631763219833374],[0.03497352451086044,0.03500547260046005,0.035283785313367844],[-5.820531441713683e-05,5.096827067063714e-07,-4.03749909310136e-05,1.0],[0.8999999761581421,0.8999999761581421,0.8999999761581421],4.938260644848924e-06
[0.12310329079627991,0.4183753430843353,-0.08788082003593445],[0.035068120807409286,0.03435896709561348,0.03477378562092781],[-0.00016702304128557444,5.825218977406621e-05,-0.0002570940414443612,1.0],[0.8999999761581421,0.8999999761581421,0.8999999761581421],2.804071300488431e-06
[0.042284224182367325,0.5203771591186523,-0.02280712127685547],[0.034677810966968536,0.0353446863591671,0.03512891009449959],[1.3079267773719039e-05,-2.7179041353520006e-05,0.00011631671077338979,1.0],[0.8999999761581421,0.8999999761581421,0.8999999761581421],3.672553793876432e-05
[0.24399755895137787,0.4325871765613556,0.09190648049116135],[0.034112539142370224,0.03459930419921875,0.03410835564136505],[-8.468431769870222e-05,-1.8958287910209037e-05,3.233067400287837e-05,1.0],[0.8999999761581421,0.8999999761581421,0.8999999761581421],6.27457211521687e-06
[0.2470678985118866,-0.723903477191925,-0.07946313917636871],[0.029236171394586563,0.031773924827575684,0.03141514211893082],[0.0003276564530096948,-0.0019615080673247576,-6.70937224640511e-05,1.0000014305114746],[0.8999999761581421,0.8999999761581421,0.8999999761581421],0.00019613436597865075
[0.21343162655830383,-0.7636473178863525,-0.1464972347021103],[0.030784456059336662,0.031606778502464294,0.031754180788993835],[0.0018456573598086834,0.0002528426703065634,0.0007853990537114441,1.0000009536743164],[0.8999999761581421,0.8999999761581421,0.8999999761581421],8.517308015143499e-05
[0.2736879289150238,-0.8430430889129639,0.020821861922740936],[0.028451718389987946,0.028706541284918785,0.03144717216491699],[-0.0021122689358890057,-0.002996432827785611,-0.0016229350585490465,1.0000118017196655],[0.8999999761581421,0.8999999761581421,0.8999999761581421],0.00031475775176659226
[0.2859044671058655,-0.8142752647399902,-0.037280503660440445],[0.029723770916461945,0.030765771865844727,0.0313626229763031],[0.0011452286271378398,0.0012666602851822972,0.00046511756954714656,0.9999987483024597],[0.8999999761581421,0.8999999761581421,0.8999999761581421],0.00029365686350502074
[0.23413538932800293,-0.8040353655815125,0.0997273176908493],[0.03198137879371643,0.033980756998062134,0.03462008014321327],[-0.00023102881095837802,-0.002522463444620371,0.000533697719220072,1.0000035762786865],[0.8999999761581421,0.8999999761581421,0.8999999761581421],0.00036892088246531785
[0.2359592318534851,-0.7432842254638672,-0.004648225847631693],[0.02755790203809738,0.03263476490974426,0.03226233273744583],[-0.00044650633935816586,0.0007377924048341811,0.0007720629218965769,0.9999996423721313],[0.8999999761581421,0.8999999761581421,0.8999999761581421],0.00034423411125317216
[0.19557365775108337,-0.7351981997489929,-0.1635838747024536],[0.03257486969232559,0.03337192162871361,0.028053248301148415],[-0.004851866979151964,-0.0009766845032572746,0.0029573598876595497,1.0000842809677124],[0.8999999761581421,0.8999999761581421,0.8999999761581421],0.0004226202436257154
[0.2695368528366089,-0.8106675744056702,-0.04326226934790611],[0.03333854675292969,0.03286980837583542,0.032877154648303986],[-0.0005292496643960476,-0.0005055973888374865,0.00018386435112915933,1.0],[0.8999999761581421,0.8999999761581421,0.8999999761581421],0.00012974745186511427
[0.30423611402511597,-0.7302241921424866,0.05852825194597244],[0.0319671705365181,0.03183364123106003,0.033035360276699066],[0.0005922120180912316,0.0008867519209161401,0.00022348162019625306,0.9999992251396179],[0.8999999761581421,0.8999999761581421,0.8999999761581421],0.00034889887319877744
[0.3777952492237091,-0.5828649401664734,0.13539811968803406],[0.030793961137533188,0.029933657497167587,0.03197905048727989],[0.0006524061900563538,-0.00016680224507581443,-0.00022281435667537153,1.0],[0.8999999761581421,0.8999999761581421,0.8999999761581421],7.666126475669444e-05
[0.22644378244876862,-0.4687860608100891,-0.20290657877922058],[0.031221451237797737,0.03205205872654915,0.03250427171587944],[-0.0005985921598039567,5.6725471949903294e-05,-2.9077935323584825e-05,1.0],[0.8999999761581421,0.8999999761581421,0.8999999761581421],5.696703738067299e-05
[0.2219112515449524,-0.7841140627861023,-0.14143265783786774],[0.029828699305653572,0.03318244591355324,0.029076354578137398],[-0.0038967737928032875,0.0009756250656209886,-0.0011565112508833408,1.0000240802764893],[0.8999999761581421,0.8999999761581421,0.8999999761581421],0.00047623482532799244
[0.31408926844596863,-0.6665175557136536,0.06424444913864136],[0.03202616423368454,0.03365546837449074,0.033024344593286514],[-0.00037055203574709594,-0.00020958736422471702,-0.0016477726167067885,1.0000008344650269],[0.8999999761581421,0.8999999761581421,0.8999999761581421],0.00023370007693301886
[0.27892181277275085,-0.5728288292884827,0.0895184725522995],[0.03248012065887451,0.03324194625020027,0.032294731587171555],[-0.0007222858839668334,-0.00013620147365145385,-0.0003070496895816177,1.0],[0.8999999761581421,0.8999999761581421,0.8999999761581421],0.00024670688435435295
[0.3403100371360779,-0.5694732666015625,0.12993478775024414],[0.03181702643632889,0.02801799587905407,0.03198093920946121],[0.001553493901155889,0.0017511342884972692,-0.0015679738717153668,1.0000035762786865],[0.8999999761581421,0.8999999761581421,0.8999999761581421],0.0002636546269059181
[0.11634580045938492,-0.5803253650665283,-0.1817677617073059],[0.02716105990111828,0.03230099380016327,0.03173987939953804],[0.0001599363749846816,-0.002742655575275421,0.0016281300922855735,1.0000059604644775],[0.8999999761581421,0.8999999761581421,0.8999999761581421],0.00011214529513381422
[0.17047567665576935,-0.5580434799194336,-0.08850626647472382],[0.03264482319355011,0.03369387239217758,0.03273765742778778],[-0.0003679407527670264,-0.0005151929799467325,0.00043805563473142684,1.0],[0.8999999761581421,0.8999999761581421,0.8999999761581421],0.00023830778081901371
[0.2973252236843109,-0.4343400001525879,-0.03352735936641693],[0.03337867185473442,0.03273767977952957,0.032299939543008804],[0.00047108359285630286,-0.0001188751557492651,0.00041139087988995016,1.0],[0.8999999761581421,0.8999999761581421,0.8999999761581421],1.8708789866650477e-05
[0.2406957745552063,-0.5942941904067993,0.09277001023292542],[0.03321663290262222,0.03205052390694618,0.03056950680911541],[0.00027056041290052235,0.002105590421706438,7.231260678963736e-05,1.0000019073486328],[0.8999999761581421,0.8999999761581421,0.8999999761581421],0.0001404510112479329
[0.33593374490737915,-0.4418376684188843,-0.03798026964068413],[0.03261240944266319,0.033418651670217514,0.0330624058842659],[0.00037132183206267655,-0.00020901432435493916,-0.0001693674857961014,1.0],[0.8999999761581421,0.8999999761581421,0.8999999761581421],7.445194205502048e-05
[0.29751741886138916,-0.5852131843566895,0.19581951200962067],[0.030842002481222153,0.03122812695801258,0.0336640439927578],[-9.194997255690396e-05,-0.0005177329876460135,-0.00123969791457057,1.0],[0.8999999761581421,0.8999999761581421,0.8999999761581421],7.135894702514634e-05
[0.2606724500656128,-0.4777456223964691,-0.2356228232383728],[0.03162917122244835,0.03130482882261276,0.03330865874886513],[-0.00047022028593346477,-5.990556383039802e-05,-0.0009859257843345404,1.0],[0.8999999761581421,0.8999999761581421,0.8999999761581421],9.548701927997172e-05
[0.26367905735969543,-0.35114583373069763,-0.10488823056221008],[0.0334463007748127,0.029353022575378418,0.03369779884815216],[-0.0029941785614937544,-0.0015667385887354612,-0.0031962511129677296,1.0000249147415161],[0.8999999761581421,0.8999999761581421,0.8999999761581421],0.0003001049335580319
[0.2977781593799591,-0.46856263279914856,-0.0010791942477226257],[0.032966744154691696,0.03179813176393509,0.030480770394206047],[-0.0026652959641069174,0.0006981281912885606,-0.00012052860256517306,1.000003695487976],[0.8999999761581421,0.8999999761581421,0.8999999761581421],0.00016443921776954085
[0.2959800362586975,-0.5728394389152527,-0.21808218955993652],[0.03229828178882599,0.03320902958512306,0.03247254714369774],[0.00015469462960027158,2.0361167116789147e-05,-0.00011904296843567863,1.0],[0.8999999761581421,0.8999999761581421,0.8999999761581421],0.00011668486695270985
[0.2618389129638672,-0.28719350695610046,0.22598686814308167],[0.031391941010951996,0.031298428773880005,0.02993772365152836],[-0.00024650024715811014,7.558218931080773e-05,0.00021070401999168098,1.0],[0.8999999761581421,0.8999999761581421,0.8999999761581421],1.3451686754706316e-05
[0.16224542260169983,-0.4125826358795166,-0.14061258733272552],[0.030033456161618233,0.0330260694026947,0.0332442931830883],[-1.6036070519476198e-05,0.00033165630884468555,-0.0010736749973148108,1.0],[0.8999999761581421,0.8999999761581421,0.8999999761581421],0.00011152419756399468
[0.29703861474990845,-0.3994820713996887,-0.12957563996315002],[0.03249959647655487,0.03293885663151741,0.03174639120697975],[0.0003631490981206298,0.00031100722844712436,0.0002167171478504315,1.0],[0.8999999761581421,0.8999999761581421,0.8999999761581421],0.000118729512905702
[0.13681963086128235,-0.31161344051361084,0.06502436101436615],[0.03439641743898392,0.033301595598459244,0.03208468481898308],[-0.0005795924225822091,-0.0001598780509084463,-0.0003048415819648653,1.0],[0.8999999761581421,0.8999999761581421,0.8999999761581421],1.5044527572172228e-05
[0.14134928584098816,-0.2718062698841095,0.01455691922456026],[0.03287747502326965,0.03204664960503578,0.03215977922081947],[7.475583697669208e-05,5.3620737162418664e-05,0.000477111927466467,1.0],[0.8999999761581421,0.8999999761581421,0.8999999761581421],6.35606556897983e-05
[0.22117088735103607,-0.3142622113227844,-0.3119918406009674],[0.029000848531723022,0.027676675468683243,0.02760792337357998],[-0.0001610418694326654,-0.0006169402622617781,-0.0009532214608043432,1.0],[0.8999999761581421,0.8999999761581421,0.8999999761581421],4.601602631737478e-05
[0.18634910881519318,-0.23337322473526,-0.21800516545772552],[0.0330333486199379,0.03364332392811775,0.028033988550305367],[0.002772279316559434,-0.0016919064801186323,9.739342203829437e-05,1.0000072717666626],[0.8999999761581421,0.8999999761581421,0.8999999761581421],0.00014616943371947855
[0.2437375783920288,-0.11369182914495468,-0.14523537456989288],[0.031510792672634125,0.032396573573350906,0.03266415745019913],[6.740991375409067e-05,-6.143302744021639e-05,0.0009479067521169782,1.0],[0.8999999761581421,0.8999999761581421,0.8999999761581421],5.8269484725315124e-05
[0.27131274342536926,-0.1806609332561493,-0.0989094078540802],[0.03344699740409851,0.03324507549405098,0.03189365938305855],[0.00047485780669376254,-0.00014208184438757598,-9.917416173266247e-05,1.0],[0.8999999761581421,0.8999999761581421,0.8999999761581421],6.347519956761971e-05
[0.23041194677352905,-0.20226064324378967,0.2691400349140167],[0.03269383683800697,0.033670730888843536,0.03132997453212738],[-0.0007628389284946024,-2.2077554604038596e-05,0.0003335541405249387,1.0],[0.8999999761581421,0.8999999761581421,0.8999999761581421],4.975159026798792e-05
[0.10784502327442169,-0.004236315377056599,-0.26982906460762024],[0.033724866807460785,0.034146685153245926,0.03386187180876732],[5.9460766351548955e-05,1.7921055928127316e-07,-9.79931246547494e-06,1.0],[0.8999999761581421,0.8999999761581421,0.8999999761581421],6.958421181479935e-06
[0.22653581202030182,-0.12164338678121567,-0.05304357409477234],[0.03278341144323349,0.0311510618776083,0.032858218997716904],[0.0002101055288221687,0.00019589166913647205,0.00010365571506554261,1.0],[0.8999999761581421,0.8999999761581421,0.8999999761581421],8.408300345763564e-05
[0.17994734644889832,-0.21691034734249115,-0.13009387254714966],[0.030748246237635612,0.032273076474666595,0.029858961701393127],[0.0001700428983895108,-2.6127159799216315e-05,0.0006886277697049081,1.0],[0.8999999761581421,0.8999999761581421,0.8999999761581421],8.290995901916176e-05
[0.08983205258846283,-0.27647483348846436,0.04561835154891014],[0.033340491354465485,0.03381522372364998,0.033234331756830215],[-7.037156319711357e-05,-7.015660230536014e-05,1.609042374184355e-05,1.0],[0.8999999761581421,0.8999999761581421,0.8999999761581421],9.905266051646322e-05
[0.1460796594619751,-0.17623376846313477,-0.030785540118813515],[0.033525582402944565,0.03344165161252022,0.03158702701330185],[-0.00016282581782434136,7.24152268958278e-05,3.314481728011742e-05,1.0],[0.8999999761581421,0.8999999761581421,0.8999999761581421],2.8850434318883345e-05
[0.1433064192533493,-0.16199950873851776,0.0664689838886261],[0.03463468328118324,0.03425481170415878,0.03350938856601715],[0.00019994121976196766,-0.0003305609861854464,3.1725667213322595e-05,1.0],[0.8999999761581421,0.8999999761581421,0.8999999761581421],7.936704787425697e-05
[0.10034257918596268,-0.09899765253067017,0.017977051436901093],[0.03345153108239174,0.0340811088681221,0.033804748207330704],[2.3312111807172187e-05,0.00014720411854796112,0.00018050972721539438,1.0],[0.8999999761581421,0.8999999761581421,0.8999999761581421],4.917022306472063e-05
[0.029724285006523132,-0.023351294919848442,-0.35004523396492004],[0.03437294438481331,0.03480803966522217,0.03495587781071663],[-4.291710502002388e-05,-3.674573599710129e-05,9.016536205308512e-05,1.0],[0.8999999761581421,0.8999999761581421,0.8999999761581421],7.821090548532084e-06
[0.1274154633283615,0.08942129462957382,-0.0004700066347140819],[0.035133279860019684,0.03464914858341217,0.034051958471536636],[-6.6313391471339855e-06,7.803337211953476e-05,5.6519435020163655e-05,1.0],[0.8999999761581421,0.8999999761581421,0.8999999761581421],9.987237717723474e-05
[0.16943395137786865,-0.056957464665174484,-0.04193023592233658],[0.03321267291903496,0.03493242338299751,0.03444501757621765],[-4.210150564176729e-06,-0.0006624910747632384,-0.0001845733931986615,1.0],[0.8999999761581421,0.8999999761581421,0.8999999761581421],7.301180448848754e-05
[-0.030659789219498634,0.1818457841873169,0.2644590437412262],[0.0350385420024395,0.03503918647766113,0.033540476113557816],[0.0004756131093017757,0.00028485138318501413,-0.00019767784397117794,1.0],[0.8999999761581421,0.8999999761581421,0.8999999761581421],2.3640228391741402e-05
[0.1488521695137024,-0.07180387526750565,0.14789313077926636],[0.03392969071865082,0.034287095069885254,0.034047167748212814],[2.0807965483982116e-05,-5.356450492399745e-05,0.00011794983583968133,1.0],[0.8999999761581421,0.8999999761581421,0.8999999761581421],1.4100422049523331e-05
[0.12887008488178253,0.26829057931900024,-0.030408727005124092],[0.035047497600317,0.034908004105091095,0.03478505462408066],[-3.320845280541107e-05,-1.2277952919248492e-05,-1.5039486243040301e-05,1.0],[0.8999999761581421,0.8999999761581421,0.8999999761581421],9.21409264265094e-06
[0.0720812976360321,0.2909189462661743,-0.07724826037883759],[0.03549840673804283,0.03489753231406212,0.03453803062438965],[2.739683850450092e-06,9.201802458846942e-05,-0.0001989920565392822,1.0],[0.8999999761581421,0.8999999761581421,0.8999999761581421],1.6364976545446552e-05
[0.15388214588165283,0.09744004905223846,-0.027294179424643517],[0.03363487124443054,0.03441132232546806,0.03305961936712265],[0.0007913573645055294,5.3243387810653076e-05,-3.526728687575087e-05,1.0],[0.8999999761581421,0.8999999761581421,0.8999999761581421],7.900179480202496e-05
[0.17654073238372803,0.29536399245262146,0.1534079760313034],[0.03437763825058937,0.03488003835082054,0.034298304468393326],[-5.119491834193468e-05,1.21459133879398e-05,3.7473676002264256e-06,1.0],[0.8999999761581421,0.8999999761581421,0.8999999761581421],5.981677077215863e-06
[0.14483682811260223,0.19869858026504517,0.10044127702713013],[0.0346667505800724,0.034538380801677704,0.033742014318704605],[0.00012377033999655396,-3.242863613195368e-06,-8.657346188556403e-05,1.0],[0.8999999761581421,0.8999999761581421,0.8999999761581421],0.00011151687795063481
[0.14468158781528473,0.36735954880714417,-0.10193616151809692],[0.03464299067854881,0.03498487174510956,0.03437060862779617],[0.0005172105156816542,0.00011054663627874106,3.4002205211436376e-05,1.0],[0.8999999761581421,0.8999999761581421,0.8999999761581421],5.300767497828929e-06
[0.143577441573143,0.13402017951011658,-0.142423614859581],[0.03447246178984642,0.03445349633693695,0.03403448686003685],[0.0001319134171353653,6.61452577332966e-05,-2.8178596039651893e-05,1.0],[0.8999999761581421,0.8999999761581421,0.8999999761581421],0.00010058348561869934
[0.010880828835070133,0.38741257786750793,0.11312690377235413],[0.035036422312259674,0.03463292866945267,0.03466089069843292],[-2.280139051435981e-05,-1.5231929637593566e-06,1.4714690223627258e-05,1.0],[0.8999999761581421,0.8999999761581421,0.8999999761581421],3.337474481668323e-05
[-0.003941387869417667,0.29633262753486633,0.012831599451601505],[0.03466544300317764,0.03531382232904434,0.033970098942518234],[0.0003144294023513794,-1.763592808856629e-05,6.334488716674969e-05,1.0],[0.8999999761581421,0.8999999761581421,0.8999999761581421],1.3678274626727216e-05
[0.10103145986795425,0.40817922353744507,0.06730789691209793],[0.035203542560338974,0.03456330671906471,0.03420732542872429],[5.79580882913433e-05,-4.8363250243710354e-05,-3.6251138226361945e-05,1.0],[0.8999999761581421,0.8999999761581421,0.8999999761581421],3.3229898690478876e-05
[0.06928989291191101,0.30116164684295654,-0.12444645166397095],[0.03406456112861633,0.03530643507838249,0.03475970774888992],[0.0003416888939682394,5.297830284689553e-06,0.0002784267708193511,1.0],[0.8999999761581421,0.8999999761581421,0.8999999761581421],1.117609554057708e-05
[0.13493968546390533,0.47321009635925293,-0.18179282546043396],[0.03505644202232361,0.03504805266857147,0.0350639633834362],[3.879291398334317e-05,-3.836053656414151e-05,1.6892438452487113e-06,1.0],[0.8999999761581421,0.8999999761581421,0.8999999761581421],1.8653513507160824e-06
[0.1509103626012802,0.4083917438983917,0.00045943824807181954],[0.03403740003705025,0.03413895145058632,0.03400406613945961],[-8.7419779447373e-05,-3.75338458979968e-06,1.0289358215231914e-05,1.0],[0.8999999761581421,0.8999999761581421,0.8999999761581421],7.543609171989374e-06
[0.2795100510120392,0.4979902505874634,-0.18081454932689667],[0.033755019307136536,0.03374148905277252,0.034246910363435745],[-1.2221552424307447e-05,1.6315350421791663e-06,4.4668700866168365e-05,1.0],[0.8999999761581421,0.8999999761581421,0.8999999761581421],6.608122021134477e-06
[0.2654317319393158,0.5209214687347412,-0.042995210736989975],[0.0329999104142189,0.03310408070683479,0.03327811136841774],[-2.688482891244348e-05,-7.931383152026683e-06,1.7400609067408368e-05,1.0],[0.8999999761581421,0.8999999761581421,0.8999999761581421],6.204815235832939e-06
[0.21486622095108032,-0.688635528087616,-0.11808028817176819],[0.03344017267227173,0.03176840394735336,0.032745636999607086],[-8.570703357690945e-06,0.00016325039905495942,5.170722579350695e-05,1.0],[0.8999999761581421,0.8999999761581421,0.8999999761581421],7.956513582030311e-05
[0.3103142976760864,-0.7364685535430908,0.04177278280258179],[0.028402836993336678,0.03247693181037903,0.0354168526828289],[0.0013166869757696986,-0.001940165995620191,0.0002860408858396113,1.000001072883606],[0.8999999761581421,0.8999999761581421,0.8999999761581421],0.0005403005634434521
[0.4022834599018097,-0.563706636428833,-0.2173706442117691],[0.03502262383699417,0.030432777479290962,0.03216540440917015],[0.00022780268045607954,0.0016659629764035344,-0.0004687568580266088,1.000001072883606],[0.8999999761581421,0.8999999761581421,0.8999999761581421],9.801585110835731e-05
[0.21734894812107086,-0.6027985215187073,-0.19265273213386536],[0.03276532143354416,0.03460394963622093,0.03221110999584198],[-0.0002260804030811414,-3.715578941410058e-06,-7.291132351383567e-05,1.0],[0.8999999761581421,0.8999999761581421,0.8999999761581421],8.33975791465491e-05
[0.30700722336769104,-0.6801267862319946,0.08016687631607056],[0.03060847520828247,0.02990264818072319,0.03173178806900978],[0.0008477120427414775,0.0010258553083986044,0.001945005264133215,1.0000026226043701],[0.8999999761581421,0.8999999761581421,0.8999999761581421],0.00016191024042200297
[0.26418787240982056,-0.5291712284088135,-0.14559341967105865],[0.03226916491985321,0.03314930200576782,0.031610552221536636],[-0.0003121411136817187,-0.0004886098904535174,-0.00022112899750936776,1.0],[0.8999999761581421,0.8999999761581421,0.8999999761581421],9.126077929977328e-05
[0.2299463301897049,-0.6593644022941589,-0.015587011352181435],[0.030116524547338486,0.031738169491291046,0.02766837552189827],[0.0004251179634593427,0.0024883656296879053,0.00016097226762212813,1.0000041723251343],[0.8999999761581421,0.8999999761581421,0.8999999761581421],0.00027012426289729774
[0.2857285439968109,-0.6940481066703796,0.13280893862247467],[0.03216209635138512,0.03330690413713455,0.03237474337220192],[2.8513011784525588e-05,-6.005596787872491e-06,3.1278643291443586e-05,1.0],[0.8999999761581421,0.8999999761581421,0.8999999761581421],3.7563895602943376e-05
[0.28320661187171936,-0.6233083605766296,0.08455251157283783],[0.029746927320957184,0.03165927529335022,0.03315550088882446],[5.175718979444355e-05,-0.0023225934710353613,0.0007531139999628067,1.000002384185791],[0.8999999761581421,0.8999999761581421,0.8999999761581421],0.00015335775970015675
[0.20154236257076263,-0.49687421321868896,-0.25137290358543396],[0.033608127385377884,0.03254079446196556,0.033057574182748795],[9.610525921743829e-06,4.28476560045965e-05,4.245961463311687e-05,1.0],[0.8999999761581421,0.8999999761581421,0.8999999761581421],7.970636215759441e-05
[0.2851046919822693,-0.4119877517223358,-0.13955330848693848],[0.03153418004512787,0.030860023573040962,0.03286527469754219],[-6.460669101215899e-05,0.00011629306391114369,4.710735083790496e-06,1.0],[0.8999999761581421,0.8999999761581421,0.8999999761581421],4.9164125812239945e-05
[0.13910751044750214,-0.5461481809616089,0.16766421496868134],[0.0326666533946991,0.034085411578416824,0.03293750062584877],[2.716068411245942e-05,3.401115463930182e-05,3.556632873369381e-05,1.0],[0.8999999761581421,0.8999999761581421,0.8999999761581421],2.5817205823841505e-05
[0.14016374945640564,-0.6289551258087158,-0.11199527233839035],[0.03238403797149658,0.033936984837055206,0.032098084688186646],[-7.830221147742122e-05,0.0001088444550987333,-0.00011224018089706078,1.0],[0.8999999761581421,0.8999999761581421,0.8999999761581421],0.00010792816465254873
[0.3745202124118805,-0.46259620785713196,-0.009792090393602848],[0.033675018697977066,0.030907681211829185,0.028512056916952133],[-0.0007000064942985773,0.001468860893510282,-0.0009513775003142655,1.000001072883606],[0.8999999761581421,0.8999999761581421,0.8999999761581421],4.55887166026514e-05
[0.38265377283096313,-0.4352288246154785,-0.07325547933578491],[0.03181547671556473,0.029704276472330093,0.029143409803509712],[-0.0007674017106182873,-0.0012860792921856046,-0.0022989700082689524,1.0000025033950806],[0.8999999761581421,0.8999999761581421,0.8999999761581421],1.0449130058987066e-05
[0.28687071800231934,-0.5406833291053772,-0.13177572190761566],[0.032682955265045166,0.033020444214344025,0.0305921733379364],[9.518169099465013e-05,0.000637331570032984,0.0003200274077244103,1.0],[0.8999999761581421,0.8999999761581421,0.8999999761581421],3.660281072370708e-05
[0.35929179191589355,-0.43108952045440674,-0.10044270008802414],[0.03381006792187691,0.033409081399440765,0.03192694112658501],[-0.00021512714738491923,-2.9934408303233795e-05,-3.9801307138986886e-05,1.0],[0.8999999761581421,0.8999999761581421,0.8999999761581421],5.428539225249551e-05
[0.18404391407966614,-0.26520973443984985,-0.22416847944259644],[0.03265466168522835,0.033029839396476746,0.03150510415434837],[0.00040647786227054894,-4.2505391320446506e-05,0.0002850190212484449,1.0],[0.8999999761581421,0.8999999761581421,0.8999999761581421],5.880472235730849e-05
[0.24827887117862701,-0.35514208674430847,-0.1489887535572052],[0.03420301154255867,0.03380116820335388,0.032167673110961914],[0.0002984984894283116,-0.00029168251785449684,2.460296127537731e-05,1.0],[0.8999999761581421,0.8999999761581421,0.8999999761581421],5.323400182533078e-05
[0.2773574888706207,-0.24839206039905548,-0.12030260264873505],[0.031041264533996582,0.03074110858142376,0.030872028321027756],[-0.0010579568333923817,0.0013502211077138782,0.00037104077637195587,1.0],[0.8999999761581421,0.8999999761581421,0.8999999761581421],4.726683528133435e-06
[0.27993860840797424,-0.2567165493965149,0.0959744080901146],[0.0340731181204319,0.03395301103591919,0.033781975507736206],[3.2123876735568047e-05,-2.698195203265641e-05,1.4254851521400269e-05,1.0],[0.8999999761581421,0.8999999761581421,0.8999999761581421],2.1962203391012736e-05
[0.27298787236213684,-0.1703367978334427,0.039712462574243546],[0.03370710834860802,0.03327719122171402,0.03327442705631256],[0.0001159391031251289,-0.00012115268327761441,3.836188625427894e-06,1.0],[0.8999999761581421,0.8999999761581421,0.8999999761581421],0.00010077033221023157
[0.19445739686489105,-0.12346040457487106,-0.09173697233200073],[0.034508295357227325,0.033187560737133026,0.03357703611254692],[-5.919259365327889e-06,3.560227924026549e-05,4.886905662715435e-05,1.0],[0.8999999761581421,0.8999999761581421,0.8999999761581421],8.898556552594528e-05
[0.19878622889518738,-0.14041687548160553,-0.17862068116664886],[0.03382040560245514,0.03346564248204231,0.03251022845506668],[-2.503209179849364e-05,1.9977915144409053e-05,6.183271761983633e-05,1.0],[0.8999999761581421,0.8999999761581421,0.8999999761581421],5.0230006308993325e-05
[0.24845871329307556,-0.31597068905830383,-0.05339265987277031],[0.03400310128927231,0.03426244482398033,0.033003270626068115],[0.0002776703331619501,-0.00013525830581784248,2.7260068236500956e-05,1.0],[0.8999999761581421,0.8999999761581421,0.8999999761581421],7.92147602624027e-06
[0.20176322758197784,-0.11231696605682373,0.199039027094841],[0.03389887511730194,0.03395487368106842,0.0330120250582695],[-0.00015638167678844184,0.00010588299483060837,-8.808786333247554e-06,1.0],[0.8999999761581421,0.8999999761581421,0.8999999761581421],4.605000140145421e-05
[0.17311139404773712,-0.003800394479185343,0.12365398555994034],[0.03398491442203522,0.03405081853270531,0.03351545333862305],[0.00010747836495283991,-3.275891504017636e-05,2.8969046979909763e-05,1.0],[0.8999999761581421,0.8999999761581421,0.8999999761581421],0.00016539312491659075
[0.3026884198188782,0.40499627590179443,-0.16839757561683655],[0.033460505306720734,0.03345658630132675,0.033442068845033646],[-3.4885224522440694e-06,-2.6932339096674696e-06,2.6875977710005827e-06,1.0],[0.8999999761581421,0.8999999761581421,0.8999999761581421],1.2051635167154018e-05
[0.21586249768733978,0.04243503883481026,-0.2788335084915161],[0.03437642753124237,0.034346312284469604,0.034414906054735184],[-1.678678745520301e-05,-1.56957539729774e-05,-5.3529820434050635e-06,1.0],[0.8999999761581421,0.8999999761581421,0.8999999761581421],1.4848359342067852e-06
[0.2775101065635681,0.1230531856417656,-0.038684580475091934],[0.033162735402584076,0.03439395874738693,0.034076105803251266],[1.917764348036144e-05,-7.717006155871786e-06,5.494552169693634e-05,1.0],[0.8999999761581421,0.8999999761581421,0.8999999761581421],8.144278399413452e-05
[0.11968646943569183,-0.034236252307891846,-0.0378604382276535],[0.03422651067376137,0.03446251153945923,0.03361960127949715],[0.00014257640577852726,-3.7201509258011356e-05,1.1392569831514265e-05,1.0],[0.8999999761581421,0.8999999761581421,0.8999999761581421],8.152417285600677e-05
[0.15432484447956085,0.06328319758176804,0.3401629626750946],[0.03538016974925995,0.03509775549173355,0.03436864912509918],[0.00018718570936471224,-0.00017121518612839282,-5.0789345550583676e-05,1.0],[0.8999999761581421,0.8999999761581421,0.8999999761581421],2.4428150936728343e-05
[0.19077150523662567,0.323208212852478,0.22150889039039612],[0.03370080515742302,0.03320770710706711,0.03284212574362755],[1.5339075616793707e-05,4.197987436782569e-06,-5.206044079386629e-05,1.0],[0.8999999761581421,0.8999999761581421,0.8999999761581421],2.2299395823210943e-06
[0.2911430299282074,0.1170458123087883,-0.3690844178199768],[0.03351173922419548,0.0340205617249012,0.03410603106021881],[2.935507154688821e-06,-6.921481144672725e-06,-2.2572769466933096e-06,1.0],[0.8999999761581421,0.8999999761581421,0.8999999761581421],1.0236282832920551e-05
[0.22919480502605438,0.44648411870002747,0.04032327979803085],[0.03466643765568733,0.034551240503787994,0.03487371280789375],[-0.00014821528748143464,4.1761832108022645e-06,-0.0001379109307890758,1.0],[0.8999999761581421,0.8999999761581421,0.8999999761581421],7.917540642665699e-06
[0.2539494037628174,0.20643381774425507,0.0038921250961720943],[0.035508401691913605,0.03519188612699509,0.03387890011072159],[0.0001988687290577218,0.00024658991605974734,-0.00020749005489051342,1.0],[0.8999999761581421,0.8999999761581421,0.8999999761581421],9.502503962721676e-05
[0.22776465117931366,0.14581818878650665,0.08637230098247528],[0.035077452659606934,0.03472442924976349,0.034306515008211136],[9.85908045549877e-05,0.0001568371953908354,-0.00017211267550010234,1.0],[0.8999999761581421,0.8999999761581421,0.8999999761581421],7.965374970808625e-05
[0.16655990481376648,0.38031962513923645,0.18143582344055176],[0.03452342748641968,0.03470630198717117,0.03386823087930679],[0.00040899368468672037,9.927311475621536e-05,7.295144314412028e-05,1.0],[0.8999999761581421,0.8999999761581421,0.8999999761581421],6.635603313043248e-06
[0.20670098066329956,0.31512272357940674,-0.104407899081707],[0.034609604626894,0.0346471406519413,0.033964622765779495],[5.887309816898778e-05,1.9670665096782614e-06,-4.020935193693731e-06,1.0],[0.8999999761581421,0.8999999761581421,0.8999999761581421],1.0936769285763148e-06
[0.34620100259780884,0.2423228621482849,-0.024131443351507187],[0.034013520926237106,0.03438088670372963,0.03348449617624283],[0.00019885993970092386,1.463516764488304e-05,1.2678978237090632e-05,1.0],[0.8999999761581421,0.8999999761581421,0.8999999761581421],8.47346309456043e-05
[0.2843770980834961,0.3691612482070923,0.13941994309425354],[0.03265095874667168,0.03280063346028328,0.03263302519917488],[-3.42872613146028e-06,-1.7981928124299884e-07,3.5047347068939416e-07,1.0],[0.8999999761581421,0.8999999761581421,0.8999999761581421],1.9077331216976745e-06
[0.42939990758895874,-0.5906884670257568,-0.17486818134784698],[0.03243546932935715,0.03270712122321129,0.033009372651576996],[4.9283487896900624e-05,4.908758000965463e-06,-6.811350613133982e-05,1.0],[0.8999999761581421,0.8999999761581421,0.8999999761581421],4.728408839582698e-06
[0.37957900762557983,-0.6345520615577698,0.07627223432064056],[0.03263610973954201,0.03232862800359726,0.03090042993426323],[-0.0002455166250001639,2.6922829420072958e-05,0.0006401424179784954,1.0],[0.8999999761581421,0.8999999761581421,0.8999999761581421],4.6651490265503526e-05
[0.36541876196861267,-0.5321848392486572,-0.2866998612880707],[0.03309694305062294,0.03245587274432182,0.032033830881118774],[-0.00047622848069295287,0.0006703881081193686,-0.00010051017306977883,1.0],[0.8999999761581421,0.8999999761581421,0.8999999761581421],3.846571053145453e-05
[0.30873221158981323,-0.5195236206054688,-0.21054063737392426],[0.031964000314474106,0.03197149932384491,0.0329783596098423],[2.1273091988405213e-05,0.00010651703632902354,-6.528508674819022e-05,1.0],[0.8999999761581421,0.8999999761581421,0.8999999761581421],6.733982445439324e-05
[0.30037036538124084,-0.6893436908721924,0.08916978538036346],[0.033100858330726624,0.033081166446208954,0.03285980969667435],[-2.0011225387861487e-06,-4.3058853407274e-06,-0.00011228181392652914,1.0],[0.8999999761581421,0.8999999761581421,0.8999999761581421],1.589341445651371e-05
[0.4048926830291748,-0.6424267292022705,-0.20784585177898407],[0.03330952674150467,0.03340039402246475,0.03072516806423664],[-0.00015147404337767512,4.2371884774183854e-05,5.204559420235455e-05,1.0],[0.8999999761581421,0.8999999761581421,0.8999999761581421],6.409193701983895e-06
[0.3740580081939697,-0.47923707962036133,-0.14655928313732147],[0.0323907770216465,0.03162581846117973,0.03341076150536537],[-4.436000745045021e-05,-0.00015885593893472105,1.7164751625386998e-05,1.0],[0.8999999761581421,0.8999999761581421,0.8999999761581421],4.344788612797856e-05
[0.3498164713382721,-0.6414327025413513,0.05201863497495651],[0.03453527018427849,0.030647462233901024,0.032504308968782425],[-0.00011952140630455688,0.0005861501558683813,0.0009269914007745683,1.0000004768371582],[0.8999999761581421,0.8999999761581421,0.8999999761581421],0.000117566974950023
[0.429904580116272,-0.6193097829818726,-0.10846439003944397],[0.03191191703081131,0.030990105122327805,0.03155938908457756],[-2.806914835673524e-06,1.7345086234854534e-05,-5.569142012973316e-05,1.0],[0.8999999761581421,0.8999999761581421,0.8999999761581421],8.3600876678247e-05
[0.24473319947719574,-0.02778964303433895,-0.1134902685880661],[0.03312314301729202,0.03310898691415787,0.032847143709659576],[1.1035981515306048e-06,1.7928359739016742e-06,2.5338204423519528e-08,1.0],[0.8999999761581421,0.8999999761581421,0.8999999761581421],8.03805814939551e-05
[0.36349302530288696,0.27790093421936035,-0.09228967875242233],[0.03344523906707764,0.033570125699043274,0.03298906609416008],[3.669198486022651e-05,5.757151939178584e-06,5.01200611324748e-06,1.0],[0.8999999761581421,0.8999999761581421,0.8999999761581421],2.70769282906258e-06
[0.4248334765434265,0.2759985625743866,0.028155282139778137],[0.03375933691859245,0.03360164165496826,0.033509477972984314],[3.0157365472405218e-05,2.0132909412495792e-05,-1.5976438589859754e-06,1.0],[0.8999999761581421,0.8999999761581421,0.8999999761581421],8.041720138862729e-05
[0.1944570094347,0.24465882778167725,-0.15902943909168243],[0.03432369604706764,0.03406522423028946,0.033685747534036636],[-7.342755452555139e-06,-8.559965863241814e-06,-1.0533957720326725e-05,1.0],[0.8999999761581421,0.8999999761581421,0.8999999761581421],5.336366939445725e-06
